Timestamp,G.Mercury,HighPrice,LowPrice,Timestamp,G.Mercury,HighPrice,LowPrice,Timestamp,G.Mercury,HighPrice,LowPrice,Timestamp,G.Mercury,HighPrice,LowPrice,Timestamp,G.Mercury,HighPrice,LowPrice,Timestamp,G.Mercury,HighPrice,LowPrice,Timestamp,G.Mercury,HighPrice,LowPrice,Timestamp,G.Mercury,HighPrice,LowPrice,Timestamp,G.Mercury,HighPrice,LowPrice,Timestamp,G.Mercury,HighPrice,LowPrice,Timestamp,G.Mercury,HighPrice,LowPrice,Timestamp,G.Mercury,HighPrice,LowPrice,Timestamp,G.Mercury,HighPrice,LowPrice,Timestamp,G.Mercury,HighPrice,LowPrice,Timestamp,G.Mercury,HighPrice,LowPrice,Timestamp,G.Mercury,HighPrice,LowPrice,Timestamp,G.Mercury,HighPrice,LowPrice,Timestamp,G.Mercury,HighPrice,LowPrice,Timestamp,G.Mercury,HighPrice,LowPrice,Timestamp,G.Mercury,HighPrice,LowPrice,Timestamp,G.Mercury,HighPrice,LowPrice,Timestamp,G.Mercury,HighPrice,LowPrice,Timestamp,G.Mercury,HighPrice,LowPrice,Timestamp,G.Mercury,HighPrice,LowPrice
,,,,1926-10-23 12:00,230.061,,,1927-05-16 12:00,50.673,,,1927-10-20 12:00,230.72,,,1927-11-08 12:00,228.848,,,1927-12-02 12:00,230.633,,,1928-05-07 12:00,51.919,,,1928-11-25 12:00,230.662,,,1929-04-28 12:00,50.301,,,1929-11-18 12:00,230.802,,,1930-04-22 12:00,51.142,,,1930-11-11 12:00,231.33,,,1931-06-04 12:00,50.017,,,1931-11-03 12:00,230.14,,,1932-05-29 12:00,51.818,,,1932-10-27 12:00,231.348,,,1933-05-21 12:00,51.728,,,1933-10-21 12:00,230.76,,,1933-11-24 12:00,229.85,,,1933-12-02 12:00,230.166,,,1934-05-12 12:00,50.678,,,1934-11-29 12:00,230.189,,,1935-05-04 12:00,51.779,,,1935-11-23 12:00,231.184,,
,,,,1926-10-24 12:00,231.412,,,1927-05-17 12:00,52.829,,,1927-10-21 12:00,231.574,,,1927-11-09 12:00,227.531,,,1927-12-03 12:00,231.969,,,1928-05-08 12:00,54.074,,,1928-11-26 12:00,232.216,,,1929-04-29 12:00,52.269,,,1929-11-19 12:00,232.399,,,1930-04-23 12:00,52.489,,,1930-11-12 12:00,232.913,,,1931-06-05 12:00,51.401,,,1931-11-04 12:00,231.682,,,1932-05-30 12:00,53.686,,,1932-10-28 12:00,232.788,,,1933-05-22 12:00,53.823,,,1933-10-22 12:00,231.98,,,1933-11-25 12:00,229.259,,,1933-12-03 12:00,230.88,,,1934-05-13 12:00,52.857,,,1934-11-30 12:00,231.653,,,1935-05-05 12:00,53.875,,,1935-11-24 12:00,232.767,,
,,,,1926-10-25 12:00,232.746,,,1927-05-18 12:00,55.0,,,1927-10-22 12:00,232.367,,,1927-11-10 12:00,226.201,,,1927-12-04 12:00,233.334,,,1928-05-09 12:00,56.216,,,1928-11-27 12:00,233.772,,,1929-04-30 12:00,54.194,,,1929-11-20 12:00,233.993,,,1930-04-24 12:00,53.758,,,1930-11-13 12:00,234.491,,,1931-06-06 12:00,52.832,,,1931-11-05 12:00,233.217,,,1932-05-31 12:00,55.591,,,1932-10-29 12:00,234.218,,,1933-05-23 12:00,55.944,,,1933-10-23 12:00,233.173,,,1933-11-26 12:00,228.862,,,1933-12-04 12:00,231.698,,,1934-05-14 12:00,55.041,,,1934-12-01 12:00,233.131,,,1935-05-06 12:00,55.944,,,1935-11-25 12:00,234.348,,
,,,,1926-10-26 12:00,234.062,,,1927-05-19 12:00,57.183,,,1927-10-23 12:00,233.091,,,1927-11-11 12:00,224.903,,,1927-12-05 12:00,234.725,,,1928-05-10 12:00,58.34,,,1928-11-28 12:00,235.331,,,1929-05-01 12:00,56.073,,,1929-11-21 12:00,235.583,,,1930-04-25 12:00,54.946,,,1930-11-14 12:00,236.065,,,1931-06-07 12:00,54.309,,,1931-11-06 12:00,234.746,,,1932-06-01 12:00,57.532,,,1932-10-30 12:00,235.636,,,1933-05-24 12:00,58.086,,,1933-10-24 12:00,234.335,,,1933-11-27 12:00,228.657,,,1933-12-05 12:00,232.607,,,1934-05-15 12:00,57.226,,,1934-12-02 12:00,234.621,,,1935-05-07 12:00,57.983,,,1935-11-26 12:00,235.929,,
,,,,1926-10-27 12:00,235.358,,,1927-05-20 12:00,59.372,,,1927-10-24 12:00,233.738,,,1927-11-12 12:00,223.678,,,1927-12-06 12:00,236.137,,,1928-05-11 12:00,60.44,,,1928-11-29 12:00,236.891,,,1929-05-02 12:00,57.902,,,1929-11-22 12:00,237.17,,,1930-04-26 12:00,56.053,,,1930-11-15 12:00,237.634,,,1931-06-08 12:00,55.833,,,1931-11-07 12:00,236.269,,,1932-06-02 12:00,59.508,,,1932-10-31 12:00,237.041,,,1933-05-25 12:00,60.247,,,1933-10-25 12:00,235.464,,,1933-11-28 12:00,228.637,,,1933-12-06 12:00,233.597,,,1934-05-16 12:00,59.407,,,1934-12-03 12:00,236.121,,,1935-05-08 12:00,59.986,,,1935-11-27 12:00,237.509,,
,,,,1926-10-28 12:00,236.632,,,1927-05-21 12:00,61.565,,,1927-10-25 12:00,234.302,,,1927-11-13 12:00,222.566,,,1927-12-07 12:00,237.567,,,1928-05-12 12:00,62.512,,,1928-11-30 12:00,238.453,,,1929-05-03 12:00,59.679,,,1929-11-23 12:00,238.754,,,1930-04-27 12:00,57.077,,,1930-11-16 12:00,239.199,,,1931-06-09 12:00,57.402,,,1931-11-08 12:00,237.785,,,1932-06-03 12:00,61.519,,,1932-11-01 12:00,238.434,,,1933-05-26 12:00,62.424,,,1933-10-26 12:00,236.555,,,1933-11-29 12:00,228.792,,,1933-12-07 12:00,234.658,,,1934-05-17 12:00,61.58,,,1934-12-04 12:00,237.629,,,1935-05-09 12:00,61.95,,,1935-11-28 12:00,239.087,,
,,,,1926-10-29 12:00,237.882,,,1927-05-22 12:00,63.757,,,1927-10-26 12:00,234.773,,,1927-11-14 12:00,221.598,,,1927-12-08 12:00,239.013,,,1928-05-13 12:00,64.553,,,1928-12-01 12:00,240.016,,,1929-05-04 12:00,61.4,,,1929-11-24 12:00,240.336,,,1930-04-28 12:00,58.016,,,1930-11-17 12:00,240.759,,,1931-06-10 12:00,59.017,,,1931-11-09 12:00,239.294,,,1932-06-04 12:00,63.562,,,1932-11-02 12:00,239.812,,,1933-05-27 12:00,64.613,,,1933-10-27 12:00,237.607,,,1933-11-30 12:00,229.108,,,1933-12-08 12:00,235.779,,,1934-05-18 12:00,63.739,,,1934-12-05 12:00,239.144,,,1935-05-10 12:00,63.872,,,1935-11-29 12:00,240.664,,
,,,,1926-10-30 12:00,239.107,,,1927-05-23 12:00,65.943,,,1927-10-27 12:00,235.141,,,1927-11-15 12:00,220.8,,,1927-12-09 12:00,240.472,,,1928-05-14 12:00,66.558,,,1928-12-02 12:00,241.578,,,1929-05-05 12:00,63.063,,,1929-11-25 12:00,241.915,,,1930-04-29 12:00,58.87,,,1930-11-18 12:00,242.316,,,1931-06-11 12:00,60.677,,,1931-11-10 12:00,240.798,,,1932-06-05 12:00,65.636,,,1932-11-03 12:00,241.175,,,1933-05-28 12:00,66.81,,,1933-10-28 12:00,238.613,,,1933-12-01 12:00,229.571,,,1933-12-09 12:00,236.954,,,1934-05-19 12:00,65.881,,,1934-12-06 12:00,240.666,,,1935-05-11 12:00,65.747,,,1935-11-30 12:00,242.239,,
,,,,1926-10-31 12:00,240.303,,,1927-05-24 12:00,68.118,,,1927-10-28 12:00,235.397,,,1927-11-16 12:00,220.189,,,1927-12-10 12:00,241.943,,,1928-05-15 12:00,68.524,,,1928-12-03 12:00,243.142,,,1929-05-06 12:00,64.667,,,1929-11-26 12:00,243.491,,,1930-04-30 12:00,59.638,,,1930-11-19 12:00,243.87,,,1931-06-12 12:00,62.382,,,1931-11-11 12:00,242.295,,,1932-06-06 12:00,67.738,,,1932-11-04 12:00,242.522,,,1933-05-29 12:00,69.01,,,1933-10-29 12:00,239.568,,,,,,,1933-12-10 12:00,238.174,,,1934-05-20 12:00,68.001,,,1934-12-07 12:00,242.192,,,1935-05-12 12:00,67.575,,,1935-12-01 12:00,243.814,,
,,,,1926-11-01 12:00,241.468,,,1927-05-25 12:00,70.278,,,1927-10-29 12:00,235.53,,,1927-11-17 12:00,219.771,,,1927-12-11 12:00,243.424,,,1928-05-16 12:00,70.449,,,1928-12-04 12:00,244.705,,,1929-05-07 12:00,66.21,,,1929-11-27 12:00,245.066,,,1930-05-01 12:00,60.318,,,1930-11-20 12:00,245.42,,,1931-06-13 12:00,64.131,,,1931-11-12 12:00,243.785,,,1932-06-07 12:00,69.866,,,1932-11-05 12:00,243.85,,,1933-05-30 12:00,71.209,,,1933-10-30 12:00,240.469,,,,,,,1933-12-11 12:00,239.434,,,1934-05-21 12:00,70.094,,,1934-12-08 12:00,243.722,,,1935-05-13 12:00,69.352,,,1935-12-02 12:00,245.387,,
,,,,1926-11-02 12:00,242.598,,,1927-05-26 12:00,72.418,,,1927-10-30 12:00,235.531,,,1927-11-18 12:00,219.549,,,1927-12-12 12:00,244.914,,,1928-05-17 12:00,72.329,,,1928-12-05 12:00,246.269,,,1929-05-08 12:00,67.689,,,1929-11-28 12:00,246.639,,,1930-05-02 12:00,60.909,,,1930-11-21 12:00,246.967,,,1931-06-14 12:00,65.925,,,1931-11-13 12:00,245.268,,,1932-06-08 12:00,72.016,,,1932-11-06 12:00,245.159,,,1933-05-31 12:00,73.402,,,1933-10-31 12:00,241.307,,,,,,,1933-12-12 12:00,240.729,,,1934-05-22 12:00,72.158,,,1934-12-09 12:00,245.256,,,1935-05-14 12:00,71.077,,,1935-12-03 12:00,246.959,,
,,,,1926-11-03 12:00,243.689,,,1927-05-27 12:00,74.535,,,1927-10-31 12:00,235.39,,,1927-11-19 12:00,219.516,,,1927-12-13 12:00,246.411,,,1928-05-18 12:00,74.163,,,1928-12-06 12:00,247.833,,,1929-05-09 12:00,69.105,,,1929-11-29 12:00,248.21,,,1930-05-03 12:00,61.412,,,1930-11-22 12:00,248.511,,,1931-06-15 12:00,67.761,,,1931-11-14 12:00,246.745,,,1932-06-09 12:00,74.184,,,1932-11-07 12:00,246.446,,,1933-06-01 12:00,75.585,,,1933-11-01 12:00,242.076,,,,,,,1933-12-13 12:00,242.053,,,1934-05-23 12:00,74.188,,,1934-12-10 12:00,246.793,,,1935-05-15 12:00,72.747,,,1935-12-04 12:00,248.53,,
,,,,1926-11-04 12:00,244.737,,,1927-05-28 12:00,76.625,,,1927-11-01 12:00,235.097,,,1927-11-20 12:00,219.664,,,1927-12-14 12:00,247.915,,,1928-05-19 12:00,75.949,,,1928-12-07 12:00,249.397,,,1929-05-10 12:00,70.455,,,1929-11-30 12:00,249.779,,,1930-05-04 12:00,61.825,,,1930-11-23 12:00,250.052,,,1931-06-16 12:00,69.64,,,1931-11-15 12:00,248.213,,,1932-06-10 12:00,76.367,,,1932-11-08 12:00,247.709,,,1933-06-02 12:00,77.753,,,1933-11-02 12:00,242.768,,,,,,,1933-12-14 12:00,243.404,,,1934-05-24 12:00,76.181,,,1934-12-11 12:00,248.332,,,1935-05-16 12:00,74.363,,,1935-12-05 12:00,250.101,,
,,,,1926-11-05 12:00,245.737,,,1927-05-29 12:00,78.684,,,1927-11-02 12:00,234.648,,,1927-11-21 12:00,219.98,,,1927-12-15 12:00,249.425,,,1928-05-20 12:00,77.686,,,1928-12-08 12:00,250.962,,,1929-05-11 12:00,71.739,,,1929-12-01 12:00,251.348,,,1930-05-05 12:00,62.149,,,1930-11-24 12:00,251.59,,,1931-06-17 12:00,71.56,,,1931-11-16 12:00,249.674,,,1932-06-11 12:00,78.56,,,1932-11-09 12:00,248.945,,,1933-06-03 12:00,79.902,,,1933-11-03 12:00,243.374,,,,,,,1933-12-15 12:00,244.777,,,1934-05-25 12:00,78.136,,,1934-12-12 12:00,249.874,,,1935-05-17 12:00,75.922,,,1935-12-06 12:00,251.671,,
,,,,1926-11-06 12:00,246.682,,,1927-05-30 12:00,80.71,,,1927-11-03 12:00,234.038,,,1927-11-22 12:00,220.45,,,1927-12-16 12:00,250.939,,,1928-05-21 12:00,79.372,,,1928-12-09 12:00,252.527,,,1929-05-12 12:00,72.956,,,1929-12-02 12:00,252.916,,,1930-05-06 12:00,62.384,,,1930-11-25 12:00,253.125,,,1931-06-18 12:00,73.52,,,1931-11-17 12:00,251.126,,,1932-06-12 12:00,80.759,,,1932-11-10 12:00,250.151,,,1933-06-04 12:00,82.029,,,1933-11-04 12:00,243.885,,,,,,,1933-12-16 12:00,246.17,,,1934-05-26 12:00,80.05,,,1934-12-13 12:00,251.419,,,1935-05-18 12:00,77.424,,,1935-12-07 12:00,253.241,,
,,,,1926-11-07 12:00,247.567,,,1927-05-31 12:00,82.7,,,1927-11-04 12:00,233.269,,,1927-11-23 12:00,221.059,,,1927-12-17 12:00,252.459,,,1928-05-22 12:00,81.007,,,1928-12-10 12:00,254.093,,,1929-05-13 12:00,74.104,,,1929-12-03 12:00,254.483,,,1930-05-07 12:00,62.532,,,1930-11-26 12:00,254.657,,,1931-06-19 12:00,75.517,,,1931-11-18 12:00,252.568,,,1932-06-13 12:00,82.959,,,1932-11-11 12:00,251.323,,,1933-06-05 12:00,84.129,,,1933-11-05 12:00,244.29,,,,,,,1933-12-17 12:00,247.58,,,1934-05-27 12:00,81.921,,,1934-12-14 12:00,252.965,,,1935-05-19 12:00,78.868,,,1935-12-08 12:00,254.811,,
,,,,1926-11-08 12:00,248.384,,,1927-06-01 12:00,84.652,,,1927-11-05 12:00,232.348,,,1927-11-24 12:00,221.792,,,1927-12-18 12:00,253.983,,,1928-05-23 12:00,82.588,,,1928-12-11 12:00,255.66,,,1929-05-14 12:00,75.183,,,1929-12-04 12:00,256.05,,,1930-05-08 12:00,62.593,,,1930-11-27 12:00,256.187,,,1931-06-20 12:00,77.55,,,1931-11-19 12:00,254.0,,,1932-06-14 12:00,85.155,,,1932-11-12 12:00,252.458,,,1933-06-06 12:00,86.201,,,1933-11-06 12:00,244.579,,,,,,,1933-12-18 12:00,249.005,,,1934-05-28 12:00,83.748,,,1934-12-15 12:00,254.514,,,1935-05-20 12:00,80.253,,,1935-12-09 12:00,256.382,,
,,,,1926-11-09 12:00,249.125,,,1927-06-02 12:00,86.565,,,1927-11-06 12:00,231.289,,,1927-11-25 12:00,222.635,,,1927-12-19 12:00,255.511,,,1928-05-24 12:00,84.117,,,1928-12-12 12:00,257.228,,,1929-05-15 12:00,76.191,,,1929-12-05 12:00,257.617,,,1930-05-09 12:00,62.569,,,1930-11-28 12:00,257.713,,,1931-06-21 12:00,79.615,,,1931-11-20 12:00,255.421,,,1932-06-15 12:00,87.344,,,1932-11-13 12:00,253.55,,,1933-06-07 12:00,88.241,,,1933-11-07 12:00,244.74,,,,,,,1933-12-19 12:00,250.443,,,1934-05-29 12:00,85.529,,,1934-12-16 12:00,256.065,,,1935-05-21 12:00,81.578,,,1935-12-10 12:00,257.953,,
,,,,1926-11-10 12:00,249.78,,,1927-06-03 12:00,88.436,,,1927-11-07 12:00,230.113,,,1927-11-26 12:00,223.575,,,1927-12-20 12:00,257.043,,,1928-05-25 12:00,85.592,,,1928-12-13 12:00,258.798,,,1929-05-16 12:00,77.128,,,1929-12-06 12:00,259.184,,,1930-05-10 12:00,62.464,,,1930-11-29 12:00,259.236,,,1931-06-22 12:00,81.71,,,1931-11-21 12:00,256.828,,,1932-06-16 12:00,89.52,,,1932-11-14 12:00,254.594,,,1933-06-08 12:00,90.247,,,1933-11-08 12:00,244.762,,,,,,,1933-12-20 12:00,251.893,,,1934-05-30 12:00,87.265,,,1934-12-17 12:00,257.618,,,1935-05-22 12:00,82.843,,,1935-12-11 12:00,259.525,,
,,,,1926-11-11 12:00,250.34,,,1927-06-04 12:00,90.266,,,,,,,1927-11-27 12:00,224.598,,,1927-12-21 12:00,258.579,,,1928-05-26 12:00,87.012,,,1928-12-14 12:00,260.369,,,1929-05-17 12:00,77.992,,,1929-12-07 12:00,260.751,,,1930-05-11 12:00,62.282,,,1930-11-30 12:00,260.756,,,1931-06-23 12:00,83.83,,,1931-11-22 12:00,258.221,,,1932-06-17 12:00,91.68,,,1932-11-15 12:00,255.584,,,1933-06-09 12:00,92.217,,,1933-11-09 12:00,244.634,,,,,,,1933-12-21 12:00,253.353,,,1934-05-31 12:00,88.954,,,1934-12-18 12:00,259.174,,,1935-05-23 12:00,84.046,,,1935-12-12 12:00,261.099,,
,,,,1926-11-12 12:00,250.794,,,1927-06-05 12:00,92.052,,,,,,,1927-11-28 12:00,225.695,,,1927-12-22 12:00,260.119,,,1928-05-27 12:00,88.377,,,1928-12-15 12:00,261.941,,,1929-05-18 12:00,78.782,,,1929-12-08 12:00,262.318,,,1930-05-12 12:00,62.025,,,1930-12-01 12:00,262.271,,,1931-06-24 12:00,85.973,,,1931-11-23 12:00,259.599,,,1932-06-18 12:00,93.821,,,1932-11-16 12:00,256.513,,,1933-06-10 12:00,94.151,,,1933-11-10 12:00,244.347,,,,,,,1933-12-22 12:00,254.823,,,1934-06-01 12:00,90.595,,,1934-12-19 12:00,260.732,,,1935-05-24 12:00,85.187,,,1935-12-13 12:00,262.673,,
,,,,1926-11-13 12:00,251.129,,,1927-06-06 12:00,93.795,,,,,,,1927-11-29 12:00,226.855,,,1927-12-23 12:00,261.663,,,1928-05-28 12:00,89.686,,,1928-12-16 12:00,263.516,,,1929-05-19 12:00,79.498,,,1929-12-09 12:00,263.886,,,1930-05-13 12:00,61.702,,,1930-12-02 12:00,263.782,,,1931-06-25 12:00,88.133,,,1931-11-24 12:00,260.957,,,1932-06-19 12:00,95.939,,,1932-11-17 12:00,257.373,,,1933-06-11 12:00,96.047,,,1933-11-11 12:00,243.894,,,,,,,1933-12-23 12:00,256.301,,,1934-06-02 12:00,92.188,,,1934-12-20 12:00,262.293,,,1935-05-25 12:00,86.266,,,1935-12-14 12:00,264.25,,
,,,,1926-11-14 12:00,251.335,,,1927-06-07 12:00,95.494,,,,,,,1927-11-30 12:00,228.07,,,1927-12-24 12:00,263.21,,,1928-05-29 12:00,90.938,,,1928-12-17 12:00,265.093,,,1929-05-20 12:00,80.137,,,1929-12-10 12:00,265.454,,,1930-05-14 12:00,61.316,,,1930-12-03 12:00,265.288,,,1931-06-26 12:00,90.306,,,1931-11-25 12:00,262.296,,,1932-06-20 12:00,98.031,,,1932-11-18 12:00,258.155,,,1933-06-12 12:00,97.903,,,1933-11-12 12:00,243.272,,,,,,,1933-12-24 12:00,257.787,,,1934-06-03 12:00,93.733,,,1934-12-21 12:00,263.857,,,1935-05-26 12:00,87.279,,,1935-12-15 12:00,265.828,,
,,,,1926-11-15 12:00,251.398,,,1927-06-08 12:00,97.148,,,,,,,1927-12-01 12:00,229.331,,,1927-12-25 12:00,264.761,,,1928-05-30 12:00,92.133,,,1928-12-18 12:00,266.673,,,1929-05-21 12:00,80.7,,,1929-12-11 12:00,267.024,,,1930-05-15 12:00,60.876,,,1930-12-04 12:00,266.788,,,1931-06-27 12:00,92.487,,,1931-11-26 12:00,263.61,,,1932-06-21 12:00,100.095,,,1932-11-19 12:00,258.849,,,1933-06-13 12:00,99.72,,,1933-11-13 12:00,242.483,,,,,,,1933-12-25 12:00,259.28,,,1934-06-04 12:00,95.229,,,1934-12-22 12:00,265.424,,,1935-05-27 12:00,88.228,,,1935-12-16 12:00,267.409,,
,,,,1926-11-16 12:00,251.308,,,1927-06-09 12:00,98.757,,,,,,,,,,,1927-12-26 12:00,266.316,,,1928-05-31 12:00,93.269,,,1928-12-19 12:00,268.255,,,1929-05-22 12:00,81.185,,,1929-12-12 12:00,268.593,,,1930-05-16 12:00,60.39,,,1930-12-05 12:00,268.282,,,1931-06-28 12:00,94.672,,,1931-11-27 12:00,264.897,,,1932-06-22 12:00,102.13,,,1932-11-20 12:00,259.444,,,1933-06-14 12:00,101.497,,,1933-11-14 12:00,241.535,,,,,,,1933-12-26 12:00,260.779,,,1934-06-05 12:00,96.675,,,1934-12-23 12:00,266.994,,,1935-05-28 12:00,89.11,,,1935-12-17 12:00,268.991,,
,,,,1926-11-17 12:00,251.054,,,1927-06-10 12:00,100.32,,,,,,,,,,,1927-12-27 12:00,267.875,,,1928-06-01 12:00,94.346,,,1928-12-20 12:00,269.84,,,1929-05-23 12:00,81.592,,,1929-12-13 12:00,270.164,,,1930-05-17 12:00,59.867,,,1930-12-06 12:00,269.767,,,1931-06-29 12:00,96.856,,,1931-11-28 12:00,266.153,,,1932-06-23 12:00,104.133,,,1932-11-21 12:00,259.928,,,1933-06-15 12:00,103.234,,,1933-11-15 12:00,240.443,,,,,,,1933-12-27 12:00,262.286,,,1934-06-06 12:00,98.072,,,1934-12-24 12:00,268.568,,,1935-05-29 12:00,89.924,,,1935-12-18 12:00,270.577,,
,,,,1926-11-18 12:00,250.628,,,1927-06-11 12:00,101.838,,,,,,,,,,,1927-12-28 12:00,269.439,,,1928-06-02 12:00,95.363,,,1928-12-21 12:00,271.429,,,1929-05-24 12:00,81.919,,,1929-12-14 12:00,271.735,,,1930-05-18 12:00,59.315,,,1930-12-07 12:00,271.243,,,1931-06-30 12:00,99.034,,,1931-11-29 12:00,267.374,,,1932-06-24 12:00,106.104,,,1932-11-22 12:00,260.289,,,1933-06-16 12:00,104.93,,,1933-11-16 12:00,239.231,,,,,,,1933-12-28 12:00,263.798,,,1934-06-07 12:00,99.418,,,1934-12-25 12:00,270.146,,,1935-05-30 12:00,90.67,,,1935-12-19 12:00,272.164,,
,,,,1926-11-19 12:00,250.027,,,1927-06-12 12:00,103.31,,,,,,,,,,,1927-12-29 12:00,271.007,,,1928-06-03 12:00,96.317,,,1928-12-22 12:00,273.021,,,1929-05-25 12:00,82.168,,,1929-12-15 12:00,273.306,,,1930-05-19 12:00,58.745,,,1930-12-08 12:00,272.708,,,1931-07-01 12:00,101.202,,,1931-11-30 12:00,268.553,,,1932-06-25 12:00,108.041,,,1932-11-23 12:00,260.514,,,1933-06-17 12:00,106.584,,,1933-11-17 12:00,237.933,,,,,,,1933-12-29 12:00,265.316,,,1934-06-08 12:00,100.713,,,1934-12-26 12:00,271.728,,,1935-05-31 12:00,91.345,,,1935-12-20 12:00,273.755,,
,,,,1926-11-20 12:00,249.252,,,1927-06-13 12:00,104.736,,,,,,,,,,,1927-12-30 12:00,272.579,,,1928-06-04 12:00,97.209,,,1928-12-23 12:00,274.616,,,1929-05-26 12:00,82.337,,,1929-12-16 12:00,274.877,,,1930-05-20 12:00,58.167,,,1930-12-09 12:00,274.16,,,1931-07-02 12:00,103.357,,,1931-12-01 12:00,269.686,,,1932-06-26 12:00,109.944,,,1932-11-24 12:00,260.59,,,1933-06-18 12:00,108.198,,,1933-11-18 12:00,236.585,,,,,,,1933-12-30 12:00,266.84,,,1934-06-09 12:00,101.956,,,1934-12-27 12:00,273.314,,,1935-06-01 12:00,91.949,,,1935-12-21 12:00,275.348,,
,,,,1926-11-21 12:00,248.311,,,1927-06-14 12:00,106.114,,,,,,,,,,,1927-12-31 12:00,274.157,,,1928-06-05 12:00,98.036,,,1928-12-24 12:00,276.216,,,1929-05-27 12:00,82.428,,,1929-12-17 12:00,276.448,,,1930-05-21 12:00,57.592,,,1930-12-10 12:00,275.597,,,1931-07-03 12:00,105.494,,,1931-12-02 12:00,270.765,,,1932-06-27 12:00,111.812,,,1932-11-25 12:00,260.504,,,1933-06-19 12:00,109.77,,,1933-11-19 12:00,235.233,,,,,,,1933-12-31 12:00,268.37,,,1934-06-10 12:00,103.146,,,1934-12-28 12:00,274.904,,,1935-06-02 12:00,92.48,,,1935-12-22 12:00,276.944,,
,,,,1926-11-22 12:00,247.22,,,1927-06-15 12:00,107.445,,,,,,,,,,,1928-01-01 12:00,275.739,,,1928-06-06 12:00,98.798,,,1928-12-25 12:00,277.819,,,1929-05-28 12:00,82.441,,,1929-12-18 12:00,278.017,,,1930-05-22 12:00,57.028,,,1930-12-11 12:00,277.016,,,1931-07-04 12:00,107.612,,,1931-12-03 12:00,271.782,,,1932-06-28 12:00,113.644,,,1932-11-26 12:00,260.246,,,1933-06-20 12:00,111.3,,,1933-11-20 12:00,233.921,,,,,,,1934-01-01 12:00,269.906,,,1934-06-11 12:00,104.283,,,1934-12-29 12:00,276.5,,,1935-06-03 12:00,92.937,,,1935-12-23 12:00,278.543,,
,,,,1926-11-23 12:00,246.003,,,1927-06-16 12:00,108.727,,,,,,,,,,,1928-01-02 12:00,277.327,,,1928-06-07 12:00,99.493,,,1928-12-26 12:00,279.427,,,1929-05-29 12:00,82.379,,,1929-12-19 12:00,279.586,,,1930-05-23 12:00,56.485,,,1930-12-12 12:00,278.413,,,1931-07-05 12:00,109.707,,,1931-12-04 12:00,272.729,,,1932-06-29 12:00,115.442,,,1932-11-27 12:00,259.809,,,1933-06-21 12:00,112.789,,,1933-11-21 12:00,232.692,,,,,,,1934-01-02 12:00,271.447,,,1934-06-12 12:00,105.365,,,1934-12-30 12:00,278.1,,,1935-06-04 12:00,93.318,,,1935-12-24 12:00,280.144,,
,,,,1926-11-24 12:00,244.694,,,1927-06-17 12:00,109.96,,,,,,,,,,,1928-01-03 12:00,278.921,,,1928-06-08 12:00,100.118,,,1928-12-27 12:00,281.039,,,1929-05-30 12:00,82.244,,,1929-12-20 12:00,281.152,,,1930-05-24 12:00,55.973,,,1930-12-13 12:00,279.786,,,1931-07-06 12:00,111.777,,,1931-12-05 12:00,273.595,,,1932-06-30 12:00,117.204,,,1932-11-28 12:00,259.188,,,1933-06-22 12:00,114.235,,,1933-11-22 12:00,231.585,,,,,,,1934-01-03 12:00,272.995,,,1934-06-13 12:00,106.39,,,1934-12-31 12:00,279.706,,,1935-06-05 12:00,93.624,,,1935-12-25 12:00,281.747,,
,,,,1926-11-25 12:00,243.333,,,1927-06-18 12:00,111.144,,,,,,,,,,,1928-01-04 12:00,280.521,,,1928-06-09 12:00,100.674,,,1928-12-28 12:00,282.654,,,1929-05-31 12:00,82.038,,,1929-12-21 12:00,282.714,,,1930-05-25 12:00,55.501,,,1930-12-14 12:00,281.129,,,1931-07-07 12:00,113.82,,,1931-12-06 12:00,274.369,,,1932-07-01 12:00,118.931,,,1932-11-29 12:00,258.387,,,1933-06-23 12:00,115.638,,,1933-11-23 12:00,230.63,,,,,,,1934-01-04 12:00,274.548,,,1934-06-14 12:00,107.359,,,1935-01-01 12:00,281.317,,,1935-06-06 12:00,93.853,,,1935-12-26 12:00,283.353,,
,,,,1926-11-26 12:00,241.965,,,1927-06-19 12:00,112.276,,,,,,,,,,,1928-01-05 12:00,282.127,,,1928-06-10 12:00,101.158,,,1928-12-29 12:00,284.274,,,1929-06-01 12:00,81.767,,,1929-12-22 12:00,284.272,,,1930-05-26 12:00,55.074,,,1930-12-15 12:00,282.438,,,1931-07-08 12:00,115.835,,,1931-12-07 12:00,275.038,,,1932-07-02 12:00,120.622,,,1932-11-30 12:00,257.416,,,1933-06-24 12:00,116.997,,,,,,,,,,,1934-01-05 12:00,276.107,,,1934-06-15 12:00,108.268,,,1935-01-02 12:00,282.934,,,1935-06-07 12:00,94.006,,,1935-12-27 12:00,284.96,,
,,,,1926-11-27 12:00,240.636,,,1927-06-20 12:00,113.356,,,,,,,,,,,1928-01-06 12:00,283.739,,,1928-06-11 12:00,101.569,,,1928-12-30 12:00,285.898,,,1929-06-02 12:00,81.434,,,1929-12-23 12:00,285.823,,,1930-05-27 12:00,54.701,,,1930-12-16 12:00,283.706,,,1931-07-09 12:00,117.822,,,1931-12-08 12:00,275.591,,,1932-07-03 12:00,122.277,,,1932-12-01 12:00,256.293,,,1933-06-25 12:00,118.313,,,,,,,,,,,1934-01-06 12:00,277.673,,,1934-06-16 12:00,109.117,,,1935-01-03 12:00,284.557,,,1935-06-08 12:00,94.082,,,1935-12-28 12:00,286.568,,
,,,,1926-11-28 12:00,239.389,,,1927-06-21 12:00,114.382,,,,,,,,,,,1928-01-07 12:00,285.358,,,1928-06-12 12:00,101.907,,,1928-12-31 12:00,287.526,,,1929-06-03 12:00,81.045,,,1929-12-24 12:00,287.367,,,1930-05-28 12:00,54.386,,,1930-12-17 12:00,284.927,,,1931-07-10 12:00,119.778,,,1931-12-09 12:00,276.011,,,1932-07-04 12:00,123.897,,,1932-12-02 12:00,255.047,,,1933-06-26 12:00,119.583,,,,,,,,,,,1934-01-07 12:00,279.245,,,1934-06-17 12:00,109.905,,,1935-01-04 12:00,286.186,,,1935-06-09 12:00,94.082,,,1935-12-29 12:00,288.176,,
,,,,1926-11-29 12:00,238.265,,,1927-06-22 12:00,115.354,,,,,,,,,,,1928-01-08 12:00,286.983,,,1928-06-13 12:00,102.169,,,1929-01-01 12:00,289.157,,,1929-06-04 12:00,80.608,,,1929-12-25 12:00,288.9,,,1930-05-29 12:00,54.135,,,1930-12-18 12:00,286.093,,,1931-07-11 12:00,121.704,,,1931-12-10 12:00,276.286,,,1932-07-05 12:00,125.48,,,1932-12-03 12:00,253.714,,,1933-06-27 12:00,120.808,,,,,,,,,,,1934-01-08 12:00,280.824,,,1934-06-18 12:00,110.628,,,1935-01-05 12:00,287.821,,,1935-06-10 12:00,94.008,,,1935-12-30 12:00,289.783,,
,,,,1926-11-30 12:00,237.292,,,1927-06-23 12:00,116.269,,,,,,,,,,,1928-01-09 12:00,288.616,,,1928-06-14 12:00,102.356,,,1929-01-02 12:00,290.791,,,1929-06-05 12:00,80.129,,,1929-12-26 12:00,290.42,,,1930-05-30 12:00,53.951,,,1930-12-19 12:00,287.195,,,1931-07-12 12:00,123.598,,,1931-12-11 12:00,276.4,,,1932-07-06 12:00,127.028,,,1932-12-04 12:00,252.336,,,1933-06-28 12:00,121.986,,,,,,,,,,,1934-01-09 12:00,282.41,,,1934-06-19 12:00,111.286,,,1935-01-06 12:00,289.463,,,1935-06-11 12:00,93.861,,,,,,
,,,,1926-12-01 12:00,236.494,,,1927-06-24 12:00,117.127,,,,,,,,,,,1928-01-10 12:00,290.256,,,1928-06-15 12:00,102.466,,,1929-01-03 12:00,292.428,,,1929-06-06 12:00,79.616,,,1929-12-27 12:00,291.925,,,1930-05-31 12:00,53.838,,,1930-12-20 12:00,288.223,,,1931-07-13 12:00,125.462,,,1931-12-12 12:00,276.341,,,1932-07-07 12:00,128.539,,,1932-12-05 12:00,250.961,,,1933-06-29 12:00,123.116,,,,,,,,,,,1934-01-10 12:00,284.004,,,1934-06-20 12:00,111.877,,,1935-01-07 12:00,291.11,,,1935-06-12 12:00,93.644,,,,,,
,,,,1926-12-02 12:00,235.883,,,1927-06-25 12:00,117.925,,,,,,,,,,,1928-01-11 12:00,291.904,,,1928-06-16 12:00,102.501,,,1929-01-04 12:00,294.066,,,1929-06-07 12:00,79.078,,,1929-12-28 12:00,293.409,,,1930-06-01 12:00,53.796,,,1930-12-21 12:00,289.166,,,1931-07-14 12:00,127.294,,,1931-12-13 12:00,276.098,,,1932-07-08 12:00,130.013,,,1932-12-06 12:00,249.635,,,1933-06-30 12:00,124.197,,,,,,,,,,,1934-01-11 12:00,285.604,,,1934-06-21 12:00,112.399,,,1935-01-08 12:00,292.763,,,1935-06-13 12:00,93.361,,,,,,
,,,,1926-12-03 12:00,235.465,,,1927-06-26 12:00,118.661,,,,,,,,,,,1928-01-12 12:00,293.559,,,1928-06-17 12:00,102.461,,,1929-01-05 12:00,295.705,,,1929-06-08 12:00,78.525,,,1929-12-29 12:00,294.87,,,1930-06-02 12:00,53.828,,,1930-12-22 12:00,290.01,,,1931-07-15 12:00,129.095,,,1931-12-14 12:00,275.663,,,1932-07-09 12:00,131.451,,,1932-12-07 12:00,248.401,,,1933-07-01 12:00,125.228,,,,,,,,,,,1934-01-12 12:00,287.213,,,1934-06-22 12:00,112.85,,,1935-01-09 12:00,294.422,,,1935-06-14 12:00,93.017,,,,,,
,,,,1926-12-04 12:00,235.236,,,1927-06-27 12:00,119.334,,,,,,,,,,,1928-01-13 12:00,295.221,,,1928-06-18 12:00,102.347,,,1929-01-06 12:00,297.344,,,1929-06-09 12:00,77.965,,,1929-12-30 12:00,296.302,,,1930-06-03 12:00,53.935,,,1930-12-23 12:00,290.744,,,1931-07-16 12:00,130.865,,,1931-12-15 12:00,275.036,,,1932-07-10 12:00,132.851,,,1932-12-08 12:00,247.295,,,1933-07-02 12:00,126.206,,,,,,,,,,,1934-01-13 12:00,288.829,,,1934-06-23 12:00,113.229,,,1935-01-10 12:00,296.087,,,1935-06-15 12:00,92.616,,,,,,
,,,,1926-12-05 12:00,235.189,,,1927-06-28 12:00,119.942,,,,,,,,,,,1928-01-14 12:00,296.891,,,1928-06-19 12:00,102.161,,,1929-01-07 12:00,298.981,,,1929-06-10 12:00,77.409,,,1929-12-31 12:00,297.699,,,1930-06-04 12:00,54.117,,,1930-12-24 12:00,291.351,,,1931-07-17 12:00,132.603,,,1931-12-16 12:00,274.22,,,1932-07-11 12:00,134.213,,,1932-12-09 12:00,246.346,,,1933-07-03 12:00,127.131,,,,,,,,,,,1934-01-14 12:00,290.453,,,1934-06-24 12:00,113.533,,,1935-01-11 12:00,297.756,,,1935-06-16 12:00,92.166,,,,,,
,,,,1926-12-06 12:00,235.314,,,1927-06-29 12:00,120.482,,,,,,,,,,,1928-01-15 12:00,298.569,,,1928-06-20 12:00,101.905,,,1929-01-08 12:00,300.614,,,1929-06-11 12:00,76.865,,,1930-01-01 12:00,299.055,,,1930-06-05 12:00,54.373,,,1930-12-25 12:00,291.818,,,1931-07-18 12:00,134.309,,,1931-12-17 12:00,273.23,,,1932-07-12 12:00,135.536,,,1932-12-10 12:00,245.572,,,1933-07-04 12:00,128.0,,,,,,,,,,,1934-01-15 12:00,292.086,,,1934-06-25 12:00,113.763,,,1935-01-12 12:00,299.431,,,1935-06-17 12:00,91.673,,,,,,
,,,,1926-12-07 12:00,235.598,,,1927-06-30 12:00,120.953,,,,,,,,,,,1928-01-16 12:00,300.254,,,1928-06-21 12:00,101.585,,,1929-01-09 12:00,302.242,,,1929-06-12 12:00,76.343,,,1930-01-02 12:00,300.361,,,1930-06-06 12:00,54.704,,,1930-12-26 12:00,292.128,,,1931-07-19 12:00,135.984,,,1931-12-18 12:00,272.088,,,1932-07-13 12:00,136.82,,,1932-12-11 12:00,244.983,,,1933-07-05 12:00,128.812,,,,,,,,,,,1934-01-16 12:00,293.727,,,1934-06-26 12:00,113.916,,,1935-01-13 12:00,301.11,,,1935-06-18 12:00,91.145,,,,,,
,,,,1926-12-08 12:00,236.027,,,1927-07-01 12:00,121.352,,,,,,,,,,,1928-01-17 12:00,301.946,,,1928-06-22 12:00,101.204,,,1929-01-10 12:00,303.861,,,1929-06-13 12:00,75.853,,,1930-01-03 12:00,301.609,,,1930-06-07 12:00,55.107,,,1930-12-27 12:00,292.268,,,1931-07-20 12:00,137.628,,,1931-12-19 12:00,270.826,,,1932-07-14 12:00,138.064,,,1932-12-12 12:00,244.582,,,1933-07-06 12:00,129.565,,,,,,,,,,,1934-01-17 12:00,295.378,,,1934-06-27 12:00,113.993,,,1935-01-14 12:00,302.791,,,1935-06-19 12:00,90.592,,,,,,
,,,,1926-12-09 12:00,236.585,,,1927-07-02 12:00,121.678,,,,,,,,,,,1928-01-18 12:00,303.645,,,1928-06-23 12:00,100.767,,,1929-01-11 12:00,305.468,,,1929-06-14 12:00,75.401,,,1930-01-04 12:00,302.789,,,1930-06-08 12:00,55.583,,,1930-12-28 12:00,292.225,,,1931-07-21 12:00,139.241,,,1931-12-20 12:00,269.484,,,1932-07-15 12:00,139.266,,,1932-12-13 12:00,244.365,,,1933-07-07 12:00,130.256,,,,,,,,,,,1934-01-18 12:00,297.037,,,1934-06-28 12:00,113.992,,,1935-01-15 12:00,304.475,,,1935-06-20 12:00,90.021,,,,,,
,,,,1926-12-10 12:00,237.26,,,1927-07-03 12:00,121.929,,,,,,,,,,,1928-01-19 12:00,305.35,,,1928-06-24 12:00,100.282,,,1929-01-12 12:00,307.061,,,1929-06-15 12:00,74.996,,,1930-01-05 12:00,303.89,,,1930-06-09 12:00,56.13,,,1930-12-29 12:00,291.989,,,1931-07-22 12:00,140.822,,,1931-12-21 12:00,268.106,,,1932-07-16 12:00,140.426,,,1932-12-14 12:00,244.324,,,1933-07-08 12:00,130.883,,,,,,,,,,,1934-01-19 12:00,298.705,,,1934-06-29 12:00,113.915,,,1935-01-16 12:00,306.16,,,1935-06-21 12:00,89.445,,,,,,
,,,,1926-12-11 12:00,238.038,,,1927-07-04 12:00,122.103,,,,,,,,,,,1928-01-20 12:00,307.061,,,1928-06-25 12:00,99.756,,,1929-01-13 12:00,308.634,,,1929-06-16 12:00,74.645,,,1930-01-06 12:00,304.899,,,1930-06-10 12:00,56.747,,,1930-12-30 12:00,291.556,,,1931-07-23 12:00,142.372,,,1931-12-22 12:00,266.738,,,1932-07-17 12:00,141.542,,,1932-12-15 12:00,244.447,,,1933-07-09 12:00,131.444,,,,,,,,,,,1934-01-20 12:00,300.382,,,1934-06-30 12:00,113.763,,,1935-01-17 12:00,307.844,,,1935-06-22 12:00,88.871,,,,,,
,,,,1926-12-12 12:00,238.907,,,1927-07-05 12:00,122.2,,,,,,,,,,,1928-01-21 12:00,308.776,,,1928-06-26 12:00,99.197,,,1929-01-14 12:00,310.184,,,1929-06-17 12:00,74.353,,,1930-01-07 12:00,305.803,,,1930-06-11 12:00,57.432,,,1930-12-31 12:00,290.926,,,1931-07-24 12:00,143.891,,,1931-12-23 12:00,265.426,,,1932-07-18 12:00,142.614,,,1932-12-16 12:00,244.722,,,1933-07-10 12:00,131.936,,,,,,,,,,,1934-01-21 12:00,302.069,,,1934-07-01 12:00,113.538,,,1935-01-18 12:00,309.525,,,1935-06-23 12:00,88.31,,,,,,
,,,,1926-12-13 12:00,239.856,,,1927-07-06 12:00,122.219,,,,,,,,,,,1928-01-22 12:00,310.494,,,1928-06-27 12:00,98.615,,,1929-01-15 12:00,311.703,,,1929-06-18 12:00,74.127,,,1930-01-08 12:00,306.588,,,1930-06-12 12:00,58.184,,,1931-01-01 12:00,290.108,,,1931-07-25 12:00,145.377,,,1931-12-24 12:00,264.209,,,1932-07-19 12:00,143.638,,,1932-12-17 12:00,245.134,,,1933-07-11 12:00,132.358,,,,,,,,,,,1934-01-22 12:00,303.765,,,1934-07-02 12:00,113.242,,,1935-01-19 12:00,311.201,,,1935-06-24 12:00,87.771,,,,,,
,,,,1926-12-14 12:00,240.875,,,1927-07-07 12:00,122.16,,,,,,,,,,,1928-01-23 12:00,312.215,,,1928-06-28 12:00,98.018,,,1929-01-16 12:00,313.185,,,1929-06-19 12:00,73.968,,,1930-01-09 12:00,307.239,,,1930-06-13 12:00,59.002,,,1931-01-02 12:00,289.12,,,1931-07-26 12:00,146.832,,,1931-12-25 12:00,263.121,,,1932-07-20 12:00,144.615,,,1932-12-18 12:00,245.671,,,1933-07-12 12:00,132.708,,,,,,,,,,,1934-01-23 12:00,305.471,,,1934-07-03 12:00,112.879,,,1935-01-20 12:00,312.869,,,1935-06-25 12:00,87.264,,,,,,
,,,,1926-12-15 12:00,241.956,,,1927-07-08 12:00,122.022,,,,,,,,,,,1928-01-24 12:00,313.935,,,1928-06-29 12:00,97.418,,,1929-01-17 12:00,314.623,,,1929-06-20 12:00,73.883,,,1930-01-10 12:00,307.74,,,1930-06-14 12:00,59.884,,,1931-01-03 12:00,287.985,,,1931-07-27 12:00,148.254,,,1931-12-26 12:00,262.186,,,1932-07-21 12:00,145.541,,,1932-12-19 12:00,246.319,,,1933-07-13 12:00,132.982,,,,,,,,,,,1934-01-24 12:00,307.186,,,1934-07-04 12:00,112.454,,,1935-01-21 12:00,314.525,,,1935-06-26 12:00,86.798,,,,,,
,,,,1926-12-16 12:00,243.09,,,1927-07-09 12:00,121.808,,,,,,,,,,,1928-01-25 12:00,315.654,,,1928-06-30 12:00,96.825,,,1929-01-18 12:00,316.009,,,1929-06-21 12:00,73.872,,,1930-01-11 12:00,308.077,,,1930-06-15 12:00,60.829,,,1931-01-04 12:00,286.739,,,1931-07-28 12:00,149.643,,,1931-12-27 12:00,261.42,,,1932-07-22 12:00,146.415,,,1932-12-20 12:00,247.067,,,1933-07-14 12:00,133.179,,,,,,,,,,,1934-01-25 12:00,308.91,,,1934-07-05 12:00,111.973,,,1935-01-22 12:00,316.166,,,1935-06-27 12:00,86.381,,,,,,
,,,,1926-12-17 12:00,244.27,,,1927-07-10 12:00,121.519,,,,,,,,,,,1928-01-26 12:00,317.369,,,1928-07-01 12:00,96.248,,,1929-01-19 12:00,317.331,,,1929-06-22 12:00,73.938,,,1930-01-12 12:00,308.237,,,1930-06-16 12:00,61.836,,,1931-01-05 12:00,285.421,,,1931-07-29 12:00,150.999,,,1931-12-28 12:00,260.829,,,1932-07-23 12:00,147.235,,,1932-12-21 12:00,247.902,,,1933-07-15 12:00,133.298,,,,,,,,,,,1934-01-26 12:00,310.643,,,1934-07-06 12:00,111.443,,,1935-01-23 12:00,317.787,,,1935-06-28 12:00,86.019,,,,,,
,,,,1926-12-18 12:00,245.492,,,1927-07-11 12:00,121.16,,,,,,,,,,,1928-01-27 12:00,319.076,,,1928-07-02 12:00,95.698,,,1929-01-20 12:00,318.58,,,1929-06-23 12:00,74.083,,,1930-01-13 12:00,308.21,,,1930-06-17 12:00,62.904,,,1931-01-06 12:00,284.073,,,1931-07-30 12:00,152.321,,,1931-12-29 12:00,260.414,,,1932-07-24 12:00,147.998,,,1932-12-22 12:00,248.814,,,1933-07-16 12:00,133.337,,,,,,,,,,,1934-01-27 12:00,312.384,,,1934-07-07 12:00,110.871,,,1935-01-24 12:00,319.382,,,1935-06-29 12:00,85.719,,,,,,
,,,,1926-12-19 12:00,246.75,,,1927-07-12 12:00,120.733,,,,,,,,,,,1928-01-28 12:00,320.771,,,1928-07-03 12:00,95.185,,,1929-01-21 12:00,319.743,,,1929-06-24 12:00,74.307,,,1930-01-14 12:00,307.989,,,1930-06-18 12:00,64.032,,,1931-01-07 12:00,282.74,,,1931-07-31 12:00,153.608,,,1931-12-30 12:00,260.173,,,1932-07-25 12:00,148.701,,,1932-12-23 12:00,249.795,,,1933-07-17 12:00,133.295,,,,,,,,,,,1934-01-28 12:00,314.132,,,1934-07-08 12:00,110.267,,,1935-01-25 12:00,320.945,,,1935-06-30 12:00,85.487,,,,,,
,,,,1926-12-20 12:00,248.039,,,1927-07-13 12:00,120.244,,,,,,,,,,,1928-01-29 12:00,322.452,,,1928-07-04 12:00,94.717,,,1929-01-22 12:00,320.808,,,1929-06-25 12:00,74.61,,,1930-01-15 12:00,307.572,,,1930-06-19 12:00,65.219,,,1931-01-08 12:00,281.464,,,1931-08-01 12:00,154.859,,,1931-12-31 12:00,260.095,,,1932-07-26 12:00,149.343,,,1932-12-24 12:00,250.836,,,1933-07-18 12:00,133.171,,,,,,,,,,,1934-01-29 12:00,315.888,,,1934-07-09 12:00,109.64,,,1935-01-26 12:00,322.469,,,1935-07-01 12:00,85.328,,,,,,
,,,,1926-12-21 12:00,249.355,,,1927-07-14 12:00,119.7,,,,,,,,,,,1928-01-30 12:00,324.112,,,1928-07-05 12:00,94.303,,,1929-01-23 12:00,321.76,,,1929-06-26 12:00,74.992,,,1930-01-16 12:00,306.962,,,1930-06-20 12:00,66.463,,,1931-01-09 12:00,280.279,,,1931-08-02 12:00,156.074,,,1932-01-01 12:00,260.171,,,1932-07-27 12:00,149.921,,,1932-12-25 12:00,251.93,,,1933-07-19 12:00,132.968,,,,,,,,,,,1934-01-30 12:00,317.649,,,1934-07-10 12:00,109.0,,,1935-01-27 12:00,323.945,,,1935-07-02 12:00,85.244,,,,,,
,,,,1926-12-22 12:00,250.695,,,1927-07-15 12:00,119.109,,,,,,,,,,,1928-01-31 12:00,325.746,,,1928-07-06 12:00,93.95,,,1929-01-24 12:00,322.587,,,1929-06-27 12:00,75.454,,,1930-01-17 12:00,306.172,,,1930-06-21 12:00,67.766,,,1931-01-10 12:00,279.215,,,1931-08-03 12:00,157.251,,,1932-01-02 12:00,260.39,,,1932-07-28 12:00,150.431,,,1932-12-26 12:00,253.071,,,1933-07-20 12:00,132.685,,,,,,,,,,,1934-01-31 12:00,319.415,,,1934-07-11 12:00,108.359,,,1935-01-28 12:00,325.364,,,1935-07-03 12:00,85.24,,,,,,
,,,,1926-12-23 12:00,252.057,,,1927-07-16 12:00,118.48,,,,,,,,,,,1928-02-01 12:00,327.348,,,1928-07-07 12:00,93.665,,,1929-01-25 12:00,323.273,,,1929-06-28 12:00,75.994,,,1930-01-18 12:00,305.219,,,1930-06-22 12:00,69.125,,,1931-01-11 12:00,278.292,,,1931-08-04 12:00,158.389,,,1932-01-03 12:00,260.738,,,1932-07-29 12:00,150.87,,,1932-12-27 12:00,254.253,,,1933-07-21 12:00,132.325,,,,,,,,,,,1934-02-01 12:00,321.183,,,1934-07-12 12:00,107.727,,,1935-01-29 12:00,326.716,,,1935-07-04 12:00,85.317,,,,,,
,,,,1926-12-24 12:00,253.437,,,1927-07-17 12:00,117.822,,,,,,,,,,,1928-02-02 12:00,328.909,,,1928-07-08 12:00,93.454,,,1929-01-26 12:00,323.805,,,1929-06-29 12:00,76.611,,,1930-01-19 12:00,304.131,,,1930-06-23 12:00,70.541,,,1931-01-12 12:00,277.525,,,1931-08-05 12:00,159.487,,,1932-01-04 12:00,261.205,,,1932-07-30 12:00,151.236,,,1932-12-28 12:00,255.471,,,1933-07-22 12:00,131.891,,,,,,,,,,,1934-02-02 12:00,322.953,,,1934-07-13 12:00,107.116,,,1935-01-30 12:00,327.99,,,1935-07-05 12:00,85.477,,,,,,
,,,,1926-12-25 12:00,254.835,,,1927-07-18 12:00,117.146,,,,,,,,,,,1928-02-03 12:00,330.422,,,1928-07-09 12:00,93.322,,,1929-01-27 12:00,324.171,,,1929-06-30 12:00,77.306,,,1930-01-20 12:00,302.94,,,1930-06-24 12:00,72.012,,,1931-01-13 12:00,276.92,,,1931-08-06 12:00,160.542,,,1932-01-05 12:00,261.778,,,1932-07-31 12:00,151.526,,,1932-12-29 12:00,256.722,,,1933-07-23 12:00,131.389,,,,,,,,,,,1934-02-03 12:00,324.721,,,1934-07-14 12:00,106.536,,,1935-01-31 12:00,329.174,,,1935-07-06 12:00,85.722,,,,,,
,,,,1926-12-26 12:00,256.247,,,1927-07-19 12:00,116.464,,,,,,,,,,,1928-02-04 12:00,331.876,,,1928-07-10 12:00,93.272,,,1929-01-28 12:00,324.361,,,1929-07-01 12:00,78.077,,,1930-01-21 12:00,301.681,,,1930-06-25 12:00,73.538,,,1931-01-14 12:00,276.477,,,1931-08-07 12:00,161.554,,,1932-01-06 12:00,262.446,,,1932-08-01 12:00,151.736,,,1932-12-30 12:00,258.001,,,1933-07-24 12:00,130.825,,,,,,,,,,,1934-02-04 12:00,326.484,,,1934-07-15 12:00,105.999,,,1935-02-01 12:00,330.254,,,1935-07-07 12:00,86.051,,,,,,
,,,,1926-12-27 12:00,257.673,,,1927-07-20 12:00,115.788,,,,,,,,,,,1928-02-05 12:00,333.263,,,1928-07-11 12:00,93.307,,,1929-01-29 12:00,324.366,,,1929-07-02 12:00,78.922,,,1930-01-22 12:00,300.396,,,1930-06-26 12:00,75.118,,,1931-01-15 12:00,276.193,,,1931-08-08 12:00,162.52,,,1932-01-07 12:00,263.199,,,1932-08-02 12:00,151.864,,,1932-12-31 12:00,259.306,,,1933-07-25 12:00,130.205,,,,,,,,,,,1934-02-05 12:00,328.24,,,1934-07-16 12:00,105.512,,,1935-02-02 12:00,331.218,,,1935-07-08 12:00,86.466,,,,,,
,,,,1926-12-28 12:00,259.111,,,1927-07-21 12:00,115.13,,,,,,,,,,,1928-02-06 12:00,334.569,,,1928-07-12 12:00,93.429,,,1929-01-30 12:00,324.183,,,1929-07-03 12:00,79.842,,,1930-01-23 12:00,299.122,,,1930-06-27 12:00,76.752,,,1931-01-16 12:00,276.062,,,1931-08-09 12:00,163.439,,,1932-01-08 12:00,264.029,,,1932-08-03 12:00,151.908,,,1933-01-01 12:00,260.633,,,1933-07-26 12:00,129.539,,,,,,,,,,,1934-02-06 12:00,329.984,,,1934-07-17 12:00,105.087,,,1935-02-03 12:00,332.051,,,1935-07-09 12:00,86.966,,,,,,
,,,,1926-12-29 12:00,260.56,,,1927-07-22 12:00,114.501,,,,,,,,,,,1928-02-07 12:00,335.784,,,1928-07-13 12:00,93.641,,,1929-01-31 12:00,323.813,,,1929-07-04 12:00,80.835,,,1930-01-24 12:00,297.897,,,1930-06-28 12:00,78.439,,,1931-01-17 12:00,276.075,,,1931-08-10 12:00,164.307,,,1932-01-09 12:00,264.927,,,1932-08-04 12:00,151.864,,,1933-01-02 12:00,261.981,,,1933-07-27 12:00,128.838,,,,,,,,,,,1934-02-07 12:00,331.711,,,1934-07-18 12:00,104.73,,,1935-02-04 12:00,332.742,,,1935-07-10 12:00,87.55,,,,,,
,,,,1926-12-30 12:00,262.02,,,1927-07-23 12:00,113.914,,,,,,,,,,,1928-02-08 12:00,336.895,,,1928-07-14 12:00,93.944,,,1929-02-01 12:00,323.263,,,1929-07-05 12:00,81.9,,,1930-01-25 12:00,296.75,,,1930-06-29 12:00,80.177,,,1931-01-18 12:00,276.221,,,1931-08-11 12:00,165.123,,,1932-01-10 12:00,265.886,,,1932-08-05 12:00,151.733,,,1933-01-03 12:00,263.348,,,1933-07-28 12:00,128.111,,,,,,,,,,,1934-02-08 12:00,333.416,,,1934-07-19 12:00,104.449,,,1935-02-05 12:00,333.278,,,1935-07-11 12:00,88.219,,,,,,
,,,,1926-12-31 12:00,263.489,,,1927-07-24 12:00,113.379,,,,,,,,,,,1928-02-09 12:00,337.889,,,1928-07-15 12:00,94.337,,,1929-02-02 12:00,322.543,,,1929-07-06 12:00,83.036,,,1930-01-26 12:00,295.709,,,1930-06-30 12:00,81.966,,,1931-01-19 12:00,276.491,,,1931-08-12 12:00,165.883,,,1932-01-11 12:00,266.899,,,1932-08-06 12:00,151.513,,,1933-01-04 12:00,264.731,,,1933-07-29 12:00,127.372,,,,,,,,,,,1934-02-09 12:00,335.092,,,1934-07-20 12:00,104.25,,,1935-02-06 12:00,333.649,,,1935-07-12 12:00,88.972,,,,,,
,,,,1927-01-01 12:00,264.966,,,1927-07-25 12:00,112.906,,,,,,,,,,,1928-02-10 12:00,338.754,,,1928-07-16 12:00,94.822,,,1929-02-03 12:00,321.673,,,1929-07-07 12:00,84.242,,,1930-01-27 12:00,294.792,,,1930-07-01 12:00,83.803,,,1931-01-20 12:00,276.874,,,1931-08-13 12:00,166.584,,,1932-01-12 12:00,267.961,,,1932-08-07 12:00,151.204,,,1933-01-05 12:00,266.13,,,1933-07-30 12:00,126.634,,,,,,,,,,,1934-02-10 12:00,336.733,,,1934-07-21 12:00,104.139,,,1935-02-07 12:00,333.846,,,1935-07-13 12:00,89.807,,,,,,
,,,,1927-01-02 12:00,266.453,,,1927-07-26 12:00,112.505,,,,,,,,,,,1928-02-11 12:00,339.479,,,1928-07-17 12:00,95.397,,,1929-02-04 12:00,320.677,,,1929-07-08 12:00,85.518,,,1930-01-28 12:00,294.013,,,1930-07-02 12:00,85.687,,,1931-01-21 12:00,277.361,,,1931-08-14 12:00,167.224,,,1932-01-13 12:00,269.067,,,1932-08-08 12:00,150.809,,,1933-01-06 12:00,267.543,,,1933-07-31 12:00,125.91,,,,,,,,,,,1934-02-11 12:00,338.33,,,1934-07-22 12:00,104.118,,,1935-02-08 12:00,333.863,,,1935-07-14 12:00,90.724,,,,,,
,,,,1927-01-03 12:00,267.947,,,1927-07-27 12:00,112.184,,,,,,,,,,,1928-02-12 12:00,340.051,,,1928-07-18 12:00,96.063,,,1929-02-05 12:00,319.582,,,1929-07-09 12:00,86.862,,,1930-01-29 12:00,293.378,,,1930-07-03 12:00,87.615,,,1931-01-22 12:00,277.941,,,1931-08-15 12:00,167.799,,,1932-01-14 12:00,270.211,,,1932-08-09 12:00,150.328,,,1933-01-07 12:00,268.969,,,1933-08-01 12:00,125.213,,,,,,,,,,,1934-02-12 12:00,339.874,,,1934-07-23 12:00,104.193,,,1935-02-09 12:00,333.699,,,1935-07-15 12:00,91.721,,,,,,
,,,,1927-01-04 12:00,269.449,,,1927-07-28 12:00,111.95,,,,,,,,,,,1928-02-13 12:00,340.462,,,1928-07-19 12:00,96.819,,,1929-02-06 12:00,318.421,,,1929-07-10 12:00,88.272,,,1930-01-30 12:00,292.889,,,1930-07-04 12:00,89.584,,,1931-01-23 12:00,278.606,,,1931-08-16 12:00,168.305,,,1932-01-15 12:00,271.391,,,1932-08-10 12:00,149.767,,,1933-01-08 12:00,270.407,,,1933-08-02 12:00,124.558,,,,,,,,,,,1934-02-13 12:00,341.356,,,1934-07-24 12:00,104.364,,,1935-02-10 12:00,333.356,,,1935-07-16 12:00,92.799,,,,,,
,,,,1927-01-05 12:00,270.958,,,1927-07-29 12:00,111.808,,,,,,,,,,,1928-02-14 12:00,340.704,,,1928-07-20 12:00,97.664,,,1929-02-07 12:00,317.227,,,1929-07-11 12:00,89.749,,,1930-01-31 12:00,292.546,,,1930-07-05 12:00,91.592,,,1931-01-24 12:00,279.347,,,1931-08-17 12:00,168.739,,,1932-01-16 12:00,272.604,,,1932-08-11 12:00,149.133,,,1933-01-09 12:00,271.856,,,1933-08-03 12:00,123.957,,,,,,,,,,,1934-02-14 12:00,342.765,,,1934-07-25 12:00,104.634,,,1935-02-11 12:00,332.842,,,1935-07-17 12:00,93.956,,,,,,
,,,,1927-01-06 12:00,272.475,,,1927-07-30 12:00,111.764,,,,,,,,,,,1928-02-15 12:00,340.773,,,1928-07-21 12:00,98.596,,,1929-02-08 12:00,316.033,,,1929-07-12 12:00,91.29,,,1930-02-01 12:00,292.344,,,1930-07-06 12:00,93.635,,,1931-01-25 12:00,280.159,,,1931-08-18 12:00,169.096,,,1932-01-17 12:00,273.845,,,1932-08-12 12:00,148.431,,,1933-01-10 12:00,273.317,,,1933-08-04 12:00,123.421,,,,,,,,,,,1934-02-15 12:00,344.09,,,1934-07-26 12:00,105.005,,,1935-02-12 12:00,332.168,,,1935-07-18 12:00,95.189,,,,,,
,,,,1927-01-07 12:00,273.999,,,1927-07-31 12:00,111.821,,,,,,,,,,,1928-02-16 12:00,340.668,,,1928-07-22 12:00,99.616,,,1929-02-09 12:00,314.872,,,1929-07-13 12:00,92.894,,,1930-02-02 12:00,292.276,,,1930-07-07 12:00,95.708,,,1931-01-26 12:00,281.033,,,1931-08-19 12:00,169.373,,,1932-01-18 12:00,275.112,,,1932-08-13 12:00,147.673,,,1933-01-11 12:00,274.788,,,1933-08-05 12:00,122.962,,,,,,,,,,,1934-02-16 12:00,345.32,,,1934-07-27 12:00,105.475,,,1935-02-13 12:00,331.353,,,1935-07-19 12:00,96.499,,,,,,
,,,,1927-01-08 12:00,275.53,,,1927-08-01 12:00,111.982,,,,,,,,,,,1928-02-17 12:00,340.39,,,1928-07-23 12:00,100.721,,,1929-02-10 12:00,313.77,,,1929-07-14 12:00,94.559,,,1930-02-03 12:00,292.335,,,1930-07-08 12:00,97.807,,,1931-01-27 12:00,281.964,,,1931-08-20 12:00,169.566,,,1932-01-19 12:00,276.404,,,1932-08-14 12:00,146.87,,,1933-01-12 12:00,276.269,,,1933-08-06 12:00,122.59,,,,,,,,,,,1934-02-17 12:00,346.443,,,1934-07-28 12:00,106.047,,,1935-02-14 12:00,330.417,,,1935-07-20 12:00,97.883,,,,,,
,,,,1927-01-09 12:00,277.068,,,1927-08-02 12:00,112.25,,,,,,,,,,,1928-02-18 12:00,339.946,,,1928-07-24 12:00,101.91,,,1929-02-11 12:00,312.751,,,1929-07-15 12:00,96.283,,,1930-02-04 12:00,292.512,,,1930-07-09 12:00,99.927,,,1931-01-28 12:00,282.946,,,1931-08-21 12:00,169.671,,,1932-01-20 12:00,277.718,,,1932-08-15 12:00,146.036,,,1933-01-13 12:00,277.76,,,1933-08-07 12:00,122.313,,,,,,,,,,,1934-02-18 12:00,347.448,,,1934-07-29 12:00,106.718,,,1935-02-15 12:00,329.386,,,1935-07-21 12:00,99.34,,,,,,
,,,,1927-01-10 12:00,278.613,,,1927-08-03 12:00,112.625,,,,,,,,,,,1928-02-19 12:00,339.348,,,1928-07-25 12:00,103.181,,,1929-02-12 12:00,311.835,,,1929-07-16 12:00,98.063,,,1930-02-05 12:00,292.799,,,1930-07-10 12:00,102.063,,,1931-01-29 12:00,283.976,,,1931-08-22 12:00,169.684,,,1932-01-21 12:00,279.053,,,1932-08-16 12:00,145.184,,,1933-01-14 12:00,279.26,,,1933-08-08 12:00,122.138,,,,,,,,,,,1934-02-19 12:00,348.323,,,1934-07-30 12:00,107.489,,,1935-02-16 12:00,328.291,,,1935-07-22 12:00,100.868,,,,,,
,,,,1927-01-11 12:00,280.166,,,1927-08-04 12:00,113.108,,,,,,,,,,,1928-02-20 12:00,338.61,,,1928-07-26 12:00,104.532,,,1929-02-13 12:00,311.034,,,1929-07-17 12:00,99.896,,,1930-02-06 12:00,293.188,,,1930-07-11 12:00,104.21,,,1931-01-30 12:00,285.049,,,1931-08-23 12:00,169.603,,,1932-01-22 12:00,280.407,,,1932-08-17 12:00,144.332,,,1933-01-15 12:00,280.77,,,1933-08-09 12:00,122.071,,,,,,,,,,,1934-02-20 12:00,349.059,,,1934-07-31 12:00,108.358,,,1935-02-17 12:00,327.159,,,1935-07-23 12:00,102.463,,,,,,
,,,,1927-01-12 12:00,281.727,,,1927-08-05 12:00,113.699,,,,,,,,,,,1928-02-21 12:00,337.752,,,1928-07-27 12:00,105.961,,,1929-02-14 12:00,310.357,,,1929-07-18 12:00,101.778,,,1930-02-07 12:00,293.67,,,1930-07-12 12:00,106.364,,,1931-01-31 12:00,286.16,,,1931-08-24 12:00,169.425,,,1932-01-23 12:00,281.78,,,1932-08-18 12:00,143.496,,,1933-01-16 12:00,282.289,,,1933-08-10 12:00,122.116,,,,,,,,,,,1934-02-21 12:00,349.645,,,1934-08-01 12:00,109.323,,,1935-02-18 12:00,326.022,,,1935-07-24 12:00,104.124,,,,,,
,,,,1927-01-13 12:00,283.295,,,1927-08-06 12:00,114.397,,,,,,,,,,,1928-02-22 12:00,336.797,,,1928-07-28 12:00,107.465,,,1929-02-15 12:00,309.809,,,1929-07-19 12:00,103.706,,,1930-02-08 12:00,294.238,,,1930-07-13 12:00,108.519,,,1931-02-01 12:00,287.308,,,1931-08-25 12:00,169.147,,,1932-01-24 12:00,283.169,,,1932-08-19 12:00,142.694,,,1933-01-17 12:00,283.817,,,1933-08-11 12:00,122.277,,,,,,,,,,,1934-02-22 12:00,350.076,,,1934-08-02 12:00,110.384,,,1935-02-19 12:00,324.908,,,1935-07-25 12:00,105.846,,,,,,
,,,,1927-01-14 12:00,284.87,,,1927-08-07 12:00,115.201,,,,,,,,,,,1928-02-23 12:00,335.77,,,1928-07-29 12:00,109.04,,,1929-02-16 12:00,309.391,,,1929-07-20 12:00,105.675,,,1930-02-09 12:00,294.885,,,1930-07-14 12:00,110.671,,,1931-02-02 12:00,288.488,,,1931-08-26 12:00,168.77,,,1932-01-25 12:00,284.574,,,1932-08-20 12:00,141.942,,,1933-01-18 12:00,285.355,,,1933-08-12 12:00,122.556,,,,,,,,,,,1934-02-23 12:00,350.345,,,1934-08-03 12:00,111.537,,,1935-02-20 12:00,323.843,,,1935-07-26 12:00,107.627,,,,,,
,,,,1927-01-15 12:00,286.454,,,1927-08-08 12:00,116.11,,,,,,,,,,,1928-02-24 12:00,334.699,,,1928-07-30 12:00,110.684,,,1929-02-17 12:00,309.102,,,1929-07-21 12:00,107.68,,,1930-02-10 12:00,295.604,,,1930-07-15 12:00,112.816,,,1931-02-03 12:00,289.7,,,1931-08-27 12:00,168.295,,,1932-01-26 12:00,285.994,,,1932-08-21 12:00,141.256,,,1933-01-19 12:00,286.902,,,1933-08-13 12:00,122.954,,,,,,,,,,,1934-02-24 12:00,350.45,,,1934-08-04 12:00,112.781,,,1935-02-21 12:00,322.849,,,1935-07-27 12:00,109.461,,,,,,
,,,,1927-01-16 12:00,288.047,,,1927-08-09 12:00,117.121,,,,,,,,,,,1928-02-25 12:00,333.611,,,1928-07-31 12:00,112.393,,,1929-02-18 12:00,308.938,,,1929-07-22 12:00,109.717,,,1930-02-11 12:00,296.388,,,1930-07-16 12:00,114.95,,,1931-02-04 12:00,290.939,,,1931-08-28 12:00,167.725,,,1932-01-27 12:00,287.429,,,1932-08-22 12:00,140.652,,,1933-01-20 12:00,288.458,,,1933-08-14 12:00,123.471,,,,,,,,,,,1934-02-25 12:00,350.389,,,1934-08-05 12:00,114.112,,,1935-02-22 12:00,321.943,,,1935-07-28 12:00,111.345,,,,,,
,,,,1927-01-17 12:00,289.647,,,1927-08-10 12:00,118.231,,,,,,,,,,,1928-02-26 12:00,332.533,,,1928-08-01 12:00,114.161,,,1929-02-19 12:00,308.895,,,1929-07-23 12:00,111.779,,,1930-02-12 12:00,297.234,,,1930-07-17 12:00,117.068,,,1931-02-05 12:00,292.205,,,1931-08-29 12:00,167.063,,,1932-01-28 12:00,288.878,,,1932-08-23 12:00,140.143,,,1933-01-21 12:00,290.024,,,1933-08-15 12:00,124.106,,,,,,,,,,,1934-02-26 12:00,350.167,,,1934-08-06 12:00,115.526,,,1935-02-23 12:00,321.141,,,1935-07-29 12:00,113.273,,,,,,
,,,,1927-01-18 12:00,291.257,,,1927-08-11 12:00,119.438,,,,,,,,,,,1928-02-27 12:00,331.489,,,1928-08-02 12:00,115.983,,,1929-02-20 12:00,308.965,,,1929-07-24 12:00,113.861,,,1930-02-13 12:00,298.134,,,1930-07-18 12:00,119.17,,,1931-02-06 12:00,293.496,,,1931-08-30 12:00,166.317,,,1932-01-29 12:00,290.341,,,1932-08-24 12:00,139.742,,,1933-01-22 12:00,291.6,,,1933-08-16 12:00,124.858,,,,,,,,,,,1934-02-27 12:00,349.789,,,1934-08-07 12:00,117.021,,,1935-02-24 12:00,320.45,,,1935-07-30 12:00,115.24,,,,,,
,,,,1927-01-19 12:00,292.875,,,1927-08-12 12:00,120.738,,,,,,,,,,,1928-02-28 12:00,330.501,,,1928-08-03 12:00,117.855,,,1929-02-21 12:00,309.143,,,1929-07-25 12:00,115.958,,,1930-02-14 12:00,299.086,,,1930-07-19 12:00,121.251,,,1931-02-07 12:00,294.81,,,1931-08-31 12:00,165.498,,,1932-01-30 12:00,291.817,,,1932-08-25 12:00,139.458,,,1933-01-23 12:00,293.185,,,1933-08-17 12:00,125.724,,,,,,,,,,,1934-02-28 12:00,349.266,,,1934-08-08 12:00,118.591,,,1935-02-25 12:00,319.879,,,1935-07-31 12:00,117.239,,,,,,
,,,,1927-01-20 12:00,294.503,,,1927-08-13 12:00,122.126,,,,,,,,,,,1928-02-29 12:00,329.588,,,1928-08-04 12:00,119.771,,,1929-02-22 12:00,309.421,,,1929-07-26 12:00,118.064,,,1930-02-15 12:00,300.085,,,1930-07-20 12:00,123.311,,,1931-02-08 12:00,296.146,,,1931-09-01 12:00,164.616,,,1932-01-31 12:00,293.307,,,1932-08-26 12:00,139.299,,,1933-01-24 12:00,294.78,,,1933-08-18 12:00,126.702,,,,,,,,,,,1934-03-01 12:00,348.61,,,1934-08-09 12:00,120.232,,,1935-02-26 12:00,319.428,,,1935-08-01 12:00,119.266,,,,,,
,,,,1927-01-21 12:00,296.14,,,1927-08-14 12:00,123.598,,,,,,,,,,,1928-03-01 12:00,328.765,,,1928-08-05 12:00,121.724,,,1929-02-23 12:00,309.794,,,1929-07-27 12:00,120.175,,,1930-02-16 12:00,301.127,,,1930-07-21 12:00,125.347,,,1931-02-09 12:00,297.503,,,1931-09-02 12:00,163.688,,,1932-02-01 12:00,294.809,,,1932-08-27 12:00,139.272,,,1933-01-25 12:00,296.386,,,1933-08-19 12:00,127.787,,,,,,,,,,,1934-03-02 12:00,347.84,,,1934-08-10 12:00,121.938,,,1935-02-27 12:00,319.098,,,1935-08-02 12:00,121.315,,,,,,
,,,,1927-01-22 12:00,297.787,,,1927-08-15 12:00,125.149,,,,,,,,,,,1928-03-02 12:00,328.043,,,1928-08-06 12:00,123.709,,,1929-02-24 12:00,310.254,,,1929-07-28 12:00,122.286,,,1930-02-17 12:00,302.21,,,1930-07-22 12:00,127.357,,,1931-02-10 12:00,298.88,,,1931-09-03 12:00,162.729,,,1932-02-02 12:00,296.324,,,1932-08-28 12:00,139.38,,,1933-01-26 12:00,298.002,,,1933-08-20 12:00,128.976,,,,,,,,,,,1934-03-03 12:00,346.973,,,1934-08-11 12:00,123.704,,,1935-02-28 12:00,318.888,,,1935-08-03 12:00,123.379,,,,,,
,,,,1927-01-23 12:00,299.445,,,1927-08-16 12:00,126.772,,,,,,,,,,,1928-03-03 12:00,327.428,,,1928-08-07 12:00,125.719,,,1929-02-25 12:00,310.796,,,1929-07-29 12:00,124.392,,,1930-02-18 12:00,303.331,,,1930-07-23 12:00,129.342,,,1931-02-11 12:00,300.276,,,1931-09-04 12:00,161.76,,,1932-02-03 12:00,297.852,,,1932-08-29 12:00,139.625,,,1933-01-27 12:00,299.629,,,1933-08-21 12:00,130.263,,,,,,,,,,,1934-03-04 12:00,346.034,,,1934-08-12 12:00,125.523,,,1935-03-01 12:00,318.793,,,1935-08-04 12:00,125.453,,,,,,
,,,,1927-01-24 12:00,301.112,,,1927-08-17 12:00,128.462,,,,,,,,,,,1928-03-04 12:00,326.927,,,1928-08-08 12:00,127.749,,,1929-02-26 12:00,311.413,,,1929-07-30 12:00,126.49,,,1930-02-19 12:00,304.486,,,1930-07-24 12:00,131.3,,,1931-02-12 12:00,301.69,,,1931-09-05 12:00,160.801,,,1932-02-04 12:00,299.392,,,1932-08-30 12:00,140.01,,,1933-01-28 12:00,301.266,,,1933-08-22 12:00,131.643,,,,,,,,,,,1934-03-05 12:00,345.044,,,1934-08-13 12:00,127.389,,,1935-03-02 12:00,318.808,,,1935-08-05 12:00,127.533,,,,,,
,,,,1927-01-25 12:00,302.79,,,1927-08-18 12:00,130.212,,,,,,,,,,,1928-03-05 12:00,326.54,,,1928-08-09 12:00,129.792,,,1929-02-27 12:00,312.1,,,1929-07-31 12:00,128.576,,,1930-02-20 12:00,305.674,,,1930-07-25 12:00,133.23,,,1931-02-13 12:00,303.122,,,1931-09-06 12:00,159.875,,,1932-02-05 12:00,300.945,,,1932-08-31 12:00,140.531,,,1933-01-29 12:00,302.915,,,1933-08-23 12:00,133.109,,,,,,,,,,,1934-03-06 12:00,344.029,,,1934-08-14 12:00,129.295,,,1935-03-03 12:00,318.929,,,1935-08-06 12:00,129.613,,,,,,
,,,,1927-01-26 12:00,304.478,,,1927-08-19 12:00,132.015,,,,,,,,,,,1928-03-06 12:00,326.267,,,1928-08-10 12:00,131.843,,,1929-02-28 12:00,312.852,,,1929-08-01 12:00,130.647,,,1930-02-21 12:00,306.893,,,1930-07-26 12:00,135.132,,,1931-02-14 12:00,304.572,,,1931-09-07 12:00,159.001,,,1932-02-06 12:00,302.511,,,1932-09-01 12:00,141.188,,,1933-01-30 12:00,304.575,,,1933-08-24 12:00,134.655,,,,,,,,,,,1934-03-07 12:00,343.013,,,1934-08-15 12:00,131.234,,,1935-03-04 12:00,319.15,,,1935-08-07 12:00,131.689,,,,,,
,,,,1927-01-27 12:00,306.177,,,1927-08-20 12:00,133.863,,,,,,,,,,,1928-03-07 12:00,326.107,,,1928-08-11 12:00,133.898,,,1929-03-01 12:00,313.664,,,1929-08-02 12:00,132.701,,,1930-02-22 12:00,308.141,,,1930-07-27 12:00,137.007,,,1931-02-15 12:00,306.038,,,1931-09-08 12:00,158.202,,,1932-02-07 12:00,304.089,,,1932-09-02 12:00,141.975,,,1933-01-31 12:00,306.247,,,1933-08-25 12:00,136.274,,,,,,,,,,,1934-03-08 12:00,342.018,,,1934-08-16 12:00,133.201,,,1935-03-05 12:00,319.464,,,1935-08-08 12:00,133.757,,,,,,
,,,,1927-01-28 12:00,307.887,,,1927-08-21 12:00,135.751,,,,,,,,,,,1928-03-08 12:00,326.056,,,1928-08-12 12:00,135.951,,,1929-03-02 12:00,314.531,,,1929-08-03 12:00,134.736,,,1930-02-23 12:00,309.416,,,1930-07-28 12:00,138.853,,,1931-02-16 12:00,307.521,,,1931-09-09 12:00,157.496,,,1932-02-08 12:00,305.681,,,1932-09-03 12:00,142.889,,,1933-02-01 12:00,307.93,,,1933-08-26 12:00,137.957,,,,,,,,,,,1934-03-09 12:00,341.064,,,1934-08-17 12:00,135.189,,,1935-03-06 12:00,319.866,,,1935-08-09 12:00,135.815,,,,,,
,,,,1927-01-29 12:00,309.608,,,1927-08-22 12:00,137.67,,,,,,,,,,,1928-03-09 12:00,326.109,,,1928-08-13 12:00,138.0,,,1929-03-03 12:00,315.451,,,1929-08-04 12:00,136.75,,,1930-02-24 12:00,310.718,,,1930-07-29 12:00,140.672,,,1931-02-17 12:00,309.02,,,1931-09-10 12:00,156.902,,,1932-02-09 12:00,307.285,,,1932-09-04 12:00,143.923,,,1933-02-02 12:00,309.626,,,1933-08-27 12:00,139.697,,,,,,,,,,,1934-03-10 12:00,340.169,,,1934-08-18 12:00,137.192,,,1935-03-07 12:00,320.35,,,1935-08-10 12:00,137.858,,,,,,
,,,,1927-01-30 12:00,311.34,,,1927-08-23 12:00,139.614,,,,,,,,,,,1928-03-10 12:00,326.262,,,1928-08-14 12:00,140.039,,,1929-03-04 12:00,316.419,,,1929-08-05 12:00,138.741,,,1930-02-25 12:00,312.044,,,1930-07-30 12:00,142.462,,,1931-02-18 12:00,310.536,,,1931-09-11 12:00,156.434,,,1932-02-10 12:00,308.903,,,1932-09-05 12:00,145.07,,,1933-02-03 12:00,311.334,,,1933-08-28 12:00,141.487,,,,,,,,,,,1934-03-11 12:00,339.35,,,1934-08-19 12:00,139.204,,,1935-03-08 12:00,320.911,,,1935-08-11 12:00,139.886,,,,,,
,,,,1927-01-31 12:00,313.082,,,1927-08-24 12:00,141.578,,,,,,,,,,,1928-03-11 12:00,326.51,,,1928-08-15 12:00,142.067,,,1929-03-05 12:00,317.433,,,1929-08-06 12:00,140.709,,,1930-02-26 12:00,313.394,,,1930-07-31 12:00,144.224,,,1931-02-19 12:00,312.067,,,1931-09-12 12:00,156.104,,,1932-02-11 12:00,310.534,,,1932-09-06 12:00,146.323,,,1933-02-04 12:00,313.054,,,1933-08-29 12:00,143.319,,,,,,,,,,,1934-03-12 12:00,338.616,,,1934-08-20 12:00,141.22,,,1935-03-09 12:00,321.544,,,1935-08-12 12:00,141.895,,,,,,
,,,,1927-02-01 12:00,314.835,,,1927-08-25 12:00,143.554,,,,,,,,,,,1928-03-12 12:00,326.847,,,1928-08-16 12:00,144.08,,,1929-03-06 12:00,318.488,,,1929-08-07 12:00,142.653,,,1930-02-27 12:00,314.767,,,1930-08-01 12:00,145.959,,,1931-02-20 12:00,313.614,,,1931-09-13 12:00,155.921,,,1932-02-12 12:00,312.178,,,1932-09-07 12:00,147.673,,,1933-02-05 12:00,314.787,,,1933-08-30 12:00,145.185,,,,,,,,,,,1934-03-13 12:00,337.978,,,1934-08-21 12:00,143.236,,,1935-03-10 12:00,322.243,,,1935-08-13 12:00,143.884,,,,,,
,,,,1927-02-02 12:00,316.598,,,1927-08-26 12:00,145.538,,,,,,,,,,,1928-03-13 12:00,327.269,,,1928-08-17 12:00,146.078,,,1929-03-07 12:00,319.584,,,1929-08-08 12:00,144.573,,,1930-02-28 12:00,316.162,,,1930-08-02 12:00,147.665,,,1931-02-21 12:00,315.178,,,1931-09-14 12:00,155.891,,,1932-02-13 12:00,313.837,,,1932-09-08 12:00,149.112,,,1933-02-06 12:00,316.532,,,1933-08-31 12:00,147.078,,,,,,,,,,,1934-03-14 12:00,337.442,,,1934-08-22 12:00,145.248,,,1935-03-11 12:00,323.005,,,1935-08-14 12:00,145.853,,,,,,
,,,,1927-02-03 12:00,318.37,,,1927-08-27 12:00,147.524,,,,,,,,,,,1928-03-14 12:00,327.769,,,1928-08-18 12:00,148.057,,,1929-03-08 12:00,320.717,,,1929-08-09 12:00,146.468,,,1930-03-01 12:00,317.579,,,1930-08-03 12:00,149.345,,,1931-02-22 12:00,316.757,,,1931-09-15 12:00,156.018,,,1932-02-14 12:00,315.51,,,1932-09-09 12:00,150.63,,,1933-02-07 12:00,318.29,,,1933-09-01 12:00,148.992,,,,,,,,,,,1934-03-15 12:00,337.01,,,1934-08-23 12:00,147.252,,,1935-03-12 12:00,323.825,,,1935-08-15 12:00,147.8,,,,,,
,,,,1927-02-04 12:00,320.152,,,1927-08-28 12:00,149.51,,,,,,,,,,,1928-03-15 12:00,328.344,,,1928-08-19 12:00,150.017,,,1929-03-09 12:00,321.885,,,1929-08-10 12:00,148.338,,,1930-03-02 12:00,319.017,,,1930-08-04 12:00,150.997,,,1931-02-23 12:00,318.352,,,1931-09-16 12:00,156.301,,,1932-02-15 12:00,317.197,,,1932-09-10 12:00,152.217,,,1933-02-08 12:00,320.06,,,1933-09-02 12:00,150.921,,,,,,,,,,,1934-03-16 12:00,336.685,,,1934-08-24 12:00,149.246,,,1935-03-13 12:00,324.699,,,1935-08-16 12:00,149.724,,,,,,
,,,,1927-02-05 12:00,321.941,,,1927-08-29 12:00,151.49,,,,,,,,,,,1928-03-16 12:00,328.988,,,1928-08-20 12:00,151.957,,,1929-03-10 12:00,323.087,,,1929-08-11 12:00,150.182,,,1930-03-03 12:00,320.475,,,1930-08-05 12:00,152.621,,,1931-02-24 12:00,319.963,,,1931-09-17 12:00,156.739,,,1932-02-16 12:00,318.898,,,1932-09-11 12:00,153.866,,,1933-02-09 12:00,321.843,,,1933-09-03 12:00,152.859,,,,,,,,,,,1934-03-17 12:00,336.465,,,1934-08-25 12:00,151.227,,,1935-03-14 12:00,325.625,,,1935-08-17 12:00,151.626,,,,,,
,,,,1927-02-06 12:00,323.737,,,1927-08-30 12:00,153.462,,,,,,,,,,,1928-03-17 12:00,329.698,,,1928-08-21 12:00,153.875,,,1929-03-11 12:00,324.321,,,1929-08-12 12:00,152.002,,,1930-03-04 12:00,321.953,,,1930-08-06 12:00,154.219,,,1931-02-25 12:00,321.591,,,1931-09-18 12:00,157.327,,,1932-02-17 12:00,320.615,,,1932-09-12 12:00,155.567,,,1933-02-10 12:00,323.638,,,1933-09-04 12:00,154.801,,,,,,,,,,,1934-03-18 12:00,336.35,,,1934-08-26 12:00,153.193,,,1935-03-15 12:00,326.598,,,1935-08-18 12:00,153.504,,,,,,
,,,,1927-02-07 12:00,325.539,,,1927-08-31 12:00,155.424,,,,,,,,,,,1928-03-18 12:00,330.469,,,1928-08-22 12:00,155.772,,,1929-03-12 12:00,325.585,,,1929-08-13 12:00,153.797,,,1930-03-05 12:00,323.451,,,1930-08-07 12:00,155.789,,,1931-02-26 12:00,323.235,,,1931-09-19 12:00,158.06,,,1932-02-18 12:00,322.346,,,1932-09-13 12:00,157.311,,,1933-02-11 12:00,325.444,,,1933-09-05 12:00,156.744,,,,,,,,,,,1934-03-19 12:00,336.336,,,1934-08-27 12:00,155.143,,,1935-03-16 12:00,327.616,,,1935-08-19 12:00,155.359,,,,,,
,,,,1927-02-08 12:00,327.344,,,1927-09-01 12:00,157.373,,,,,,,,,,,1928-03-19 12:00,331.296,,,1928-08-23 12:00,157.647,,,1929-03-13 12:00,326.878,,,1929-08-14 12:00,155.567,,,1930-03-06 12:00,324.969,,,1930-08-08 12:00,157.332,,,1931-02-27 12:00,324.896,,,1931-09-20 12:00,158.93,,,1932-02-19 12:00,324.093,,,1932-09-14 12:00,159.09,,,1933-02-12 12:00,327.261,,,1933-09-06 12:00,158.683,,,,,,,,,,,1934-03-20 12:00,336.42,,,1934-08-28 12:00,157.075,,,1935-03-17 12:00,328.677,,,1935-08-20 12:00,157.191,,,,,,
,,,,1927-02-09 12:00,329.151,,,1927-09-02 12:00,159.307,,,,,,,,,,,1928-03-20 12:00,332.178,,,1928-08-24 12:00,159.501,,,1929-03-14 12:00,328.199,,,1929-08-15 12:00,157.312,,,1930-03-07 12:00,326.506,,,1930-08-09 12:00,158.848,,,1931-02-28 12:00,326.574,,,1931-09-21 12:00,159.927,,,1932-02-20 12:00,325.855,,,1932-09-15 12:00,160.898,,,1933-02-13 12:00,329.089,,,1933-09-07 12:00,160.616,,,,,,,,,,,1934-03-21 12:00,336.597,,,1934-08-29 12:00,158.989,,,1935-03-18 12:00,329.777,,,1935-08-21 12:00,159.0,,,,,,
,,,,1927-02-10 12:00,330.956,,,1927-09-03 12:00,161.225,,,,,,,,,,,1928-03-21 12:00,333.11,,,1928-08-25 12:00,161.332,,,1929-03-15 12:00,329.547,,,1929-08-16 12:00,159.033,,,1930-03-08 12:00,328.062,,,1930-08-10 12:00,160.336,,,1931-03-01 12:00,328.268,,,1931-09-22 12:00,161.042,,,1932-02-21 12:00,327.633,,,1932-09-16 12:00,162.727,,,1933-02-14 12:00,330.926,,,1933-09-08 12:00,162.54,,,,,,,,,,,1934-03-22 12:00,336.865,,,1934-08-30 12:00,160.883,,,1935-03-19 12:00,330.916,,,1935-08-22 12:00,160.785,,,,,,
,,,,1927-02-11 12:00,332.758,,,1927-09-04 12:00,163.126,,,,,,,,,,,1928-03-22 12:00,334.09,,,1928-08-26 12:00,163.14,,,1929-03-16 12:00,330.921,,,1929-08-17 12:00,160.73,,,1930-03-09 12:00,329.638,,,1930-08-11 12:00,161.797,,,1931-03-02 12:00,329.98,,,1931-09-23 12:00,162.265,,,1932-02-22 12:00,329.426,,,1932-09-17 12:00,164.572,,,1933-02-15 12:00,332.77,,,1933-09-09 12:00,164.453,,,,,,,,,,,1934-03-23 12:00,337.217,,,1934-08-31 12:00,162.757,,,1935-03-20 12:00,332.091,,,1935-08-23 12:00,162.548,,,,,,
,,,,1927-02-12 12:00,334.551,,,1927-09-05 12:00,165.009,,,,,,,,,,,1928-03-23 12:00,335.115,,,1928-08-27 12:00,164.927,,,1929-03-17 12:00,332.32,,,1929-08-18 12:00,162.402,,,1930-03-10 12:00,331.233,,,1930-08-12 12:00,163.23,,,1931-03-03 12:00,331.71,,,1931-09-24 12:00,163.584,,,1932-02-23 12:00,331.235,,,1932-09-18 12:00,166.427,,,1933-02-16 12:00,334.62,,,1933-09-10 12:00,166.353,,,,,,,,,,,1934-03-24 12:00,337.649,,,1934-09-01 12:00,164.611,,,1935-03-21 12:00,333.301,,,1935-08-24 12:00,164.287,,,,,,
,,,,1927-02-13 12:00,336.332,,,1927-09-06 12:00,166.874,,,,,,,,,,,1928-03-24 12:00,336.182,,,1928-08-28 12:00,166.692,,,1929-03-18 12:00,333.745,,,1929-08-19 12:00,164.051,,,1930-03-11 12:00,332.847,,,1930-08-13 12:00,164.634,,,1931-03-04 12:00,333.457,,,1931-09-25 12:00,164.989,,,1932-02-24 12:00,333.059,,,1932-09-19 12:00,168.287,,,1933-02-17 12:00,336.475,,,1933-09-11 12:00,168.239,,,,,,,,,,,1934-03-25 12:00,338.158,,,1934-09-02 12:00,166.445,,,1935-03-22 12:00,334.543,,,1935-08-25 12:00,166.005,,,,,,
,,,,1927-02-14 12:00,338.096,,,1927-09-07 12:00,168.72,,,,,,,,,,,1928-03-25 12:00,337.29,,,1928-08-29 12:00,168.436,,,1929-03-19 12:00,335.193,,,1929-08-20 12:00,165.676,,,1930-03-12 12:00,334.48,,,1930-08-14 12:00,166.01,,,1931-03-05 12:00,335.222,,,1931-09-26 12:00,166.469,,,1932-02-25 12:00,334.899,,,1932-09-20 12:00,170.149,,,1933-02-18 12:00,338.33,,,1933-09-12 12:00,170.11,,,,,,,,,,,1934-03-26 12:00,338.738,,,1934-09-03 12:00,168.259,,,1935-03-23 12:00,335.817,,,1935-08-26 12:00,167.7,,,,,,
,,,,1927-02-15 12:00,339.837,,,1927-09-08 12:00,170.547,,,,,,,,,,,1928-03-26 12:00,338.436,,,1928-08-30 12:00,170.158,,,1929-03-20 12:00,336.665,,,1929-08-21 12:00,167.278,,,1930-03-13 12:00,336.133,,,1930-08-15 12:00,167.357,,,1931-03-06 12:00,337.005,,,1931-09-27 12:00,168.014,,,1932-02-26 12:00,336.754,,,1932-09-21 12:00,172.01,,,1933-02-19 12:00,340.185,,,1933-09-13 12:00,171.965,,,,,,,,,,,1934-03-27 12:00,339.386,,,1934-09-04 12:00,170.052,,,1935-03-24 12:00,337.122,,,1935-08-27 12:00,169.373,,,,,,
,,,,1927-02-16 12:00,341.549,,,1927-09-09 12:00,172.354,,,,,,,,,,,1928-03-27 12:00,339.619,,,1928-08-31 12:00,171.859,,,1929-03-21 12:00,338.161,,,1929-08-22 12:00,168.857,,,1930-03-14 12:00,337.806,,,1930-08-16 12:00,168.673,,,1931-03-07 12:00,338.807,,,1931-09-28 12:00,169.613,,,1932-02-27 12:00,338.624,,,1932-09-22 12:00,173.867,,,1933-02-20 12:00,342.034,,,1933-09-14 12:00,173.803,,,,,,,,,,,1934-03-28 12:00,340.097,,,1934-09-05 12:00,171.826,,,1935-03-25 12:00,338.456,,,1935-08-28 12:00,171.024,,,,,,
,,,,1927-02-17 12:00,343.224,,,1927-09-10 12:00,174.143,,,,,,,,,,,1928-03-28 12:00,340.837,,,1928-09-01 12:00,173.539,,,1929-03-22 12:00,339.68,,,1929-08-23 12:00,170.412,,,1930-03-15 12:00,339.499,,,1930-08-17 12:00,169.96,,,1931-03-08 12:00,340.627,,,1931-09-29 12:00,171.258,,,1932-02-28 12:00,340.508,,,1932-09-23 12:00,175.716,,,1933-02-21 12:00,343.874,,,1933-09-15 12:00,175.625,,,,,,,,,,,1934-03-29 12:00,340.869,,,1934-09-06 12:00,173.579,,,1935-03-26 12:00,339.819,,,1935-08-29 12:00,172.653,,,,,,
,,,,1927-02-18 12:00,344.853,,,1927-09-11 12:00,175.913,,,,,,,,,,,1928-03-29 12:00,342.089,,,1928-09-02 12:00,175.199,,,1929-03-23 12:00,341.221,,,1929-08-24 12:00,171.944,,,1930-03-16 12:00,341.211,,,1930-08-18 12:00,171.214,,,1931-03-09 12:00,342.466,,,1931-09-30 12:00,172.941,,,1932-02-29 12:00,342.405,,,1932-09-24 12:00,177.557,,,1933-02-22 12:00,345.7,,,1933-09-16 12:00,177.429,,,,,,,,,,,1934-03-30 12:00,341.698,,,1934-09-07 12:00,175.312,,,1935-03-27 12:00,341.209,,,1935-08-30 12:00,174.261,,,,,,
,,,,1927-02-19 12:00,346.429,,,1927-09-12 12:00,177.664,,,,,,,,,,,1928-03-30 12:00,343.373,,,1928-09-03 12:00,176.838,,,1929-03-24 12:00,342.785,,,1929-08-25 12:00,173.453,,,1930-03-17 12:00,342.944,,,1930-08-19 12:00,172.437,,,1931-03-10 12:00,344.324,,,1931-10-01 12:00,174.653,,,1932-03-01 12:00,344.313,,,1932-09-25 12:00,179.388,,,1933-02-23 12:00,347.506,,,1933-09-17 12:00,179.216,,,,,,,,,,,1934-03-31 12:00,342.58,,,1934-09-08 12:00,177.026,,,1935-03-28 12:00,342.626,,,1935-08-31 12:00,175.848,,,,,,
,,,,1927-02-20 12:00,347.941,,,1927-09-13 12:00,179.396,,,,,,,,,,,1928-03-31 12:00,344.689,,,1928-09-04 12:00,178.457,,,1929-03-25 12:00,344.373,,,1929-08-26 12:00,174.938,,,1930-03-18 12:00,344.698,,,1930-08-20 12:00,173.625,,,1931-03-11 12:00,346.2,,,1931-10-02 12:00,176.388,,,1932-03-02 12:00,346.232,,,1932-09-26 12:00,181.208,,,1933-02-24 12:00,349.286,,,1933-09-18 12:00,180.986,,,,,,,,,,,1934-04-01 12:00,343.513,,,1934-09-09 12:00,178.721,,,1935-03-29 12:00,344.07,,,1935-09-01 12:00,177.414,,,,,,
,,,,1927-02-21 12:00,349.379,,,1927-09-14 12:00,181.11,,,,,,,,,,,1928-04-01 12:00,346.035,,,1928-09-05 12:00,180.056,,,1929-03-26 12:00,345.982,,,1929-08-27 12:00,176.4,,,1930-03-19 12:00,346.472,,,1930-08-21 12:00,174.779,,,1931-03-12 12:00,348.094,,,1931-10-03 12:00,178.141,,,1932-03-03 12:00,348.16,,,1932-09-27 12:00,183.015,,,1933-02-25 12:00,351.033,,,1933-09-19 12:00,182.738,,,,,,,,,,,1934-04-02 12:00,344.495,,,1934-09-10 12:00,180.396,,,1935-03-30 12:00,345.54,,,1935-09-02 12:00,178.958,,,,,,
,,,,1927-02-22 12:00,350.733,,,1927-09-15 12:00,182.806,,,,,,,,,,,1928-04-02 12:00,347.41,,,1928-09-06 12:00,181.636,,,1929-03-27 12:00,347.615,,,1929-08-28 12:00,177.838,,,1930-03-20 12:00,348.267,,,1930-08-22 12:00,175.896,,,1931-03-13 12:00,350.006,,,1931-10-04 12:00,179.906,,,1932-03-04 12:00,350.094,,,1932-09-28 12:00,184.809,,,1933-02-26 12:00,352.74,,,1933-09-20 12:00,184.474,,,,,,,,,,,1934-04-03 12:00,345.522,,,1934-09-11 12:00,182.053,,,1935-03-31 12:00,347.036,,,1935-09-03 12:00,180.482,,,,,,
,,,,1927-02-23 12:00,351.992,,,1927-09-16 12:00,184.484,,,,,,,,,,,1928-04-03 12:00,348.815,,,1928-09-07 12:00,183.196,,,1929-03-28 12:00,349.27,,,1929-08-29 12:00,179.253,,,1930-03-21 12:00,350.083,,,1930-08-23 12:00,176.975,,,1931-03-14 12:00,351.935,,,1931-10-05 12:00,181.679,,,1932-03-05 12:00,352.032,,,1932-09-29 12:00,186.59,,,1933-02-27 12:00,354.397,,,1933-09-21 12:00,186.193,,,,,,,,,,,1934-04-04 12:00,346.592,,,1934-09-12 12:00,183.691,,,1935-04-01 12:00,348.556,,,1935-09-04 12:00,181.984,,,,,,
,,,,1927-02-24 12:00,353.145,,,1927-09-17 12:00,186.145,,,,,,,,,,,1928-04-04 12:00,350.247,,,1928-09-08 12:00,184.737,,,1929-03-29 12:00,350.948,,,1929-08-30 12:00,180.643,,,1930-03-22 12:00,351.92,,,1930-08-24 12:00,178.014,,,1931-03-15 12:00,353.881,,,1931-10-06 12:00,183.456,,,1932-03-06 12:00,353.97,,,1932-09-30 12:00,188.357,,,1933-02-28 12:00,355.996,,,1933-09-22 12:00,187.895,,,,,,,,,,,1934-04-05 12:00,347.704,,,1934-09-13 12:00,185.311,,,1935-04-02 12:00,350.102,,,1935-09-05 12:00,183.466,,,,,,
,,,,1927-02-25 12:00,354.182,,,1927-09-18 12:00,187.789,,,,,,,,,,,1928-04-05 12:00,351.708,,,1928-09-09 12:00,186.258,,,1929-03-30 12:00,352.649,,,1929-08-31 12:00,182.008,,,1930-03-23 12:00,353.779,,,1930-08-25 12:00,179.011,,,1931-03-16 12:00,355.842,,,1931-10-07 12:00,185.234,,,1932-03-07 12:00,355.906,,,1932-10-01 12:00,190.111,,,1933-03-01 12:00,357.528,,,1933-09-23 12:00,189.581,,,,,,,,,,,1934-04-06 12:00,348.856,,,1934-09-14 12:00,186.913,,,1935-04-03 12:00,351.672,,,1935-09-06 12:00,184.925,,,,,,
,,,,1927-02-26 12:00,355.092,,,1927-09-19 12:00,189.415,,,,,,,,,,,1928-04-06 12:00,353.195,,,1928-09-10 12:00,187.76,,,1929-03-31 12:00,354.373,,,1929-09-01 12:00,183.348,,,1930-03-24 12:00,355.659,,,1930-08-26 12:00,179.964,,,1931-03-17 12:00,357.818,,,1931-10-08 12:00,187.01,,,1932-03-08 12:00,357.833,,,1932-10-02 12:00,191.85,,,1933-03-02 12:00,358.983,,,1933-09-24 12:00,191.251,,,,,,,,,,,1934-04-07 12:00,350.046,,,1934-09-15 12:00,188.498,,,1935-04-04 12:00,353.268,,,1935-09-07 12:00,186.364,,,,,,
,,,,1927-02-27 12:00,355.868,,,1927-09-20 12:00,191.025,,,,,,,,,,,1928-04-07 12:00,354.71,,,1928-09-11 12:00,189.243,,,1929-04-01 12:00,356.12,,,1929-09-02 12:00,184.661,,,1930-03-25 12:00,357.56,,,1930-08-27 12:00,180.869,,,1931-03-18 12:00,359.806,,,1931-10-09 12:00,188.783,,,1932-03-09 12:00,359.748,,,1932-10-03 12:00,193.576,,,1933-03-03 12:00,0.352000000001,,,1933-09-25 12:00,192.905,,,,,,,,,,,1934-04-08 12:00,351.273,,,1934-09-16 12:00,190.064,,,1935-04-05 12:00,354.887,,,1935-09-08 12:00,187.78,,,,,,
,,,,1927-02-28 12:00,356.5,,,1927-09-21 12:00,192.619,,,,,,,,,,,1928-04-08 12:00,356.251,,,1928-09-12 12:00,190.705,,,1929-04-02 12:00,357.891,,,1929-09-03 12:00,185.948,,,1930-03-26 12:00,359.483,,,1930-08-28 12:00,181.725,,,1931-03-19 12:00,1.805,,,1931-10-10 12:00,190.55,,,1932-03-10 12:00,1.645,,,1932-10-04 12:00,195.287,,,1933-03-04 12:00,1.623,,,1933-09-26 12:00,194.544,,,,,,,,,,,1934-04-09 12:00,352.534,,,1934-09-17 12:00,191.613,,,1935-04-06 12:00,356.531,,,1935-09-09 12:00,189.175,,,,,,
,,,,1927-03-01 12:00,356.984,,,1927-09-22 12:00,194.196,,,,,,,,,,,1928-04-09 12:00,357.818,,,1928-09-13 12:00,192.149,,,1929-04-03 12:00,359.686,,,1929-09-04 12:00,187.207,,,1930-03-27 12:00,1.426,,,1930-08-29 12:00,182.529,,,1931-03-20 12:00,3.811,,,1931-10-11 12:00,192.31,,,1932-03-11 12:00,3.517,,,1932-10-05 12:00,196.985,,,1933-03-05 12:00,2.789,,,1933-09-27 12:00,196.167,,,,,,,,,,,1934-04-10 12:00,353.83,,,1934-09-18 12:00,193.145,,,1935-04-07 12:00,358.2,,,1935-09-10 12:00,190.547,,,,,,
,,,,1927-03-02 12:00,357.313,,,1927-09-23 12:00,195.757,,,,,,,,,,,1928-04-10 12:00,359.412,,,1928-09-14 12:00,193.572,,,1929-04-04 12:00,1.504,,,1929-09-05 12:00,188.437,,,1930-03-28 12:00,3.389,,,1930-08-30 12:00,183.276,,,1931-03-21 12:00,5.823,,,1931-10-12 12:00,194.062,,,1932-03-12 12:00,5.359,,,1932-10-06 12:00,198.669,,,1933-03-06 12:00,3.841,,,1933-09-28 12:00,197.776,,,,,,,,,,,1934-04-11 12:00,355.158,,,1934-09-19 12:00,194.659,,,1935-04-08 12:00,359.894,,,1935-09-11 12:00,191.895,,,,,,
,,,,1927-03-03 12:00,357.486,,,1927-09-24 12:00,197.302,,,,,,,,,,,1928-04-11 12:00,1.032,,,1928-09-15 12:00,194.974,,,1929-04-05 12:00,3.347,,,1929-09-06 12:00,189.637,,,1930-03-29 12:00,5.372,,,1930-08-31 12:00,183.963,,,1931-03-22 12:00,7.837,,,1931-10-13 12:00,195.805,,,1932-03-13 12:00,7.162,,,1932-10-07 12:00,200.34,,,1933-03-07 12:00,4.769,,,1933-09-29 12:00,199.369,,,,,,,,,,,1934-04-12 12:00,356.519,,,1934-09-20 12:00,196.156,,,1935-04-09 12:00,1.612,,,1935-09-12 12:00,193.22,,,,,,
,,,,1927-03-04 12:00,357.502,,,1927-09-25 12:00,198.832,,,,,,,,,,,1928-04-12 12:00,2.679,,,1928-09-16 12:00,196.357,,,1929-04-06 12:00,5.213,,,1929-09-07 12:00,190.806,,,1930-03-30 12:00,7.374,,,1930-09-01 12:00,184.587,,,1931-03-23 12:00,9.848,,,1931-10-14 12:00,197.539,,,1932-03-14 12:00,8.919,,,1932-10-08 12:00,201.997,,,1933-03-08 12:00,5.568,,,1933-09-30 12:00,200.949,,,,,,,,,,,1934-04-13 12:00,357.911,,,1934-09-21 12:00,197.635,,,1935-04-10 12:00,3.356,,,1935-09-13 12:00,194.52,,,,,,
,,,,1927-03-05 12:00,357.364,,,1927-09-26 12:00,200.345,,,,,,,,,,,1928-04-13 12:00,4.351,,,1928-09-17 12:00,197.717,,,1929-04-07 12:00,7.103,,,1929-09-08 12:00,191.941,,,1930-03-31 12:00,9.394,,,1930-09-02 12:00,185.143,,,1931-03-24 12:00,11.853,,,1931-10-15 12:00,199.263,,,1932-03-15 12:00,10.623,,,1932-10-09 12:00,203.642,,,1933-03-09 12:00,6.231,,,1933-10-01 12:00,202.514,,,,,,,,,,,1934-04-14 12:00,359.333,,,1934-09-22 12:00,199.097,,,1935-04-11 12:00,5.124,,,1935-09-14 12:00,195.795,,,,,,
,,,,1927-03-06 12:00,357.076,,,1927-09-27 12:00,201.843,,,,,,,,,,,1928-04-14 12:00,6.05,,,1928-09-18 12:00,199.056,,,1929-04-08 12:00,9.018,,,1929-09-09 12:00,193.042,,,1930-04-01 12:00,11.429,,,1930-09-03 12:00,185.627,,,1931-03-25 12:00,13.845,,,1931-10-16 12:00,200.976,,,1932-03-16 12:00,12.264,,,1932-10-10 12:00,205.275,,,1933-03-10 12:00,6.754,,,1933-10-02 12:00,204.065,,,,,,,,,,,1934-04-15 12:00,0.786,,,1934-09-23 12:00,200.542,,,1935-04-12 12:00,6.918,,,1935-09-15 12:00,197.043,,,,,,
,,,,1927-03-07 12:00,356.648,,,1927-09-28 12:00,203.326,,,,,,,,,,,1928-04-15 12:00,7.776,,,1928-09-19 12:00,200.372,,,1929-04-09 12:00,10.957,,,1929-09-10 12:00,194.105,,,1930-04-02 12:00,13.479,,,1930-09-04 12:00,186.033,,,1931-03-26 12:00,15.821,,,1931-10-17 12:00,202.679,,,1932-03-17 12:00,13.835,,,1932-10-11 12:00,206.895,,,1933-03-11 12:00,7.132,,,1933-10-03 12:00,205.602,,,,,,,,,,,1934-04-16 12:00,2.268,,,1934-09-24 12:00,201.968,,,1935-04-13 12:00,8.737,,,1935-09-16 12:00,198.264,,,,,,
,,,,1927-03-08 12:00,356.091,,,1927-09-29 12:00,204.792,,,,,,,,,,,1928-04-16 12:00,9.527,,,1928-09-20 12:00,201.665,,,1929-04-10 12:00,12.919,,,1929-09-11 12:00,195.13,,,1930-04-03 12:00,15.54,,,1930-09-05 12:00,186.358,,,1931-03-27 12:00,17.773,,,1931-10-18 12:00,204.371,,,1932-03-18 12:00,15.329,,,1932-10-12 12:00,208.503,,,1933-03-12 12:00,7.365,,,1933-10-04 12:00,207.125,,,,,,,,,,,1934-04-17 12:00,3.779,,,1934-09-25 12:00,203.377,,,1935-04-14 12:00,10.582,,,1935-09-17 12:00,199.456,,,,,,
,,,,1927-03-09 12:00,355.417,,,1927-09-30 12:00,206.243,,,,,,,,,,,1928-04-17 12:00,11.306,,,1928-09-21 12:00,202.934,,,1929-04-11 12:00,14.904,,,1929-09-12 12:00,196.113,,,1930-04-04 12:00,17.611,,,1930-09-06 12:00,186.595,,,1931-03-28 12:00,19.695,,,1931-10-19 12:00,206.052,,,1932-03-19 12:00,16.737,,,1932-10-13 12:00,210.1,,,1933-03-13 12:00,7.453,,,1933-10-05 12:00,208.635,,,,,,,,,,,1934-04-18 12:00,5.318,,,1934-09-26 12:00,204.766,,,1935-04-15 12:00,12.453,,,1935-09-18 12:00,200.617,,,,,,
,,,,1927-03-10 12:00,354.645,,,1927-10-01 12:00,207.677,,,,,,,,,,,1928-04-18 12:00,13.111,,,1928-09-22 12:00,204.176,,,1929-04-12 12:00,16.912,,,1929-09-13 12:00,197.051,,,1930-04-05 12:00,19.687,,,1930-09-07 12:00,186.74,,,1931-03-29 12:00,21.581,,,1931-10-20 12:00,207.724,,,1932-03-20 12:00,18.053,,,1932-10-14 12:00,211.685,,,1933-03-14 12:00,7.397,,,1933-10-06 12:00,210.131,,,,,,,,,,,1934-04-19 12:00,6.887,,,1934-09-27 12:00,206.137,,,1935-04-16 12:00,14.349,,,1935-09-19 12:00,201.746,,,,,,
,,,,1927-03-11 12:00,353.794,,,1927-10-02 12:00,209.095,,,,,,,,,,,1928-04-19 12:00,14.943,,,1928-09-23 12:00,205.392,,,1929-04-13 12:00,18.942,,,1929-09-14 12:00,197.942,,,1930-04-06 12:00,21.765,,,1930-09-08 12:00,186.788,,,1931-03-30 12:00,23.424,,,1931-10-21 12:00,209.384,,,1932-03-21 12:00,19.269,,,1932-10-15 12:00,213.26,,,1933-03-15 12:00,7.203,,,1933-10-07 12:00,211.614,,,,,,,,,,,1934-04-20 12:00,8.484,,,1934-09-28 12:00,207.489,,,1935-04-17 12:00,16.271,,,1935-09-20 12:00,202.841,,,,,,
,,,,1927-03-12 12:00,352.883,,,1927-10-03 12:00,210.496,,,,,,,,,,,1928-04-20 12:00,16.803,,,1928-09-24 12:00,206.579,,,1929-04-14 12:00,20.992,,,1929-09-15 12:00,198.782,,,1930-04-07 12:00,23.841,,,1930-09-09 12:00,186.734,,,1931-03-31 12:00,25.217,,,1931-10-22 12:00,211.035,,,1932-03-22 12:00,20.38,,,1932-10-16 12:00,214.823,,,1933-03-16 12:00,6.878,,,1933-10-08 12:00,213.082,,,,,,,,,,,1934-04-21 12:00,10.109,,,1934-09-29 12:00,208.82,,,1935-04-18 12:00,18.218,,,1935-09-21 12:00,203.9,,,,,,
,,,,1927-03-13 12:00,351.934,,,1927-10-04 12:00,211.88,,,,,,,,,,,1928-04-21 12:00,18.689,,,1928-09-25 12:00,207.737,,,1929-04-15 12:00,23.061,,,1929-09-16 12:00,199.568,,,1930-04-08 12:00,25.91,,,1930-09-10 12:00,186.573,,,1931-04-01 12:00,26.953,,,1931-10-23 12:00,212.675,,,1932-03-23 12:00,21.38,,,1932-10-17 12:00,216.376,,,1933-03-17 12:00,6.429,,,1933-10-09 12:00,214.538,,,,,,,,,,,1934-04-22 12:00,11.763,,,1934-09-30 12:00,210.13,,,1935-04-19 12:00,20.191,,,1935-09-22 12:00,204.92,,,,,,
,,,,1927-03-14 12:00,350.971,,,1927-10-05 12:00,213.246,,,,,,,,,,,1928-04-22 12:00,20.602,,,1928-09-26 12:00,208.862,,,1929-04-16 12:00,25.148,,,1929-09-17 12:00,200.294,,,1930-04-09 12:00,27.967,,,1930-09-11 12:00,186.304,,,1931-04-02 12:00,28.626,,,1931-10-24 12:00,214.306,,,1932-03-24 12:00,22.266,,,1932-10-18 12:00,217.918,,,1933-03-18 12:00,5.87,,,1933-10-10 12:00,215.979,,,,,,,,,,,1934-04-23 12:00,13.444,,,1934-10-01 12:00,211.418,,,1935-04-20 12:00,22.189,,,1935-09-23 12:00,205.897,,,,,,
,,,,1927-03-15 12:00,350.012,,,1927-10-06 12:00,214.593,,,,,,,,,,,1928-04-23 12:00,22.542,,,1928-09-27 12:00,209.952,,,1929-04-17 12:00,27.25,,,1929-09-18 12:00,200.958,,,1930-04-10 12:00,30.007,,,1930-09-12 12:00,185.923,,,1931-04-03 12:00,30.231,,,1931-10-25 12:00,215.927,,,1932-03-25 12:00,23.033,,,1932-10-19 12:00,219.45,,,1933-03-19 12:00,5.212,,,1933-10-11 12:00,217.406,,,,,,,,,,,1934-04-24 12:00,15.155,,,1934-10-02 12:00,212.683,,,1935-04-21 12:00,24.211,,,1935-09-24 12:00,206.83,,,,,,
,,,,1927-03-16 12:00,349.08,,,1927-10-07 12:00,215.921,,,,,,,,,,,1928-04-24 12:00,24.509,,,1928-09-28 12:00,211.006,,,1929-04-18 12:00,29.364,,,1929-09-19 12:00,201.552,,,1930-04-11 12:00,32.024,,,1930-09-13 12:00,185.43,,,1931-04-04 12:00,31.761,,,1931-10-26 12:00,217.539,,,1932-03-26 12:00,23.678,,,1932-10-20 12:00,220.973,,,1933-03-20 12:00,4.473,,,1933-10-12 12:00,218.818,,,,,,,,,,,1934-04-25 12:00,16.894,,,1934-10-03 12:00,213.923,,,1935-04-22 12:00,26.256,,,1935-09-25 12:00,207.715,,,,,,
,,,,1927-03-17 12:00,348.191,,,1927-10-08 12:00,217.229,,,,,,,,,,,1928-04-25 12:00,26.502,,,1928-09-29 12:00,212.021,,,1929-04-19 12:00,31.487,,,1929-09-20 12:00,202.073,,,1930-04-12 12:00,34.012,,,1930-09-14 12:00,184.826,,,1931-04-05 12:00,33.211,,,1931-10-27 12:00,219.143,,,1932-03-27 12:00,24.2,,,1932-10-21 12:00,222.485,,,1933-03-21 12:00,3.668,,,1933-10-13 12:00,220.215,,,,,,,,,,,1934-04-26 12:00,18.661,,,1934-10-04 12:00,215.137,,,1935-04-23 12:00,28.323,,,1935-09-26 12:00,208.547,,,,,,
,,,,1927-03-18 12:00,347.361,,,1927-10-09 12:00,218.515,,,,,,,,,,,1928-04-26 12:00,28.521,,,1928-09-30 12:00,212.992,,,1929-04-20 12:00,33.616,,,1929-09-21 12:00,202.515,,,1930-04-13 12:00,35.966,,,1930-09-15 12:00,184.116,,,1931-04-06 12:00,34.577,,,1931-10-28 12:00,220.737,,,1932-03-28 12:00,24.597,,,1932-10-22 12:00,223.987,,,1933-03-22 12:00,2.817,,,1933-10-14 12:00,221.597,,,,,,,,,,,1934-04-27 12:00,20.457,,,1934-10-05 12:00,216.324,,,1935-04-24 12:00,30.411,,,1935-09-27 12:00,209.322,,,,,,
,,,,1927-03-19 12:00,346.604,,,1927-10-10 12:00,219.779,,,,,,,,,,,1928-04-27 12:00,30.564,,,1928-10-01 12:00,213.918,,,1929-04-21 12:00,35.746,,,1929-09-22 12:00,202.871,,,1930-04-14 12:00,37.879,,,1930-09-16 12:00,183.307,,,1931-04-07 12:00,35.855,,,1931-10-29 12:00,222.324,,,1932-03-29 12:00,24.869,,,1932-10-23 12:00,225.479,,,1933-03-23 12:00,1.938,,,1933-10-15 12:00,222.963,,,,,,,,,,,1934-04-28 12:00,22.282,,,1934-10-06 12:00,217.481,,,1935-04-25 12:00,32.517,,,1935-09-28 12:00,210.036,,,,,,
,,,,1927-03-20 12:00,345.93,,,1927-10-11 12:00,221.018,,,,,,,,,,,1928-04-28 12:00,32.631,,,1928-10-02 12:00,214.793,,,1929-04-22 12:00,37.874,,,1929-09-23 12:00,203.135,,,1930-04-15 12:00,39.746,,,1930-09-17 12:00,182.408,,,1931-04-08 12:00,37.04,,,1931-10-30 12:00,223.902,,,1932-03-30 12:00,25.017,,,1932-10-24 12:00,226.962,,,1933-03-24 12:00,1.05,,,1933-10-16 12:00,224.311,,,,,,,,,,,1934-04-29 12:00,24.136,,,1934-10-07 12:00,218.606,,,1935-04-26 12:00,34.639,,,1935-09-29 12:00,210.683,,,,,,
,,,,1927-03-21 12:00,345.347,,,1927-10-12 12:00,222.232,,,,,,,,,,,1928-04-29 12:00,34.72,,,1928-10-03 12:00,215.614,,,1929-04-23 12:00,39.994,,,1929-09-24 12:00,203.301,,,1930-04-16 12:00,41.562,,,1930-09-18 12:00,181.435,,,1931-04-09 12:00,38.131,,,1931-10-31 12:00,225.472,,,1932-03-31 12:00,25.044,,,1932-10-25 12:00,228.434,,,1933-03-25 12:00,0.171,,,1933-10-17 12:00,225.642,,,,,,,,,,,1934-04-30 12:00,26.019,,,1934-10-08 12:00,219.697,,,1935-04-27 12:00,36.775,,,1935-09-30 12:00,211.257,,,,,,
,,,,1927-03-22 12:00,344.86,,,1927-10-13 12:00,223.418,,,,,,,,,,,1928-04-30 12:00,36.829,,,1928-10-04 12:00,216.375,,,1929-04-24 12:00,42.101,,,1929-09-25 12:00,203.361,,,1930-04-17 12:00,43.322,,,1930-09-19 12:00,180.405,,,1931-04-10 12:00,39.123,,,1931-11-01 12:00,227.036,,,1932-04-01 12:00,24.953,,,1932-10-26 12:00,229.896,,,1933-03-26 12:00,359.318,,,1933-10-18 12:00,226.953,,,,,,,,,,,1934-05-01 12:00,27.931,,,1934-10-09 12:00,220.75,,,1935-04-28 12:00,38.92,,,1935-10-01 12:00,211.752,,,,,,
,,,,1927-03-23 12:00,344.473,,,1927-10-14 12:00,224.575,,,,,,,,,,,1928-05-01 12:00,38.956,,,1928-10-05 12:00,217.072,,,1929-04-25 12:00,44.191,,,1929-09-26 12:00,203.311,,,1930-04-18 12:00,45.021,,,1930-09-20 12:00,179.338,,,1931-04-11 12:00,40.015,,,1931-11-02 12:00,228.591,,,1932-04-02 12:00,24.749,,,,,,,1933-03-27 12:00,358.507,,,1933-10-19 12:00,228.244,,,,,,,,,,,1934-05-02 12:00,29.872,,,1934-10-10 12:00,221.763,,,1935-04-29 12:00,41.073,,,1935-10-02 12:00,212.162,,,,,,
,,,,1927-03-24 12:00,344.186,,,1927-10-15 12:00,225.699,,,,,,,,,,,1928-05-02 12:00,41.099,,,1928-10-06 12:00,217.698,,,1929-04-26 12:00,46.257,,,1929-09-27 12:00,203.143,,,1930-04-19 12:00,46.656,,,1930-09-21 12:00,178.259,,,1931-04-12 12:00,40.804,,,,,,,1932-04-03 12:00,24.439,,,,,,,1933-03-28 12:00,357.75,,,1933-10-20 12:00,229.514,,,,,,,,,,,1934-05-03 12:00,31.841,,,1934-10-11 12:00,222.732,,,1935-04-30 12:00,43.228,,,1935-10-03 12:00,212.479,,,,,,
,,,,1927-03-25 12:00,344.0,,,1927-10-16 12:00,226.788,,,,,,,,,,,1928-05-03 12:00,43.254,,,1928-10-07 12:00,218.246,,,1929-04-27 12:00,48.296,,,1929-09-28 12:00,202.853,,,1930-04-20 12:00,48.224,,,1930-09-22 12:00,177.193,,,1931-04-13 12:00,41.49,,,,,,,1932-04-04 12:00,24.03,,,,,,,1933-03-29 12:00,357.061,,,,,,,,,,,,,,,1934-05-04 12:00,33.839,,,1934-10-12 12:00,223.652,,,1935-05-01 12:00,45.38,,,1935-10-04 12:00,212.696,,,,,,
,,,,1927-03-26 12:00,343.913,,,1927-10-17 12:00,227.838,,,,,,,,,,,1928-05-04 12:00,45.417,,,1928-10-08 12:00,218.71,,,,,,,1929-09-29 12:00,202.437,,,1930-04-21 12:00,49.72,,,1930-09-23 12:00,176.168,,,1931-04-14 12:00,42.072,,,,,,,1932-04-05 12:00,23.534,,,,,,,1933-03-30 12:00,356.448,,,,,,,,,,,,,,,1934-05-05 12:00,35.864,,,1934-10-13 12:00,224.519,,,1935-05-02 12:00,47.526,,,1935-10-05 12:00,212.805,,,,,,
,,,,1927-03-27 12:00,343.923,,,1927-10-18 12:00,228.847,,,,,,,,,,,1928-05-05 12:00,47.585,,,1928-10-09 12:00,219.082,,,,,,,1929-09-30 12:00,201.894,,,,,,,1930-09-24 12:00,175.211,,,1931-04-15 12:00,42.548,,,,,,,1932-04-06 12:00,22.959,,,,,,,1933-03-31 12:00,355.917,,,,,,,,,,,,,,,1934-05-06 12:00,37.915,,,1934-10-14 12:00,225.328,,,1935-05-03 12:00,49.661,,,1935-10-06 12:00,212.799,,,,,,
,,,,1927-03-28 12:00,344.027,,,1927-10-19 12:00,229.809,,,,,,,,,,,1928-05-06 12:00,49.754,,,1928-10-10 12:00,219.355,,,,,,,1929-10-01 12:00,201.226,,,,,,,1930-09-25 12:00,174.347,,,1931-04-16 12:00,42.919,,,,,,,1932-04-07 12:00,22.32,,,,,,,1933-04-01 12:00,355.475,,,,,,,,,,,,,,,1934-05-07 12:00,39.991,,,1934-10-15 12:00,226.073,,,,,,,1935-10-07 12:00,212.67,,,,,,
,,,,1927-03-29 12:00,344.221,,,,,,,,,,,,,,,,,,,1928-10-11 12:00,219.519,,,,,,,1929-10-02 12:00,200.436,,,,,,,1930-09-26 12:00,173.598,,,1931-04-17 12:00,43.185,,,,,,,1932-04-08 12:00,21.628,,,,,,,1933-04-02 12:00,355.125,,,,,,,,,,,,,,,1934-05-08 12:00,42.09,,,1934-10-16 12:00,226.748,,,,,,,1935-10-08 12:00,212.413,,,,,,
,,,,1927-03-30 12:00,344.501,,,,,,,,,,,,,,,,,,,1928-10-12 12:00,219.566,,,,,,,1929-10-03 12:00,199.533,,,,,,,1930-09-27 12:00,172.986,,,1931-04-18 12:00,43.348,,,,,,,1932-04-09 12:00,20.899,,,,,,,1933-04-03 12:00,354.868,,,,,,,,,,,,,,,1934-05-09 12:00,44.212,,,1934-10-17 12:00,227.345,,,,,,,1935-10-09 12:00,212.022,,,,,,
,,,,1927-03-31 12:00,344.863,,,,,,,,,,,,,,,,,,,1928-10-13 12:00,219.49,,,,,,,1929-10-04 12:00,198.53,,,,,,,1930-09-28 12:00,172.525,,,1931-04-19 12:00,43.409,,,,,,,1932-04-10 12:00,20.147,,,,,,,1933-04-04 12:00,354.704,,,,,,,,,,,,,,,1934-05-10 12:00,46.352,,,1934-10-18 12:00,227.857,,,,,,,1935-10-10 12:00,211.494,,,,,,
,,,,1927-04-01 12:00,345.304,,,,,,,,,,,,,,,,,,,1928-10-14 12:00,219.281,,,,,,,1929-10-05 12:00,197.446,,,,,,,1930-09-29 12:00,172.226,,,1931-04-20 12:00,43.372,,,,,,,1932-04-11 12:00,19.387,,,,,,,1933-04-05 12:00,354.634,,,,,,,,,,,,,,,1934-05-11 12:00,48.508,,,1934-10-19 12:00,228.275,,,,,,,1935-10-11 12:00,210.831,,,,,,
,,,,1927-04-02 12:00,345.819,,,,,,,,,,,,,,,,,,,1928-10-15 12:00,218.933,,,,,,,1929-10-06 12:00,196.303,,,,,,,1930-09-30 12:00,172.098,,,1931-04-21 12:00,43.239,,,,,,,1932-04-12 12:00,18.633,,,,,,,1933-04-06 12:00,354.654,,,,,,,,,,,,,,,,,,,1934-10-20 12:00,228.591,,,,,,,1935-10-12 12:00,210.034,,,,,,
,,,,1927-04-03 12:00,346.404,,,,,,,,,,,,,,,,,,,1928-10-16 12:00,218.444,,,,,,,1929-10-07 12:00,195.128,,,,,,,1930-10-01 12:00,172.143,,,1931-04-22 12:00,43.017,,,,,,,1932-04-13 12:00,17.898,,,,,,,1933-04-07 12:00,354.764,,,,,,,,,,,,,,,,,,,1934-10-21 12:00,228.795,,,,,,,1935-10-13 12:00,209.114,,,,,,
,,,,1927-04-04 12:00,347.056,,,,,,,,,,,,,,,,,,,1928-10-17 12:00,217.811,,,,,,,1929-10-08 12:00,193.951,,,,,,,1930-10-02 12:00,172.36,,,1931-04-23 12:00,42.71,,,,,,,1932-04-14 12:00,17.196,,,,,,,1933-04-08 12:00,354.96,,,,,,,,,,,,,,,,,,,1934-10-22 12:00,228.879,,,,,,,1935-10-14 12:00,208.084,,,,,,
,,,,1927-04-05 12:00,347.771,,,,,,,,,,,,,,,,,,,1928-10-18 12:00,217.037,,,,,,,1929-10-09 12:00,192.806,,,,,,,1930-10-03 12:00,172.745,,,1931-04-24 12:00,42.326,,,,,,,1932-04-15 12:00,16.537,,,,,,,1933-04-09 12:00,355.239,,,,,,,,,,,,,,,,,,,1934-10-23 12:00,228.832,,,,,,,1935-10-15 12:00,206.961,,,,,,
,,,,1927-04-06 12:00,348.545,,,,,,,,,,,,,,,,,,,1928-10-19 12:00,216.129,,,,,,,1929-10-10 12:00,191.726,,,,,,,1930-10-04 12:00,173.292,,,1931-04-25 12:00,41.873,,,,,,,1932-04-16 12:00,15.933,,,,,,,1933-04-10 12:00,355.597,,,,,,,,,,,,,,,,,,,1934-10-24 12:00,228.646,,,,,,,1935-10-16 12:00,205.773,,,,,,
,,,,1927-04-07 12:00,349.376,,,,,,,,,,,,,,,,,,,1928-10-20 12:00,215.099,,,,,,,1929-10-11 12:00,190.74,,,,,,,1930-10-05 12:00,173.989,,,1931-04-26 12:00,41.359,,,,,,,1932-04-17 12:00,15.392,,,,,,,1933-04-11 12:00,356.032,,,,,,,,,,,,,,,,,,,1934-10-25 12:00,228.315,,,,,,,1935-10-17 12:00,204.548,,,,,,
,,,,1927-04-08 12:00,350.261,,,,,,,,,,,,,,,,,,,1928-10-21 12:00,213.968,,,,,,,1929-10-12 12:00,189.879,,,,,,,1930-10-06 12:00,174.828,,,1931-04-27 12:00,40.796,,,,,,,1932-04-18 12:00,14.919,,,,,,,1933-04-12 12:00,356.54,,,,,,,,,,,,,,,,,,,1934-10-26 12:00,227.832,,,,,,,1935-10-18 12:00,203.32,,,,,,
,,,,1927-04-09 12:00,351.196,,,,,,,,,,,,,,,,,,,1928-10-22 12:00,212.76,,,,,,,1929-10-13 12:00,189.164,,,,,,,1930-10-07 12:00,175.797,,,1931-04-28 12:00,40.193,,,,,,,1932-04-19 12:00,14.522,,,,,,,1933-04-13 12:00,357.118,,,,,,,,,,,,,,,,,,,1934-10-27 12:00,227.195,,,,,,,1935-10-19 12:00,202.125,,,,,,
,,,,1927-04-10 12:00,352.179,,,,,,,,,,,,,,,,,,,1928-10-23 12:00,211.506,,,,,,,1929-10-14 12:00,188.616,,,,,,,1930-10-08 12:00,176.882,,,1931-04-29 12:00,39.562,,,,,,,1932-04-20 12:00,14.204,,,,,,,1933-04-14 12:00,357.762,,,,,,,,,,,,,,,,,,,1934-10-28 12:00,226.408,,,,,,,1935-10-20 12:00,200.999,,,,,,
,,,,1927-04-11 12:00,353.209,,,,,,,,,,,,,,,,,,,1928-10-24 12:00,210.242,,,,,,,1929-10-15 12:00,188.244,,,,,,,1930-10-09 12:00,178.071,,,1931-04-30 12:00,38.915,,,,,,,1932-04-21 12:00,13.968,,,,,,,1933-04-15 12:00,358.468,,,,,,,,,,,,,,,,,,,1934-10-29 12:00,225.478,,,,,,,1935-10-21 12:00,199.976,,,,,,
,,,,1927-04-12 12:00,354.283,,,,,,,,,,,,,,,,,,,1928-10-25 12:00,209.005,,,,,,,1929-10-16 12:00,188.058,,,,,,,1930-10-10 12:00,179.352,,,1931-05-01 12:00,38.264,,,,,,,1932-04-22 12:00,13.816,,,,,,,1933-04-16 12:00,359.235,,,,,,,,,,,,,,,,,,,1934-10-30 12:00,224.418,,,,,,,1935-10-22 12:00,199.085,,,,,,
,,,,1927-04-13 12:00,355.399,,,,,,,,,,,,,,,,,,,1928-10-26 12:00,207.835,,,,,,,1929-10-17 12:00,188.056,,,,,,,1930-10-11 12:00,180.713,,,1931-05-02 12:00,37.62,,,,,,,1932-04-23 12:00,13.747,,,,,,,1933-04-17 12:00,0.0589999999993,,,,,,,,,,,,,,,,,,,1934-10-31 12:00,223.249,,,,,,,1935-10-23 12:00,198.352,,,,,,
,,,,1927-04-14 12:00,356.556,,,,,,,,,,,,,,,,,,,1928-10-27 12:00,206.767,,,,,,,1929-10-18 12:00,188.237,,,,,,,1930-10-12 12:00,182.142,,,1931-05-03 12:00,36.994,,,,,,,1932-04-24 12:00,13.762,,,,,,,1933-04-18 12:00,0.937,,,,,,,,,,,,,,,,,,,1934-11-01 12:00,222.001,,,,,,,1935-10-24 12:00,197.793,,,,,,
,,,,1927-04-15 12:00,357.751,,,,,,,,,,,,,,,,,,,1928-10-28 12:00,205.834,,,,,,,1929-10-19 12:00,188.593,,,,,,,1930-10-13 12:00,183.629,,,1931-05-04 12:00,36.398,,,,,,,1932-04-25 12:00,13.86,,,,,,,1933-04-19 12:00,1.867,,,,,,,,,,,,,,,,,,,1934-11-02 12:00,220.706,,,,,,,1935-10-25 12:00,197.421,,,,,,
,,,,1927-04-16 12:00,358.984,,,,,,,,,,,,,,,,,,,1928-10-29 12:00,205.06,,,,,,,1929-10-20 12:00,189.113,,,,,,,1930-10-14 12:00,185.166,,,1931-05-05 12:00,35.841,,,,,,,1932-04-26 12:00,14.039,,,,,,,1933-04-20 12:00,2.847,,,,,,,,,,,,,,,,,,,1934-11-03 12:00,219.403,,,,,,,1935-10-26 12:00,197.238,,,,,,
,,,,1927-04-17 12:00,0.253,,,,,,,,,,,,,,,,,,,1928-10-30 12:00,204.464,,,,,,,1929-10-21 12:00,189.786,,,,,,,1930-10-15 12:00,186.742,,,1931-05-06 12:00,35.331,,,,,,,1932-04-27 12:00,14.296,,,,,,,1933-04-21 12:00,3.874,,,,,,,,,,,,,,,,,,,1934-11-04 12:00,218.135,,,,,,,1935-10-27 12:00,197.245,,,,,,
,,,,1927-04-18 12:00,1.558,,,,,,,,,,,,,,,,,,,1928-10-31 12:00,204.057,,,,,,,1929-10-22 12:00,190.598,,,,,,,1930-10-16 12:00,188.351,,,1931-05-07 12:00,34.877,,,,,,,1932-04-28 12:00,14.631,,,,,,,1933-04-22 12:00,4.947,,,,,,,,,,,,,,,,,,,1934-11-05 12:00,216.941,,,,,,,1935-10-28 12:00,197.436,,,,,,
,,,,1927-04-19 12:00,2.897,,,,,,,,,,,,,,,,,,,1928-11-01 12:00,203.844,,,,,,,1929-10-23 12:00,191.535,,,,,,,1930-10-17 12:00,189.986,,,1931-05-08 12:00,34.483,,,,,,,1932-04-29 12:00,15.039,,,,,,,1933-04-23 12:00,6.063,,,,,,,,,,,,,,,,,,,1934-11-06 12:00,215.858,,,,,,,1935-10-29 12:00,197.8,,,,,,
,,,,1927-04-20 12:00,4.269,,,,,,,,,,,,,,,,,,,1928-11-02 12:00,203.822,,,,,,,1929-10-24 12:00,192.583,,,,,,,1930-10-18 12:00,191.641,,,1931-05-09 12:00,34.157,,,,,,,1932-04-30 12:00,15.519,,,,,,,1933-04-24 12:00,7.221,,,,,,,,,,,,,,,,,,,1934-11-07 12:00,214.92,,,,,,,1935-10-30 12:00,198.327,,,,,,
,,,,1927-04-21 12:00,5.674,,,,,,,,,,,,,,,,,,,1928-11-03 12:00,203.985,,,,,,,1929-10-25 12:00,193.729,,,,,,,1930-10-19 12:00,193.311,,,1931-05-10 12:00,33.9,,,,,,,1932-05-01 12:00,16.069,,,,,,,1933-04-25 12:00,8.42,,,,,,,,,,,,,,,,,,,1934-11-08 12:00,214.15,,,,,,,1935-10-31 12:00,199.001,,,,,,
,,,,1927-04-22 12:00,7.111,,,,,,,,,,,,,,,,,,,1928-11-04 12:00,204.322,,,,,,,1929-10-26 12:00,194.96,,,,,,,1930-10-20 12:00,194.992,,,1931-05-11 12:00,33.718,,,,,,,1932-05-02 12:00,16.684,,,,,,,1933-04-26 12:00,9.658,,,,,,,,,,,,,,,,,,,1934-11-09 12:00,213.564,,,,,,,1935-11-01 12:00,199.81,,,,,,
,,,,1927-04-23 12:00,8.58,,,,,,,,,,,,,,,,,,,1928-11-05 12:00,204.821,,,,,,,1929-10-27 12:00,196.264,,,,,,,1930-10-21 12:00,196.68,,,1931-05-12 12:00,33.611,,,,,,,1932-05-03 12:00,17.363,,,,,,,1933-04-27 12:00,10.935,,,,,,,,,,,,,,,,,,,1934-11-10 12:00,213.172,,,,,,,1935-11-02 12:00,200.738,,,,,,
,,,,1927-04-24 12:00,10.079,,,,,,,,,,,,,,,,,,,1928-11-06 12:00,205.467,,,,,,,1929-10-28 12:00,197.63,,,,,,,1930-10-22 12:00,198.373,,,1931-05-13 12:00,33.58,,,,,,,1932-05-04 12:00,18.104,,,,,,,1933-04-28 12:00,12.248,,,,,,,,,,,,,,,,,,,1934-11-11 12:00,212.974,,,,,,,1935-11-03 12:00,201.771,,,,,,
,,,,1927-04-25 12:00,11.61,,,,,,,,,,,,,,,,,,,1928-11-07 12:00,206.245,,,,,,,1929-10-29 12:00,199.048,,,,,,,1930-10-23 12:00,200.068,,,1931-05-14 12:00,33.627,,,,,,,1932-05-05 12:00,18.903,,,,,,,1933-04-29 12:00,13.597,,,,,,,,,,,,,,,,,,,1934-11-12 12:00,212.967,,,,,,,1935-11-04 12:00,202.896,,,,,,
,,,,1927-04-26 12:00,13.171,,,,,,,,,,,,,,,,,,,1928-11-08 12:00,207.142,,,,,,,1929-10-30 12:00,200.511,,,,,,,1930-10-24 12:00,201.762,,,1931-05-15 12:00,33.751,,,,,,,1932-05-06 12:00,19.758,,,,,,,1933-04-30 12:00,14.982,,,,,,,,,,,,,,,,,,,1934-11-13 12:00,213.142,,,,,,,1935-11-05 12:00,204.1,,,,,,
,,,,1927-04-27 12:00,14.762,,,,,,,,,,,,,,,,,,,1928-11-09 12:00,208.141,,,,,,,1929-10-31 12:00,202.009,,,,,,,1930-10-25 12:00,203.455,,,1931-05-16 12:00,33.951,,,,,,,1932-05-07 12:00,20.668,,,,,,,1933-05-01 12:00,16.402,,,,,,,,,,,,,,,,,,,1934-11-14 12:00,213.486,,,,,,,1935-11-06 12:00,205.373,,,,,,
,,,,1927-04-28 12:00,16.384,,,,,,,,,,,,,,,,,,,1928-11-10 12:00,209.232,,,,,,,1929-11-01 12:00,203.538,,,,,,,1930-10-26 12:00,205.144,,,1931-05-17 12:00,34.226,,,,,,,1932-05-08 12:00,21.63,,,,,,,1933-05-02 12:00,17.856,,,,,,,,,,,,,,,,,,,1934-11-15 12:00,213.986,,,,,,,1935-11-07 12:00,206.703,,,,,,
,,,,1927-04-29 12:00,18.036,,,,,,,,,,,,,,,,,,,1928-11-11 12:00,210.4,,,,,,,1929-11-02 12:00,205.09,,,,,,,1930-10-27 12:00,206.829,,,1931-05-18 12:00,34.574,,,,,,,1932-05-09 12:00,22.643,,,,,,,1933-05-03 12:00,19.343,,,,,,,,,,,,,,,,,,,1934-11-16 12:00,214.626,,,,,,,1935-11-08 12:00,208.083,,,,,,
,,,,1927-04-30 12:00,19.718,,,,,,,,,,,,,,,,,,,1928-11-12 12:00,211.636,,,,,,,1929-11-03 12:00,206.662,,,,,,,1930-10-28 12:00,208.509,,,1931-05-19 12:00,34.995,,,,,,,1932-05-10 12:00,23.704,,,,,,,1933-05-04 12:00,20.864,,,,,,,,,,,,,,,,,,,1934-11-17 12:00,215.393,,,,,,,1935-11-09 12:00,209.504,,,,,,
,,,,1927-05-01 12:00,21.43,,,,,,,,,,,,,,,,,,,1928-11-13 12:00,212.929,,,,,,,1929-11-04 12:00,208.248,,,,,,,1930-10-29 12:00,210.182,,,1931-05-20 12:00,35.485,,,,,,,1932-05-11 12:00,24.812,,,,,,,1933-05-05 12:00,22.418,,,,,,,,,,,,,,,,,,,1934-11-18 12:00,216.272,,,,,,,1935-11-10 12:00,210.959,,,,,,
,,,,1927-05-02 12:00,23.172,,,,,,,,,,,,,,,,,,,1928-11-14 12:00,214.271,,,,,,,1929-11-05 12:00,209.846,,,,,,,1930-10-30 12:00,211.85,,,1931-05-21 12:00,36.043,,,,,,,1932-05-12 12:00,25.966,,,,,,,1933-05-06 12:00,24.005,,,,,,,,,,,,,,,,,,,1934-11-19 12:00,217.248,,,,,,,1935-11-11 12:00,212.443,,,,,,
,,,,1927-05-03 12:00,24.945,,,,,,,,,,,,,,,,,,,1928-11-15 12:00,215.654,,,,,,,1929-11-06 12:00,211.452,,,,,,,1930-10-31 12:00,213.51,,,1931-05-22 12:00,36.668,,,,,,,1932-05-13 12:00,27.164,,,,,,,1933-05-07 12:00,25.624,,,,,,,,,,,,,,,,,,,1934-11-20 12:00,218.31,,,,,,,1935-11-12 12:00,213.95,,,,,,
,,,,1927-05-04 12:00,26.748,,,,,,,,,,,,,,,,,,,1928-11-16 12:00,217.071,,,,,,,1929-11-07 12:00,213.065,,,,,,,1930-11-01 12:00,215.164,,,1931-05-23 12:00,37.357,,,,,,,1932-05-14 12:00,28.406,,,,,,,1933-05-08 12:00,27.277,,,,,,,,,,,,,,,,,,,1934-11-21 12:00,219.445,,,,,,,1935-11-13 12:00,215.476,,,,,,
,,,,1927-05-05 12:00,28.581,,,,,,,,,,,,,,,,,,,1928-11-17 12:00,218.518,,,,,,,1929-11-08 12:00,214.68,,,,,,,1930-11-02 12:00,216.811,,,1931-05-24 12:00,38.108,,,,,,,1932-05-15 12:00,29.689,,,,,,,1933-05-09 12:00,28.962,,,,,,,,,,,,,,,,,,,1934-11-22 12:00,220.645,,,,,,,1935-11-14 12:00,217.017,,,,,,
,,,,1927-05-06 12:00,30.445,,,,,,,,,,,,,,,,,,,1928-11-18 12:00,219.987,,,,,,,1929-11-09 12:00,216.299,,,,,,,1930-11-03 12:00,218.45,,,1931-05-25 12:00,38.919,,,,,,,1932-05-16 12:00,31.015,,,,,,,1933-05-10 12:00,30.681,,,,,,,,,,,,,,,,,,,1934-11-23 12:00,221.899,,,,,,,1935-11-15 12:00,218.57,,,,,,
,,,,1927-05-07 12:00,32.34,,,,,,,,,,,,,,,,,,,1928-11-19 12:00,221.477,,,,,,,1929-11-10 12:00,217.917,,,,,,,1930-11-04 12:00,220.083,,,1931-05-26 12:00,39.789,,,,,,,1932-05-17 12:00,32.381,,,,,,,1933-05-11 12:00,32.432,,,,,,,,,,,,,,,,,,,1934-11-24 12:00,223.199,,,,,,,1935-11-16 12:00,220.132,,,,,,
,,,,1927-05-08 12:00,34.265,,,,,,,,,,,,,,,,,,,1928-11-20 12:00,222.983,,,,,,,1929-11-11 12:00,219.536,,,,,,,1930-11-05 12:00,221.709,,,1931-05-27 12:00,40.715,,,,,,,1932-05-18 12:00,33.787,,,,,,,1933-05-12 12:00,34.216,,,,,,,,,,,,,,,,,,,1934-11-25 12:00,224.539,,,,,,,1935-11-17 12:00,221.701,,,,,,
,,,,1927-05-09 12:00,36.219,,,,,,,,,,,,,,,,,,,1928-11-21 12:00,224.501,,,,,,,1929-11-12 12:00,221.153,,,,,,,1930-11-06 12:00,223.328,,,1931-05-28 12:00,41.697,,,,,,,1932-05-19 12:00,35.233,,,,,,,1933-05-13 12:00,36.033,,,,,,,,,,,,,,,,,,,1934-11-26 12:00,225.913,,,,,,,1935-11-18 12:00,223.276,,,,,,
,,,,1927-05-10 12:00,38.204,,,,,,,,,,,,,,,,,,,1928-11-22 12:00,226.031,,,,,,,1929-11-13 12:00,222.769,,,,,,,1930-11-07 12:00,224.94,,,1931-05-29 12:00,42.733,,,,,,,1932-05-20 12:00,36.718,,,,,,,1933-05-14 12:00,37.883,,,,,,,,,,,,,,,,,,,1934-11-27 12:00,227.316,,,,,,,1935-11-19 12:00,224.854,,,,,,
,,,,1927-05-11 12:00,40.217,,,,,,,,,,,,,,,,,,,1928-11-23 12:00,227.568,,,,,,,1929-11-14 12:00,224.381,,,,,,,1930-11-08 12:00,226.547,,,1931-05-30 12:00,43.822,,,,,,,1932-05-21 12:00,38.242,,,,,,,1933-05-15 12:00,39.766,,,,,,,,,,,,,,,,,,,1934-11-28 12:00,228.742,,,,,,,1935-11-20 12:00,226.435,,,,,,
,,,,1927-05-12 12:00,42.258,,,,,,,,,,,,,,,,,,,1928-11-24 12:00,229.113,,,,,,,1929-11-15 12:00,225.991,,,,,,,1930-11-09 12:00,228.147,,,1931-05-31 12:00,44.962,,,,,,,1932-05-22 12:00,39.805,,,,,,,1933-05-16 12:00,41.681,,,,,,,,,,,,,,,,,,,,,,,,,,,1935-11-21 12:00,228.018,,,,,,
,,,,1927-05-13 12:00,44.326,,,,,,,,,,,,,,,,,,,,,,,,,,,1929-11-16 12:00,227.598,,,,,,,1930-11-10 12:00,229.741,,,1931-06-01 12:00,46.152,,,,,,,1932-05-23 12:00,41.406,,,,,,,1933-05-17 12:00,43.629,,,,,,,,,,,,,,,,,,,,,,,,,,,1935-11-22 12:00,229.601,,,,,,
,,,,1927-05-14 12:00,46.419,,,,,,,,,,,,,,,,,,,,,,,,,,,1929-11-17 12:00,229.202,,,,,,,,,,,1931-06-02 12:00,47.392,,,,,,,1932-05-24 12:00,43.046,,,,,,,1933-05-18 12:00,45.609,,,,,,,,,,,,,,,,,,,,,,,,,,,,,,,,,,
,,,,1927-05-15 12:00,48.536,,,,,,,,,,,,,,,,,,,,,,,,,,,,,,,,,,,,,,,1931-06-03 12:00,48.681,,,,,,,1932-05-25 12:00,44.724,,,,,,,1933-05-19 12:00,47.619,,,,,,,,,,,,,,,,,,,,,,,,,,,,,,,,,,
,,,,,,,,,,,,,,,,,,,,,,,,,,,,,,,,,,,,,,,,,,,,,,,,,,,,1932-05-26 12:00,46.441,,,,,,,1933-05-20 12:00,49.659,,,,,,,,,,,,,,,,,,,,,,,,,,,,,,,,,,
,,,,,,,,,,,,,,,,,,,,,,,,,,,,,,,,,,,,,,,,,,,,,,,,,,,,1932-05-27 12:00,48.195,,,,,,,,,,,,,,,,,,,,,,,,,,,,,,,,,,,,,,,,,,
,,,,,,,,,,,,,,,,,,,,,,,,,,,,,,,,,,,,,,,,,,,,,,,,,,,,1932-05-28 12:00,49.988,,,,,,,,,,,,,,,,,,,,,,,,,,,,,,,,,,,,,,,,,,
,,,,,,,,,,,,,,,,,,,,,,,,,,,,,,,,,,,,,,,,,,,,,,,,,,,,,,,,,,,,,,,,,,,,,,,,,,,,,,,,,,,,,,,,,,,,,,,
