Timestamp,G.Moon,HighPrice,LowPrice,Timestamp,G.Moon,HighPrice,LowPrice,Timestamp,G.Moon,HighPrice,LowPrice,Timestamp,G.Moon,HighPrice,LowPrice,Timestamp,G.Moon,HighPrice,LowPrice,Timestamp,G.Moon,HighPrice,LowPrice,Timestamp,G.Moon,HighPrice,LowPrice,Timestamp,G.Moon,HighPrice,LowPrice,Timestamp,G.Moon,HighPrice,LowPrice,Timestamp,G.Moon,HighPrice,LowPrice,Timestamp,G.Moon,HighPrice,LowPrice,Timestamp,G.Moon,HighPrice,LowPrice,Timestamp,G.Moon,HighPrice,LowPrice,Timestamp,G.Moon,HighPrice,LowPrice,Timestamp,G.Moon,HighPrice,LowPrice,Timestamp,G.Moon,HighPrice,LowPrice,Timestamp,G.Moon,HighPrice,LowPrice,Timestamp,G.Moon,HighPrice,LowPrice,Timestamp,G.Moon,HighPrice,LowPrice,Timestamp,G.Moon,HighPrice,LowPrice,Timestamp,G.Moon,HighPrice,LowPrice,Timestamp,G.Moon,HighPrice,LowPrice,Timestamp,G.Moon,HighPrice,LowPrice,Timestamp,G.Moon,HighPrice,LowPrice,Timestamp,G.Moon,HighPrice,LowPrice,Timestamp,G.Moon,HighPrice,LowPrice,Timestamp,G.Moon,HighPrice,LowPrice,Timestamp,G.Moon,HighPrice,LowPrice,Timestamp,G.Moon,HighPrice,LowPrice,Timestamp,G.Moon,HighPrice,LowPrice,Timestamp,G.Moon,HighPrice,LowPrice,Timestamp,G.Moon,HighPrice,LowPrice,Timestamp,G.Moon,HighPrice,LowPrice,Timestamp,G.Moon,HighPrice,LowPrice,Timestamp,G.Moon,HighPrice,LowPrice,Timestamp,G.Moon,HighPrice,LowPrice,Timestamp,G.Moon,HighPrice,LowPrice,Timestamp,G.Moon,HighPrice,LowPrice,Timestamp,G.Moon,HighPrice,LowPrice,Timestamp,G.Moon,HighPrice,LowPrice,Timestamp,G.Moon,HighPrice,LowPrice,Timestamp,G.Moon,HighPrice,LowPrice,Timestamp,G.Moon,HighPrice,LowPrice,Timestamp,G.Moon,HighPrice,LowPrice,Timestamp,G.Moon,HighPrice,LowPrice,Timestamp,G.Moon,HighPrice,LowPrice,Timestamp,G.Moon,HighPrice,LowPrice,Timestamp,G.Moon,HighPrice,LowPrice,Timestamp,G.Moon,HighPrice,LowPrice,Timestamp,G.Moon,HighPrice,LowPrice,Timestamp,G.Moon,HighPrice,LowPrice,Timestamp,G.Moon,HighPrice,LowPrice,Timestamp,G.Moon,HighPrice,LowPrice,Timestamp,G.Moon,HighPrice,LowPrice,Timestamp,G.Moon,HighPrice,LowPrice,Timestamp,G.Moon,HighPrice,LowPrice,Timestamp,G.Moon,HighPrice,LowPrice,Timestamp,G.Moon,HighPrice,LowPrice,Timestamp,G.Moon,HighPrice,LowPrice,Timestamp,G.Moon,HighPrice,LowPrice,Timestamp,G.Moon,HighPrice,LowPrice,Timestamp,G.Moon,HighPrice,LowPrice,Timestamp,G.Moon,HighPrice,LowPrice,Timestamp,G.Moon,HighPrice,LowPrice,Timestamp,G.Moon,HighPrice,LowPrice,Timestamp,G.Moon,HighPrice,LowPrice,Timestamp,G.Moon,HighPrice,LowPrice,Timestamp,G.Moon,HighPrice,LowPrice,Timestamp,G.Moon,HighPrice,LowPrice,Timestamp,G.Moon,HighPrice,LowPrice,Timestamp,G.Moon,HighPrice,LowPrice,Timestamp,G.Moon,HighPrice,LowPrice,Timestamp,G.Moon,HighPrice,LowPrice,Timestamp,G.Moon,HighPrice,LowPrice,Timestamp,G.Moon,HighPrice,LowPrice,Timestamp,G.Moon,HighPrice,LowPrice,Timestamp,G.Moon,HighPrice,LowPrice,Timestamp,G.Moon,HighPrice,LowPrice,Timestamp,G.Moon,HighPrice,LowPrice,Timestamp,G.Moon,HighPrice,LowPrice,Timestamp,G.Moon,HighPrice,LowPrice,Timestamp,G.Moon,HighPrice,LowPrice,Timestamp,G.Moon,HighPrice,LowPrice,Timestamp,G.Moon,HighPrice,LowPrice,Timestamp,G.Moon,HighPrice,LowPrice,Timestamp,G.Moon,HighPrice,LowPrice,Timestamp,G.Moon,HighPrice,LowPrice,Timestamp,G.Moon,HighPrice,LowPrice,Timestamp,G.Moon,HighPrice,LowPrice,Timestamp,G.Moon,HighPrice,LowPrice,Timestamp,G.Moon,HighPrice,LowPrice,Timestamp,G.Moon,HighPrice,LowPrice,Timestamp,G.Moon,HighPrice,LowPrice,Timestamp,G.Moon,HighPrice,LowPrice,Timestamp,G.Moon,HighPrice,LowPrice,Timestamp,G.Moon,HighPrice,LowPrice,Timestamp,G.Moon,HighPrice,LowPrice,Timestamp,G.Moon,HighPrice,LowPrice,Timestamp,G.Moon,HighPrice,LowPrice,Timestamp,G.Moon,HighPrice,LowPrice,Timestamp,G.Moon,HighPrice,LowPrice,Timestamp,G.Moon,HighPrice,LowPrice,Timestamp,G.Moon,HighPrice,LowPrice,Timestamp,G.Moon,HighPrice,LowPrice,Timestamp,G.Moon,HighPrice,LowPrice,Timestamp,G.Moon,HighPrice,LowPrice,Timestamp,G.Moon,HighPrice,LowPrice,Timestamp,G.Moon,HighPrice,LowPrice,Timestamp,G.Moon,HighPrice,LowPrice,Timestamp,G.Moon,HighPrice,LowPrice,Timestamp,G.Moon,HighPrice,LowPrice,Timestamp,G.Moon,HighPrice,LowPrice,Timestamp,G.Moon,HighPrice,LowPrice,Timestamp,G.Moon,HighPrice,LowPrice,Timestamp,G.Moon,HighPrice,LowPrice,Timestamp,G.Moon,HighPrice,LowPrice,Timestamp,G.Moon,HighPrice,LowPrice,Timestamp,G.Moon,HighPrice,LowPrice,Timestamp,G.Moon,HighPrice,LowPrice,Timestamp,G.Moon,HighPrice,LowPrice,Timestamp,G.Moon,HighPrice,LowPrice,Timestamp,G.Moon,HighPrice,LowPrice,Timestamp,G.Moon,HighPrice,LowPrice,Timestamp,G.Moon,HighPrice,LowPrice
,,,,1926-10-23 12:00,63.012,,,1926-11-20 12:00,70.921,,,1926-12-17 12:00,65.724,,,1927-01-14 12:00,75.278,,,1927-02-10 12:00,72.246,,,1927-03-09 12:00,68.837,,,1927-04-05 12:00,63.907,,,1927-05-03 12:00,72.083,,,1927-05-30 12:00,65.992,,,1927-06-27 12:00,74.975,,,1927-07-24 12:00,71.041,,,1927-08-20 12:00,67.946,,,1927-09-16 12:00,64.426,,,1927-10-14 12:00,73.76,,,1927-11-10 12:00,67.43,,,1927-12-08 12:00,75.314,,,1928-01-04 12:00,69.41,,,1928-01-31 12:00,65.39,,,1928-02-28 12:00,76.215,,,1928-03-26 12:00,72.643,,,1928-04-22 12:00,67.373,,,1928-05-20 12:00,75.775,,,1928-06-16 12:00,69.112,,,1928-07-13 12:00,63.639,,,1928-08-10 12:00,73.976,,,1928-09-06 12:00,70.774,,,1928-10-03 12:00,67.158,,,1928-10-31 12:00,76.704,,,1928-11-27 12:00,69.92,,,1928-12-25 12:00,77.799,,,1929-01-21 12:00,71.655,,,1929-02-17 12:00,67.608,,,1929-03-16 12:00,64.473,,,1929-04-13 12:00,74.953,,,1929-05-10 12:00,69.7,,,1929-06-06 12:00,63.149,,,1929-07-04 12:00,71.564,,,1929-07-31 12:00,66.107,,,1929-08-28 12:00,76.292,,,1929-09-24 12:00,73.094,,,1929-10-21 12:00,69.533,,,1929-11-17 12:00,64.322,,,1929-12-15 12:00,72.407,,,1930-01-11 12:00,65.623,,,1930-02-08 12:00,74.44,,,1930-03-07 12:00,70.568,,,1930-04-03 12:00,67.509,,,1930-04-30 12:00,63.782,,,1930-05-28 12:00,72.915,,,1930-06-24 12:00,67.046,,,1930-07-22 12:00,75.315,,,1930-08-18 12:00,70.216,,,1930-09-14 12:00,66.543,,,1930-10-11 12:00,63.554,,,1930-11-08 12:00,73.442,,,1930-12-05 12:00,68.775,,,1931-01-01 12:00,63.048,,,1931-01-29 12:00,70.898,,,1931-02-25 12:00,66.29,,,1931-03-25 12:00,75.753,,,1931-04-21 12:00,72.789,,,1931-05-18 12:00,69.442,,,1931-06-14 12:00,65.21,,,1931-07-12 12:00,73.438,,,1931-08-08 12:00,68.464,,,1931-09-04 12:00,64.272,,,1931-10-02 12:00,73.327,,,1931-10-29 12:00,70.387,,,1931-11-25 12:00,67.166,,,1931-12-22 12:00,63.127,,,1932-01-19 12:00,71.026,,,1932-02-15 12:00,66.38,,,1932-03-14 12:00,74.603,,,1932-04-10 12:00,71.282,,,1932-05-07 12:00,68.358,,,1932-06-03 12:00,65.269,,,1932-07-01 12:00,73.904,,,1932-07-28 12:00,69.855,,,1932-08-24 12:00,65.704,,,1932-09-21 12:00,73.782,,,1932-10-18 12:00,70.36,,,1932-11-14 12:00,67.321,,,1932-12-11 12:00,64.25,,,1933-01-08 12:00,72.759,,,1933-02-04 12:00,68.873,,,1933-03-03 12:00,64.804,,,1933-03-31 12:00,72.764,,,1933-04-27 12:00,69.27,,,1933-05-24 12:00,66.181,,,1933-06-20 12:00,63.252,,,1933-07-18 12:00,71.991,,,1933-08-14 12:00,68.461,,,1933-09-10 12:00,64.503,,,1933-10-08 12:00,72.408,,,1933-11-04 12:00,68.564,,,1933-12-01 12:00,65.163,,,1933-12-29 12:00,74.106,,,1934-01-25 12:00,71.028,,,1934-02-21 12:00,67.451,,,1934-03-20 12:00,63.175,,,1934-04-17 12:00,71.054,,,1934-05-14 12:00,66.95,,,1934-06-10 12:00,63.497,,,1934-07-08 12:00,72.778,,,1934-08-04 12:00,69.828,,,1934-08-31 12:00,66.31,,,1934-09-28 12:00,74.518,,,1934-10-25 12:00,69.738,,,1934-11-21 12:00,64.989,,,1934-12-19 12:00,73.8,,,1935-01-15 12:00,70.649,,,1935-02-11 12:00,67.639,,,1935-03-10 12:00,63.728,,,1935-04-07 12:00,71.911,,,1935-05-04 12:00,66.549,,,1935-06-01 12:00,74.948,,,1935-06-28 12:00,70.934,,,1935-07-25 12:00,67.793,,,1935-08-21 12:00,64.732,,,1935-09-18 12:00,74.122,,,1935-10-15 12:00,69.135,,,1935-11-11 12:00,63.043,,,1935-12-09 12:00,71.286,,
,,,,1926-10-24 12:00,76.703,,,1926-11-21 12:00,84.507,,,1926-12-18 12:00,79.277,,,1927-01-15 12:00,88.386,,,1927-02-11 12:00,85.267,,,1927-03-10 12:00,82.151,,,1927-04-06 12:00,77.829,,,1927-05-04 12:00,86.085,,,1927-05-31 12:00,80.221,,,1927-06-28 12:00,88.825,,,1927-07-25 12:00,84.657,,,1927-08-21 12:00,81.489,,,1927-09-17 12:00,78.286,,,1927-10-15 12:00,87.801,,,1927-11-11 12:00,82.085,,,1927-12-09 12:00,89.891,,,1928-01-05 12:00,83.775,,,1928-02-01 12:00,79.368,,,1928-02-29 12:00,89.959,,,1928-03-27 12:00,86.712,,,1928-04-23 12:00,82.062,,,1928-05-21 12:00,90.642,,,1928-06-17 12:00,84.068,,,1928-07-14 12:00,78.228,,,1928-08-11 12:00,88.192,,,1928-09-07 12:00,84.835,,,1928-10-04 12:00,81.517,,,1928-11-01 12:00,91.415,,,1928-11-28 12:00,85.135,,,1928-12-26 12:00,92.991,,,1929-01-22 12:00,86.375,,,1929-02-18 12:00,81.804,,,1929-03-17 12:00,78.587,,,1929-04-14 12:00,89.359,,,1929-05-11 12:00,84.597,,,1929-06-07 12:00,78.24,,,1929-07-05 12:00,86.619,,,1929-08-01 12:00,80.613,,,1929-08-29 12:00,90.562,,,1929-09-25 12:00,87.137,,,1929-10-22 12:00,83.806,,,1929-11-18 12:00,79.006,,,1929-12-16 12:00,87.429,,,1930-01-12 12:00,80.271,,,1930-02-09 12:00,88.83,,,1930-03-08 12:00,84.393,,,1930-04-04 12:00,81.221,,,1930-05-01 12:00,77.728,,,1930-05-29 12:00,87.323,,,1930-06-25 12:00,81.456,,,1930-07-23 12:00,89.773,,,1930-08-19 12:00,84.068,,,1930-09-15 12:00,79.905,,,1930-10-12 12:00,76.798,,,1930-11-09 12:00,87.087,,,1930-12-06 12:00,82.653,,,1931-01-02 12:00,76.805,,,1931-01-30 12:00,84.63,,,1931-02-26 12:00,79.411,,,1931-03-26 12:00,88.851,,,1931-04-22 12:00,85.778,,,1931-05-19 12:00,82.558,,,1931-06-15 12:00,78.408,,,1931-07-13 12:00,86.866,,,1931-08-09 12:00,81.518,,,1931-09-05 12:00,76.877,,,1931-10-03 12:00,85.93,,,1931-10-30 12:00,82.9,,,1931-11-26 12:00,79.784,,,1931-12-23 12:00,75.782,,,1932-01-20 12:00,83.816,,,1932-02-16 12:00,78.814,,,1932-03-15 12:00,86.98,,,1932-04-11 12:00,83.442,,,1932-05-08 12:00,80.501,,,1932-06-04 12:00,77.464,,,1932-07-02 12:00,86.29,,,1932-07-29 12:00,82.135,,,1932-08-25 12:00,77.784,,,1932-09-22 12:00,85.83,,,1932-10-19 12:00,82.279,,,1932-11-15 12:00,79.245,,,1932-12-12 12:00,76.207,,,1933-01-09 12:00,84.802,,,1933-02-05 12:00,80.83,,,1933-03-04 12:00,76.687,,,1933-04-01 12:00,84.631,,,1933-04-28 12:00,81.128,,,1933-05-25 12:00,78.046,,,1933-06-21 12:00,75.11,,,1933-07-19 12:00,83.852,,,1933-08-15 12:00,80.331,,,1933-09-11 12:00,76.44,,,1933-10-09 12:00,84.325,,,1933-11-05 12:00,80.552,,,1933-12-02 12:00,77.165,,,1933-12-30 12:00,85.994,,,1934-01-26 12:00,82.903,,,1934-02-22 12:00,79.435,,,1934-03-21 12:00,75.405,,,1934-04-18 12:00,83.259,,,1934-05-15 12:00,79.255,,,1934-06-11 12:00,75.771,,,1934-07-09 12:00,84.843,,,1934-08-05 12:00,81.922,,,1934-09-01 12:00,78.609,,,1934-09-29 12:00,86.843,,,1934-10-26 12:00,82.383,,,1934-11-22 12:00,77.785,,,1934-12-20 12:00,86.301,,,1935-01-16 12:00,83.047,,,1935-02-12 12:00,80.108,,,1935-03-11 12:00,76.577,,,1935-04-08 12:00,84.835,,,1935-05-05 12:00,79.844,,,1935-06-02 12:00,88.002,,,1935-06-29 12:00,83.904,,,1935-07-26 12:00,80.657,,,1935-08-22 12:00,77.717,,,1935-09-19 12:00,87.108,,,1935-10-16 12:00,82.678,,,1935-11-12 12:00,77.032,,,1935-12-10 12:00,84.998,,
,,,,1926-10-25 12:00,89.928,,,1926-11-22 12:00,97.704,,,1926-12-19 12:00,92.566,,,1927-01-16 12:00,101.285,,,1927-02-12 12:00,98.037,,,1927-03-11 12:00,95.083,,,1927-04-07 12:00,91.268,,,1927-05-05 12:00,99.628,,,1927-06-01 12:00,94.111,,,1927-06-29 12:00,102.424,,,1927-07-26 12:00,98.082,,,1927-08-22 12:00,94.782,,,1927-09-18 12:00,91.767,,,1927-10-16 12:00,101.389,,,1927-11-12 12:00,96.314,,,1927-12-10 12:00,104.143,,,1928-01-06 12:00,98.007,,,1928-02-02 12:00,93.256,,,1928-03-01 12:00,103.512,,,1928-03-28 12:00,100.456,,,1928-04-24 12:00,96.376,,,1928-05-22 12:00,105.161,,,1928-06-18 12:00,98.882,,,1928-07-15 12:00,92.84,,,1928-08-12 12:00,102.391,,,1928-09-08 12:00,98.798,,,1928-10-05 12:00,95.657,,,1928-11-02 12:00,105.817,,,1928-11-29 12:00,100.172,,,1928-12-27 12:00,108.115,,,1929-01-23 12:00,101.24,,,1929-02-19 12:00,96.138,,,1929-03-18 12:00,92.711,,,1929-04-15 12:00,103.641,,,1929-05-12 12:00,99.391,,,1929-06-08 12:00,93.427,,,1929-07-06 12:00,101.85,,,1929-08-02 12:00,95.429,,,1929-08-30 12:00,105.064,,,1929-09-26 12:00,101.3,,,1929-10-23 12:00,98.097,,,1929-11-19 12:00,93.764,,,1929-12-17 12:00,102.604,,,1930-01-13 12:00,95.318,,,1930-02-10 12:00,103.625,,,1930-03-09 12:00,98.551,,,1930-04-05 12:00,95.134,,,1930-05-02 12:00,91.831,,,1930-05-30 12:00,101.89,,,1930-06-26 12:00,96.208,,,1930-07-24 12:00,104.644,,,1930-08-20 12:00,98.391,,,1930-09-16 12:00,93.641,,,1930-10-13 12:00,90.291,,,1930-11-10 12:00,100.912,,,1930-12-07 12:00,96.787,,,1931-01-03 12:00,90.989,,,1931-01-31 12:00,98.857,,,1931-02-27 12:00,92.992,,,1931-03-27 12:00,102.32,,,1931-04-23 12:00,99.02,,,1931-05-20 12:00,95.904,,,1931-06-16 12:00,91.913,,,1931-07-14 12:00,100.677,,,1931-08-10 12:00,95.016,,,1931-09-06 12:00,89.865,,,1931-10-04 12:00,98.856,,,1931-10-31 12:00,95.629,,,1931-11-27 12:00,92.606,,,1931-12-24 12:00,88.714,,,1932-01-21 12:00,96.96,,,1932-02-17 12:00,91.598,,,1932-03-16 12:00,99.681,,,1932-04-12 12:00,95.815,,,1932-05-09 12:00,92.796,,,1932-06-05 12:00,89.82,,,1932-07-03 12:00,98.893,,,1932-07-30 12:00,94.669,,,1932-08-26 12:00,90.086,,,1932-09-23 12:00,98.086,,,1932-10-20 12:00,94.311,,,1932-11-16 12:00,91.238,,,1932-12-13 12:00,88.252,,,1933-01-10 12:00,96.991,,,1933-02-06 12:00,92.929,,,1933-03-05 12:00,88.639,,,1933-04-02 12:00,96.555,,,1933-04-29 12:00,92.982,,,1933-05-26 12:00,89.902,,,1933-06-22 12:00,86.976,,,1933-07-20 12:00,95.757,,,1933-08-16 12:00,92.212,,,1933-09-12 12:00,88.311,,,1933-10-10 12:00,96.174,,,1933-11-06 12:00,92.427,,,1933-12-03 12:00,89.071,,,1933-12-31 12:00,97.84,,,1934-01-27 12:00,94.728,,,1934-02-23 12:00,91.294,,,1934-03-22 12:00,87.414,,,1934-04-19 12:00,95.259,,,1934-05-16 12:00,91.359,,,1934-06-12 12:00,87.881,,,1934-07-10 12:00,96.784,,,1934-08-06 12:00,93.858,,,1934-09-02 12:00,90.661,,,1934-09-30 12:00,98.904,,,1934-10-27 12:00,94.708,,,1934-11-23 12:00,90.3,,,1934-12-21 12:00,98.598,,,1935-01-17 12:00,95.264,,,1935-02-13 12:00,92.324,,,1935-03-12 12:00,89.048,,,1935-04-09 12:00,97.363,,,1935-05-06 12:00,92.745,,,1935-06-03 12:00,100.747,,,1935-06-30 12:00,96.634,,,1935-07-27 12:00,93.283,,,1935-08-23 12:00,90.377,,,1935-09-20 12:00,99.711,,,1935-10-17 12:00,95.746,,,1935-11-13 12:00,90.59,,,1935-12-11 12:00,98.387,,
,,,,1926-10-26 12:00,102.723,,,1926-11-23 12:00,110.523,,,1926-12-20 12:00,105.569,,,1927-01-17 12:00,113.979,,,1927-02-13 12:00,110.598,,,1927-03-12 12:00,107.7,,,1927-04-08 12:00,104.267,,,1927-05-06 12:00,112.73,,,1927-06-02 12:00,107.621,,,1927-06-30 12:00,115.735,,,1927-07-27 12:00,111.303,,,1927-08-23 12:00,107.851,,,1927-09-19 12:00,104.91,,,1927-10-17 12:00,114.561,,,1927-11-13 12:00,110.082,,,1927-12-11 12:00,118.002,,,1928-01-07 12:00,112.025,,,1928-02-03 12:00,107.023,,,1928-03-02 12:00,116.886,,,1928-03-29 12:00,113.894,,,1928-04-25 12:00,110.284,,,1928-05-23 12:00,119.263,,,1928-06-19 12:00,113.429,,,1928-07-16 12:00,107.374,,,1928-08-13 12:00,116.518,,,1928-09-09 12:00,112.65,,,1928-10-06 12:00,109.56,,,1928-11-03 12:00,119.865,,,1928-11-30 12:00,114.895,,,1928-12-28 12:00,123.009,,,1929-01-24 12:00,116.124,,,1929-02-20 12:00,110.563,,,1929-03-19 12:00,106.826,,,1929-04-16 12:00,117.76,,,1929-05-13 12:00,113.976,,,1929-06-09 12:00,108.545,,,1929-07-07 12:00,117.087,,,1929-08-03 12:00,110.454,,,1929-08-31 12:00,119.729,,,1929-09-27 12:00,115.554,,,1929-10-24 12:00,112.356,,,1929-11-20 12:00,108.477,,,1929-12-18 12:00,117.759,,,1930-01-14 12:00,110.626,,,1930-02-11 12:00,118.728,,,1930-03-10 12:00,113.02,,,1930-04-06 12:00,109.232,,,1930-05-03 12:00,106.033,,,1930-05-31 12:00,116.504,,,1930-06-27 12:00,111.172,,,1930-07-25 12:00,119.801,,,1930-08-21 12:00,113.143,,,1930-09-17 12:00,107.764,,,1930-10-14 12:00,104.04,,,1930-11-11 12:00,114.878,,,1930-12-08 12:00,111.091,,,1931-01-04 12:00,105.523,,,1931-02-01 12:00,113.527,,,1931-02-28 12:00,107.056,,,1931-03-28 12:00,116.187,,,1931-04-24 12:00,112.531,,,1931-05-21 12:00,109.456,,,1931-06-17 12:00,105.68,,,1931-07-15 12:00,114.817,,,1931-08-11 12:00,108.961,,,1931-09-07 12:00,103.288,,,1931-10-05 12:00,112.155,,,1931-11-01 12:00,108.607,,,1931-11-28 12:00,105.625,,,1931-12-25 12:00,101.907,,,1932-01-22 12:00,110.451,,,1932-02-18 12:00,104.78,,,1932-03-17 12:00,112.77,,,1932-04-13 12:00,108.462,,,1932-05-10 12:00,105.275,,,1932-06-06 12:00,102.349,,,1932-07-04 12:00,111.714,,,1932-07-31 12:00,107.482,,,1932-08-27 12:00,102.671,,,1932-09-24 12:00,110.624,,,1932-10-21 12:00,106.518,,,1932-11-17 12:00,103.332,,,1932-12-14 12:00,100.402,,,1933-01-11 12:00,109.343,,,1933-02-07 12:00,105.223,,,1933-03-06 12:00,100.739,,,1933-04-03 12:00,108.615,,,1933-04-30 12:00,104.887,,,1933-05-27 12:00,101.778,,,1933-06-23 12:00,98.875,,,1933-07-21 12:00,107.744,,,1933-08-17 12:00,104.168,,,1933-09-13 12:00,100.197,,,1933-10-11 12:00,108.033,,,1933-11-07 12:00,104.242,,,1933-12-04 12:00,100.908,,,1934-01-01 12:00,109.67,,,1934-01-28 12:00,106.552,,,1934-02-24 12:00,103.104,,,1934-03-23 12:00,99.283,,,1934-04-20 12:00,107.123,,,1934-05-17 12:00,103.299,,,1934-06-13 12:00,99.849,,,1934-07-11 12:00,108.636,,,1934-08-07 12:00,105.694,,,1934-09-03 12:00,102.547,,,1934-10-01 12:00,110.787,,,1934-10-28 12:00,106.777,,,1934-11-24 12:00,102.554,,,1934-12-22 12:00,110.71,,,1935-01-18 12:00,107.331,,,1935-02-14 12:00,104.353,,,1935-03-13 12:00,101.222,,,1935-04-10 12:00,109.574,,,1935-05-07 12:00,105.286,,,1935-06-04 12:00,113.2,,,1935-07-01 12:00,109.132,,,1935-07-28 12:00,105.702,,,1935-08-24 12:00,102.773,,,1935-09-21 12:00,112.012,,,1935-10-18 12:00,108.4,,,1935-11-14 12:00,103.714,,,1935-12-12 12:00,111.432,,
,,,,1926-10-27 12:00,115.156,,,1926-11-24 12:00,123.006,,,1926-12-21 12:00,118.286,,,1927-01-18 12:00,126.475,,,1927-02-14 12:00,122.988,,,1927-03-13 12:00,120.072,,,1927-04-09 12:00,116.895,,,1927-05-07 12:00,125.441,,,1927-06-03 12:00,120.744,,,1927-07-01 12:00,128.743,,,1927-07-28 12:00,124.308,,,1927-08-24 12:00,120.718,,,1927-09-20 12:00,117.767,,,1927-10-18 12:00,127.373,,,1927-11-14 12:00,123.396,,,1927-12-12 12:00,131.441,,,1928-01-08 12:00,125.76,,,1928-02-04 12:00,120.631,,,1928-03-03 12:00,130.085,,,1928-03-30 12:00,127.058,,,1928-04-26 12:00,123.794,,,1928-05-24 12:00,132.924,,,1928-06-20 12:00,127.612,,,1928-07-17 12:00,121.724,,,1928-08-14 12:00,130.502,,,1928-09-10 12:00,126.372,,,1928-10-07 12:00,123.227,,,1928-11-04 12:00,133.551,,,1928-12-01 12:00,129.213,,,1928-12-29 12:00,137.538,,,1929-01-25 12:00,130.882,,,1929-02-21 12:00,125.004,,,1929-03-20 12:00,120.906,,,1929-04-17 12:00,131.692,,,1929-05-14 12:00,128.277,,,1929-06-10 12:00,123.441,,,1929-07-08 12:00,132.151,,,1929-08-04 12:00,125.543,,,1929-09-01 12:00,134.458,,,1929-09-28 12:00,129.856,,,1929-10-25 12:00,126.54,,,1929-11-21 12:00,123.041,,,1929-12-19 12:00,132.728,,,1930-01-15 12:00,126.01,,,1930-02-12 12:00,133.989,,,1930-03-11 12:00,127.741,,,1930-04-07 12:00,123.491,,,1930-05-04 12:00,120.28,,,1930-06-01 12:00,131.059,,,1930-06-28 12:00,126.191,,,1930-07-26 12:00,135.073,,,1930-08-22 12:00,128.226,,,1930-09-18 12:00,122.253,,,1930-10-15 12:00,118.042,,,1930-11-12 12:00,128.95,,,1930-12-09 12:00,125.469,,,1931-01-05 12:00,120.288,,,1931-02-02 12:00,128.528,,,1931-03-01 12:00,121.584,,,1931-03-29 12:00,130.453,,,1931-04-25 12:00,126.318,,,1931-05-22 12:00,123.188,,,1931-06-18 12:00,119.647,,,1931-07-16 12:00,129.199,,,1931-08-12 12:00,123.311,,,1931-09-08 12:00,117.174,,,1931-10-06 12:00,125.867,,,1931-11-02 12:00,121.865,,,1931-11-29 12:00,118.837,,,1931-12-26 12:00,115.33,,,1932-01-23 12:00,124.251,,,1932-02-19 12:00,118.38,,,1932-03-18 12:00,126.292,,,1932-04-14 12:00,121.445,,,1932-05-11 12:00,117.978,,,1932-06-07 12:00,115.057,,,1932-07-05 12:00,124.744,,,1932-08-01 12:00,120.582,,,1932-08-28 12:00,115.588,,,1932-09-25 12:00,123.512,,,1932-10-22 12:00,118.974,,,1932-11-18 12:00,115.574,,,1932-12-15 12:00,112.671,,,1933-01-12 12:00,121.868,,,1933-02-08 12:00,117.746,,,1933-03-07 12:00,113.058,,,1933-04-04 12:00,120.892,,,1933-05-01 12:00,116.913,,,1933-05-28 12:00,113.715,,,1933-06-24 12:00,110.833,,,1933-07-22 12:00,119.843,,,1933-08-18 12:00,116.254,,,1933-09-14 12:00,112.175,,,1933-10-12 12:00,119.986,,,1933-11-08 12:00,116.063,,,1933-12-05 12:00,112.711,,,1934-01-02 12:00,121.515,,,1934-01-29 12:00,118.416,,,1934-02-25 12:00,114.937,,,1934-03-24 12:00,111.099,,,1934-04-21 12:00,118.934,,,1934-05-18 12:00,115.129,,,1934-06-14 12:00,111.706,,,1934-07-12 12:00,120.432,,,1934-08-08 12:00,117.483,,,1934-09-04 12:00,114.344,,,1934-10-02 12:00,122.584,,,1934-10-29 12:00,118.668,,,1934-11-25 12:00,114.59,,,1934-12-23 12:00,122.668,,,1935-01-19 12:00,119.282,,,1935-02-15 12:00,116.256,,,1935-03-14 12:00,113.185,,,1935-04-11 12:00,121.554,,,1935-05-08 12:00,117.524,,,1935-06-05 12:00,125.402,,,1935-07-02 12:00,121.417,,,1935-07-29 12:00,117.944,,,1935-08-25 12:00,114.965,,,1935-09-22 12:00,124.091,,,1935-10-19 12:00,120.718,,,1935-11-15 12:00,116.437,,,1935-12-13 12:00,124.144,,
,,,,1926-10-28 12:00,127.309,,,1926-11-25 12:00,135.213,,,1926-12-22 12:00,130.733,,,1927-01-19 12:00,138.784,,,1927-02-15 12:00,135.233,,,1927-03-14 12:00,132.26,,,1927-04-10 12:00,129.23,,,1927-05-08 12:00,137.831,,,1927-06-04 12:00,133.505,,,1927-07-02 12:00,141.453,,,1927-07-29 12:00,137.088,,,1927-08-25 12:00,133.401,,,1927-09-21 12:00,130.386,,,1927-10-19 12:00,139.891,,,1927-11-15 12:00,136.299,,,1927-12-13 12:00,144.466,,,1928-01-09 12:00,139.162,,,1928-02-05 12:00,134.039,,,1928-03-04 12:00,143.104,,,1928-03-31 12:00,139.98,,,1928-04-27 12:00,136.934,,,1928-05-25 12:00,146.155,,,1928-06-21 12:00,141.374,,,1928-07-18 12:00,135.792,,,1928-08-15 12:00,144.272,,,1928-09-11 12:00,139.938,,,1928-10-08 12:00,136.664,,,1928-11-05 12:00,146.888,,,1928-12-02 12:00,143.082,,,1928-12-30 12:00,151.614,,,1929-01-26 12:00,145.374,,,1929-02-22 12:00,139.363,,,1929-03-21 12:00,134.914,,,1929-04-18 12:00,145.42,,,1929-05-15 12:00,142.254,,,1929-06-11 12:00,137.995,,,1929-07-09 12:00,146.886,,,1929-08-05 12:00,140.529,,,1929-09-02 12:00,149.123,,,1929-09-29 12:00,144.148,,,1929-10-26 12:00,140.613,,,1929-11-22 12:00,137.376,,,1929-12-20 12:00,147.379,,,1930-01-16 12:00,141.268,,,1930-02-13 12:00,149.221,,,1930-03-12 12:00,142.614,,,1930-04-08 12:00,137.866,,,1930-05-05 12:00,134.522,,,1930-06-02 12:00,145.468,,,1930-06-29 12:00,141.11,,,1930-07-27 12:00,150.272,,,1930-08-23 12:00,143.488,,,1930-09-19 12:00,137.045,,,1930-10-16 12:00,132.28,,,1930-11-13 12:00,143.092,,,1930-12-10 12:00,139.833,,,1931-01-06 12:00,135.141,,,1931-02-03 12:00,143.704,,,1931-03-02 12:00,136.503,,,1931-03-30 12:00,145.08,,,1931-04-26 12:00,140.382,,,1931-05-23 12:00,137.078,,,1931-06-19 12:00,133.744,,,1931-07-17 12:00,143.718,,,1931-08-13 12:00,137.98,,,1931-09-09 12:00,131.507,,,1931-10-07 12:00,140.002,,,1931-11-03 12:00,135.435,,,1931-11-30 12:00,132.24,,,1931-12-27 12:00,128.938,,,1932-01-24 12:00,138.297,,,1932-02-20 12:00,132.38,,,1932-03-19 12:00,140.263,,,1932-04-15 12:00,134.817,,,1932-05-12 12:00,130.949,,,1932-06-08 12:00,127.958,,,1932-07-06 12:00,137.969,,,1932-08-02 12:00,133.954,,,1932-08-29 12:00,128.863,,,1932-09-26 12:00,136.799,,,1932-10-23 12:00,131.752,,,1932-11-19 12:00,128.016,,,1932-12-16 12:00,125.082,,,1933-01-13 12:00,134.572,,,1933-02-09 12:00,130.52,,,1933-03-08 12:00,125.656,,,1933-04-05 12:00,133.463,,,1933-05-02 12:00,129.137,,,1933-05-29 12:00,125.766,,,1933-06-25 12:00,122.881,,,1933-07-23 12:00,132.077,,,1933-08-19 12:00,128.511,,,1933-09-15 12:00,124.32,,,1933-10-13 12:00,132.121,,,1933-11-09 12:00,127.969,,,1933-12-06 12:00,124.531,,,1934-01-03 12:00,133.41,,,1934-01-30 12:00,130.356,,,1934-02-26 12:00,126.856,,,1934-03-25 12:00,122.947,,,1934-04-22 12:00,130.78,,,1934-05-19 12:00,126.919,,,1934-06-15 12:00,123.495,,,1934-07-13 12:00,132.211,,,1934-08-09 12:00,129.269,,,1934-09-05 12:00,126.123,,,1934-10-03 12:00,134.38,,,1934-10-30 12:00,130.47,,,1934-11-26 12:00,126.468,,,1934-12-24 12:00,134.513,,,1935-01-20 12:00,131.146,,,1935-02-16 12:00,128.086,,,1935-03-15 12:00,125.02,,,1935-04-12 12:00,133.398,,,1935-05-09 12:00,129.538,,,1935-06-06 12:00,137.41,,,1935-07-03 12:00,133.517,,,1935-07-30 12:00,130.038,,,1935-08-26 12:00,127.007,,,1935-09-23 12:00,136.024,,,1935-10-20 12:00,132.789,,,1935-11-16 12:00,128.821,,,1935-12-14 12:00,136.556,,
,,,,1926-10-29 12:00,139.27,,,1926-11-26 12:00,147.221,,,1926-12-23 12:00,142.946,,,1927-01-20 12:00,150.925,,,1927-02-16 12:00,147.358,,,1927-03-15 12:00,144.32,,,1927-04-11 12:00,141.35,,,1927-05-09 12:00,149.977,,,1927-06-05 12:00,145.951,,,1927-07-03 12:00,153.887,,,1927-07-30 12:00,149.641,,,1927-08-26 12:00,145.909,,,1927-09-22 12:00,142.813,,,1927-10-20 12:00,152.18,,,1927-11-16 12:00,148.851,,,1927-12-14 12:00,157.117,,,1928-01-10 12:00,152.211,,,1928-02-06 12:00,147.207,,,1928-03-05 12:00,155.934,,,1928-04-01 12:00,152.69,,,1928-04-28 12:00,149.752,,,1928-05-26 12:00,158.997,,,1928-06-22 12:00,154.699,,,1928-07-19 12:00,149.507,,,1928-08-16 12:00,157.764,,,1928-09-12 12:00,153.312,,,1928-10-09 12:00,149.878,,,1928-11-06 12:00,159.906,,,1928-12-03 12:00,156.503,,,1928-12-31 12:00,165.204,,,1929-01-27 12:00,159.491,,,1929-02-23 12:00,153.538,,,1929-03-22 12:00,148.803,,,1929-04-19 12:00,158.935,,,1929-05-16 12:00,155.894,,,1929-06-12 12:00,152.134,,,1929-07-10 12:00,161.187,,,1929-08-06 12:00,155.253,,,1929-09-03 12:00,163.596,,,1929-09-30 12:00,158.355,,,1929-10-27 12:00,154.546,,,1929-11-23 12:00,151.436,,,1929-12-21 12:00,161.632,,,1930-01-17 12:00,156.221,,,1930-02-14 12:00,164.242,,,1930-03-13 12:00,157.505,,,1930-04-09 12:00,152.299,,,1930-05-06 12:00,148.717,,,1930-06-03 12:00,159.673,,,1930-06-30 12:00,155.797,,,1930-07-28 12:00,165.229,,,1930-08-24 12:00,158.749,,,1930-09-20 12:00,152.034,,,1930-10-17 12:00,146.714,,,1930-11-14 12:00,157.275,,,1930-12-11 12:00,154.115,,,1931-01-07 12:00,149.939,,,1931-02-04 12:00,158.879,,,1931-03-03 12:00,151.687,,,1931-03-31 12:00,159.993,,,1931-04-27 12:00,154.704,,,1931-05-24 12:00,151.106,,,1931-06-20 12:00,147.908,,,1931-07-18 12:00,158.264,,,1931-08-14 12:00,152.847,,,1931-09-10 12:00,146.23,,,1931-10-08 12:00,154.541,,,1931-11-04 12:00,149.338,,,1931-12-01 12:00,145.839,,,1931-12-28 12:00,142.691,,,1932-01-25 12:00,152.51,,,1932-02-21 12:00,146.726,,,1932-03-20 12:00,154.661,,,1932-04-16 12:00,148.62,,,1932-05-13 12:00,144.236,,,1932-06-09 12:00,141.07,,,1932-07-07 12:00,151.378,,,1932-08-03 12:00,147.568,,,1932-08-30 12:00,142.494,,,1932-09-27 12:00,150.515,,,1932-10-24 12:00,144.922,,,1932-11-20 12:00,140.725,,,1932-12-17 12:00,137.665,,,1933-01-14 12:00,147.458,,,1933-02-10 12:00,143.549,,,1933-03-09 12:00,138.578,,,1933-04-06 12:00,146.4,,,1933-05-03 12:00,141.641,,,1933-05-30 12:00,137.995,,,1933-06-26 12:00,135.053,,,1933-07-24 12:00,144.472,,,1933-08-20 12:00,140.973,,,1933-09-16 12:00,136.695,,,1933-10-14 12:00,144.521,,,1933-11-10 12:00,140.047,,,1933-12-07 12:00,136.43,,,1934-01-04 12:00,145.396,,,1934-01-31 12:00,142.402,,,1934-02-27 12:00,138.913,,,1934-03-26 12:00,134.91,,,1934-04-23 12:00,142.754,,,1934-05-20 12:00,138.749,,,1934-06-16 12:00,135.271,,,1934-07-14 12:00,144.016,,,1934-08-10 12:00,141.094,,,1934-09-06 12:00,137.946,,,1934-10-04 12:00,146.256,,,1934-10-31 12:00,142.278,,,1934-11-27 12:00,138.266,,,1934-12-25 12:00,146.301,,,1935-01-21 12:00,142.959,,,1935-02-17 12:00,139.888,,,1935-03-16 12:00,136.802,,,1935-04-13 12:00,145.191,,,1935-05-10 12:00,141.412,,,1935-06-07 12:00,149.296,,,1935-07-04 12:00,145.474,,,1935-07-31 12:00,142.012,,,1935-08-27 12:00,138.946,,,1935-09-24 12:00,147.877,,,1935-10-21 12:00,144.701,,,1935-11-17 12:00,140.944,,,1935-12-15 12:00,148.723,,
,,,,1926-10-30 12:00,151.127,,,1926-11-27 12:00,159.111,,,1926-12-24 12:00,154.977,,,1927-01-21 12:00,162.929,,,1927-02-17 12:00,159.382,,,1927-03-16 12:00,156.293,,,1927-04-12 12:00,153.328,,,1927-05-10 12:00,161.957,,,1927-06-06 12:00,158.144,,,1927-07-04 12:00,166.088,,,1927-07-31 12:00,161.978,,,1927-08-27 12:00,158.251,,,1927-09-23 12:00,155.083,,,1927-10-21 12:00,164.296,,,1927-11-17 12:00,161.124,,,1927-12-15 12:00,169.453,,,1928-01-11 12:00,164.913,,,1928-02-07 12:00,160.108,,,1928-03-06 12:00,168.564,,,1928-04-02 12:00,165.211,,,1928-04-29 12:00,162.297,,,1928-05-27 12:00,171.507,,,1928-06-23 12:00,167.609,,,1928-07-20 12:00,162.829,,,1928-08-17 12:00,170.937,,,1928-09-13 12:00,166.462,,,1928-10-10 12:00,162.876,,,1928-11-07 12:00,172.643,,,1928-12-04 12:00,169.507,,,1929-01-01 12:00,178.32,,,1929-01-28 12:00,173.164,,,1929-02-24 12:00,167.431,,,1929-03-23 12:00,162.519,,,1929-04-20 12:00,172.229,,,1929-05-17 12:00,169.207,,,1929-06-13 12:00,165.833,,,1929-07-11 12:00,175.003,,,1929-08-07 12:00,169.59,,,1929-09-04 12:00,177.764,,,1929-10-01 12:00,172.398,,,1929-10-28 12:00,168.31,,,1929-11-24 12:00,165.202,,,1929-12-22 12:00,175.458,,,1930-01-18 12:00,170.745,,,1930-02-15 12:00,178.898,,,1930-03-14 12:00,172.272,,,1930-04-10 12:00,166.712,,,1930-05-07 12:00,162.825,,,1930-06-04 12:00,173.643,,,1930-07-01 12:00,170.165,,,1930-07-29 12:00,179.823,,,1930-08-25 12:00,173.829,,,1930-09-21 12:00,167.079,,,1930-10-18 12:00,161.285,,,1930-11-15 12:00,171.466,,,1930-12-12 12:00,168.27,,,1931-01-08 12:00,164.562,,,1931-02-05 12:00,173.886,,,1931-03-04 12:00,166.973,,,1931-04-01 12:00,175.074,,,1931-04-28 12:00,169.245,,,1931-05-25 12:00,165.252,,,1931-06-21 12:00,162.087,,,1931-07-19 12:00,172.747,,,1931-08-15 12:00,167.772,,,1931-09-11 12:00,161.238,,,1931-10-09 12:00,169.419,,,1931-11-05 12:00,163.579,,,1931-12-02 12:00,159.643,,,1931-12-29 12:00,156.551,,,1932-01-26 12:00,166.809,,,1932-02-22 12:00,161.33,,,1932-03-21 12:00,169.421,,,1932-04-17 12:00,162.864,,,1932-05-14 12:00,157.881,,,1932-06-10 12:00,154.419,,,1932-07-08 12:00,164.965,,,1932-08-04 12:00,161.384,,,1932-08-31 12:00,156.454,,,1932-09-28 12:00,164.653,,,1932-10-25 12:00,158.537,,,1932-11-21 12:00,153.767,,,1932-12-18 12:00,150.459,,,1933-01-15 12:00,160.535,,,1933-02-11 12:00,156.824,,,1933-03-10 12:00,151.847,,,1933-04-07 12:00,159.75,,,1933-05-04 12:00,154.507,,,1933-05-31 12:00,150.474,,,1933-06-27 12:00,147.394,,,1933-07-25 12:00,157.053,,,1933-08-21 12:00,153.658,,,1933-09-17 12:00,149.349,,,1933-10-15 12:00,157.258,,,1933-11-11 12:00,152.391,,,1933-12-08 12:00,148.481,,,1934-01-05 12:00,157.528,,,1934-02-01 12:00,154.584,,,1934-02-28 12:00,151.147,,,1934-03-27 12:00,147.059,,,1934-04-24 12:00,154.942,,,1934-05-21 12:00,150.709,,,1934-06-17 12:00,147.099,,,1934-07-15 12:00,155.895,,,1934-08-11 12:00,152.994,,,1934-09-07 12:00,149.866,,,1934-10-05 12:00,158.28,,,1934-11-01 12:00,154.182,,,1934-11-28 12:00,150.068,,,1934-12-26 12:00,158.099,,,1935-01-22 12:00,154.759,,,1935-02-18 12:00,151.699,,,1935-03-17 12:00,148.594,,,1935-04-14 12:00,157.015,,,1935-05-11 12:00,153.238,,,1935-06-08 12:00,161.139,,,1935-07-05 12:00,157.341,,,1935-08-01 12:00,153.901,,,1935-08-28 12:00,150.82,,,1935-09-25 12:00,159.702,,,1935-10-22 12:00,156.535,,,1935-11-18 12:00,152.891,,,1935-12-16 12:00,160.712,,
,,,,1926-10-31 12:00,162.96,,,1926-11-28 12:00,170.968,,,1926-12-25 12:00,166.889,,,1927-01-22 12:00,174.836,,,1927-02-18 12:00,171.323,,,1927-03-17 12:00,168.21,,,1927-04-13 12:00,165.224,,,1927-05-11 12:00,173.846,,,1927-06-07 12:00,170.158,,,1927-07-05 12:00,178.114,,,1927-08-01 12:00,174.124,,,1927-08-28 12:00,170.436,,,1927-09-24 12:00,167.222,,,1927-10-22 12:00,176.291,,,1927-11-18 12:00,173.19,,,1927-12-16 12:00,181.545,,,1928-01-12 12:00,177.304,,,1928-02-08 12:00,172.732,,,1928-03-07 12:00,180.99,,,1928-04-03 12:00,177.56,,,1928-04-30 12:00,174.618,,,1928-05-28 12:00,183.749,,,1928-06-24 12:00,180.151,,,1928-07-21 12:00,175.757,,,1928-08-18 12:00,183.773,,,1928-09-14 12:00,179.361,,,1928-10-11 12:00,175.66,,,1928-11-08 12:00,185.139,,,1928-12-05 12:00,182.151,,,1929-01-02 12:00,191.011,,,1929-01-29 12:00,186.377,,,1929-02-25 12:00,180.976,,,1929-03-24 12:00,176.009,,,1929-04-21 12:00,185.295,,,1929-05-18 12:00,182.218,,,1929-06-14 12:00,179.107,,,1929-07-12 12:00,188.337,,,1929-08-08 12:00,183.466,,,1929-09-05 12:00,191.548,,,1929-10-02 12:00,186.204,,,1929-10-29 12:00,181.881,,,1929-11-25 12:00,178.678,,,1929-12-23 12:00,188.87,,,1930-01-19 12:00,184.775,,,1930-02-16 12:00,193.095,,,1930-03-15 12:00,186.781,,,1930-04-11 12:00,181.021,,,1930-05-08 12:00,176.814,,,1930-06-05 12:00,187.368,,,1930-07-02 12:00,184.174,,,1930-07-30 12:00,193.987,,,1930-08-26 12:00,188.581,,,1930-09-22 12:00,182.03,,,1930-10-19 12:00,175.909,,,1930-11-16 12:00,185.632,,,1930-12-13 12:00,182.275,,,1931-01-09 12:00,178.931,,,1931-02-06 12:00,188.599,,,1931-03-05 12:00,182.184,,,1931-04-02 12:00,190.179,,,1931-04-29 12:00,183.939,,,1931-05-26 12:00,179.495,,,1931-06-22 12:00,176.245,,,1931-07-20 12:00,187.097,,,1931-08-16 12:00,182.62,,,1931-09-12 12:00,176.388,,,1931-10-10 12:00,184.527,,,1931-11-06 12:00,178.133,,,1931-12-03 12:00,173.66,,,1931-12-30 12:00,170.495,,,1932-01-27 12:00,181.121,,,1932-02-23 12:00,176.079,,,1932-03-22 12:00,184.435,,,1932-04-18 12:00,177.523,,,1932-05-15 12:00,171.913,,,1932-06-11 12:00,168.032,,,1932-07-09 12:00,178.726,,,1932-08-05 12:00,175.356,,,1932-09-01 12:00,170.685,,,1932-09-29 12:00,179.165,,,1932-10-26 12:00,172.625,,,1932-11-22 12:00,167.209,,,1932-12-19 12:00,163.512,,,1933-01-16 12:00,173.815,,,1933-02-12 12:00,170.325,,,1933-03-11 12:00,165.46,,,1933-04-08 12:00,173.536,,,1933-05-05 12:00,167.806,,,1933-06-01 12:00,163.281,,,1933-06-28 12:00,159.958,,,1933-07-26 12:00,169.846,,,1933-08-22 12:00,166.577,,,1933-09-18 12:00,162.311,,,1933-10-16 12:00,170.384,,,1933-11-12 12:00,165.087,,,1933-12-09 12:00,160.769,,,1934-01-06 12:00,169.864,,,1934-02-02 12:00,166.932,,,1934-03-01 12:00,163.586,,,1934-03-28 12:00,159.454,,,1934-04-25 12:00,167.422,,,1934-05-22 12:00,162.888,,,1934-06-18 12:00,159.054,,,1934-07-16 12:00,167.905,,,1934-08-12 12:00,165.005,,,1934-09-08 12:00,161.921,,,1934-10-06 12:00,170.503,,,1934-11-02 12:00,166.267,,,1934-11-29 12:00,161.964,,,1934-12-27 12:00,169.982,,,1935-01-23 12:00,166.591,,,1935-02-19 12:00,163.554,,,1935-03-18 12:00,160.447,,,1935-04-15 12:00,168.935,,,1935-05-12 12:00,165.101,,,1935-06-09 12:00,173.022,,,1935-07-06 12:00,169.178,,,1935-08-02 12:00,165.74,,,1935-08-29 12:00,162.662,,,1935-09-26 12:00,171.542,,,1935-10-23 12:00,168.362,,,1935-11-19 12:00,164.749,,,1935-12-17 12:00,172.6,,
,,,,1926-11-01 12:00,174.838,,,1926-11-29 12:00,182.872,,,1926-12-26 12:00,178.757,,,1927-01-23 12:00,186.698,,,1927-02-19 12:00,183.208,,,1927-03-18 12:00,180.097,,,1927-04-14 12:00,177.088,,,1927-05-12 12:00,185.709,,,1927-06-08 12:00,182.068,,,1927-07-06 12:00,190.031,,,1927-08-02 12:00,186.116,,,1927-08-29 12:00,182.48,,,1927-09-25 12:00,179.251,,,1927-10-23 12:00,188.203,,,1927-11-19 12:00,185.118,,,1927-12-17 12:00,193.472,,,1928-01-13 12:00,189.438,,,1928-02-09 12:00,185.09,,,1928-03-08 12:00,193.217,,,1928-04-04 12:00,189.754,,,1928-05-01 12:00,186.763,,,1928-05-29 12:00,195.791,,,1928-06-25 12:00,192.392,,,1928-07-22 12:00,188.319,,,1928-08-19 12:00,196.286,,,1928-09-15 12:00,191.995,,,1928-10-12 12:00,188.235,,,1928-11-09 12:00,197.432,,,1928-12-06 12:00,194.498,,,1929-01-03 12:00,203.351,,,1929-01-30 12:00,199.156,,,1929-02-26 12:00,194.136,,,1929-03-25 12:00,189.231,,,1929-04-22 12:00,198.132,,,1929-05-19 12:00,194.963,,,1929-06-15 12:00,191.999,,,1929-07-13 12:00,201.231,,,1929-08-09 12:00,196.862,,,1929-09-06 12:00,204.914,,,1929-10-03 12:00,199.717,,,1929-10-30 12:00,195.238,,,1929-11-26 12:00,191.884,,,1929-12-24 12:00,201.911,,,1930-01-20 12:00,198.31,,,1930-02-17 12:00,206.795,,,1930-03-16 12:00,200.93,,,1930-04-12 12:00,195.142,,,1930-05-09 12:00,190.652,,,1930-06-06 12:00,200.857,,,1930-07-03 12:00,197.822,,,1930-07-31 12:00,207.708,,,1930-08-27 12:00,202.908,,,1930-09-23 12:00,196.744,,,1930-10-20 12:00,190.488,,,1930-11-17 12:00,199.73,,,1930-12-14 12:00,196.125,,,1931-01-10 12:00,193.007,,,1931-02-07 12:00,202.938,,,1931-03-06 12:00,197.16,,,1931-04-03 12:00,205.158,,,1931-04-30 12:00,198.694,,,1931-05-27 12:00,193.804,,,1931-06-23 12:00,190.359,,,1931-07-21 12:00,201.273,,,1931-08-17 12:00,197.282,,,1931-09-13 12:00,191.525,,,1931-10-11 12:00,199.722,,,1931-11-07 12:00,192.942,,,1931-12-04 12:00,187.887,,,1931-12-31 12:00,184.509,,,1932-01-28 12:00,195.39,,,1932-02-24 12:00,190.854,,,1932-03-23 12:00,199.563,,,1932-04-19 12:00,192.522,,,1932-05-16 12:00,186.333,,,1932-06-12 12:00,181.934,,,1932-07-10 12:00,192.662,,,1932-08-06 12:00,189.442,,,1932-09-02 12:00,185.109,,,1932-09-30 12:00,193.962,,,1932-10-27 12:00,187.17,,,1932-11-23 12:00,181.096,,,1932-12-20 12:00,176.874,,,1933-01-17 12:00,187.316,,,1933-02-13 12:00,184.023,,,1933-03-12 12:00,179.385,,,1933-04-09 12:00,187.738,,,1933-05-06 12:00,181.583,,,1933-06-02 12:00,176.49,,,1933-06-29 12:00,172.805,,,1933-07-27 12:00,182.882,,,1933-08-23 12:00,179.731,,,1933-09-19 12:00,175.589,,,1933-10-17 12:00,183.92,,,1933-11-13 12:00,178.21,,,1933-12-10 12:00,173.379,,,1934-01-07 12:00,182.472,,,1934-02-03 12:00,179.477,,,1934-03-02 12:00,176.248,,,1934-03-29 12:00,172.133,,,1934-04-26 12:00,180.251,,,1934-05-23 12:00,175.374,,,1934-06-19 12:00,171.22,,,1934-07-17 12:00,180.11,,,1934-08-13 12:00,177.165,,,1934-09-09 12:00,174.142,,,1934-10-07 12:00,182.961,,,1934-11-03 12:00,178.603,,,1934-11-30 12:00,174.045,,,1934-12-28 12:00,182.031,,,1935-01-24 12:00,178.508,,,1935-02-20 12:00,175.482,,,1935-03-19 12:00,172.4,,,1935-04-16 12:00,181.005,,,1935-05-13 12:00,177.081,,,1935-06-10 12:00,185.025,,,1935-07-07 12:00,181.057,,,1935-08-03 12:00,177.574,,,1935-08-30 12:00,174.501,,,1935-09-27 12:00,183.428,,,1935-10-24 12:00,180.237,,,1935-11-20 12:00,176.6,,,1935-12-18 12:00,184.467,,
,,,,1926-11-02 12:00,186.816,,,1926-11-30 12:00,194.894,,,1926-12-27 12:00,190.657,,,1927-01-24 12:00,198.579,,,1927-02-20 12:00,195.069,,,1927-03-19 12:00,191.975,,,1927-04-15 12:00,188.96,,,1927-05-13 12:00,197.601,,,1927-06-09 12:00,193.95,,,1927-07-07 12:00,201.916,,,1927-08-03 12:00,198.009,,,1927-08-30 12:00,194.408,,,1927-09-26 12:00,191.189,,,1927-10-24 12:00,200.066,,,1927-11-20 12:00,196.971,,,1927-12-18 12:00,205.311,,,1928-01-14 12:00,201.387,,,1928-02-10 12:00,197.217,,,1928-03-09 12:00,205.265,,,1928-04-05 12:00,201.807,,,1928-05-02 12:00,198.771,,,1928-05-30 12:00,207.695,,,1928-06-26 12:00,204.408,,,1928-07-23 12:00,200.574,,,1928-08-20 12:00,208.515,,,1928-09-16 12:00,204.37,,,1928-10-13 12:00,200.607,,,1928-11-10 12:00,209.556,,,1928-12-07 12:00,206.616,,,1929-01-04 12:00,215.422,,,1929-01-31 12:00,211.56,,,1929-02-27 12:00,206.915,,,1929-03-26 12:00,202.162,,,1929-04-23 12:00,210.743,,,1929-05-20 12:00,207.475,,,1929-06-16 12:00,204.567,,,1929-07-14 12:00,213.755,,,1929-08-10 12:00,209.807,,,1929-09-07 12:00,217.866,,,1929-10-04 12:00,212.903,,,1929-10-31 12:00,208.362,,,1929-11-27 12:00,204.844,,,1929-12-25 12:00,214.638,,,1930-01-21 12:00,211.39,,,1930-02-18 12:00,220.014,,,1930-03-17 12:00,214.662,,,1930-04-13 12:00,209.005,,,1930-05-10 12:00,204.309,,,1930-06-07 12:00,214.122,,,1930-07-04 12:00,211.136,,,1930-08-01 12:00,221.015,,,1930-08-28 12:00,216.772,,,1930-09-24 12:00,211.111,,,1930-10-21 12:00,204.919,,,1930-11-18 12:00,213.713,,,1930-12-15 12:00,209.819,,,1931-01-11 12:00,206.786,,,1931-02-08 12:00,216.878,,,1931-03-07 12:00,211.78,,,1931-04-04 12:00,219.875,,,1931-05-01 12:00,213.402,,,1931-05-28 12:00,208.135,,,1931-06-24 12:00,204.414,,,1931-07-22 12:00,215.258,,,1931-08-18 12:00,211.681,,,1931-09-14 12:00,206.5,,,1931-10-12 12:00,214.846,,,1931-11-08 12:00,207.907,,,1931-12-05 12:00,202.301,,,1932-01-01 12:00,198.586,,,1932-01-29 12:00,209.578,,,1932-02-25 12:00,205.545,,,1932-03-24 12:00,214.651,,,1932-04-20 12:00,207.737,,,1932-05-17 12:00,201.102,,,1932-06-13 12:00,196.133,,,1932-07-11 12:00,206.77,,,1932-08-07 12:00,203.602,,,1932-09-03 12:00,199.637,,,1932-10-01 12:00,208.92,,,1932-10-28 12:00,202.103,,,1932-11-24 12:00,195.447,,,1932-12-21 12:00,190.591,,,1933-01-18 12:00,201.052,,,1933-02-14 12:00,197.889,,,1933-03-13 12:00,193.566,,,1933-04-10 12:00,202.295,,,1933-05-07 12:00,195.847,,,1933-06-03 12:00,190.159,,,1933-06-30 12:00,185.992,,,1933-07-28 12:00,196.19,,,1933-08-24 12:00,193.114,,,1933-09-20 12:00,189.166,,,1933-10-18 12:00,197.853,,,1933-11-14 12:00,191.808,,,1933-12-11 12:00,186.395,,,1934-01-08 12:00,195.42,,,1934-02-04 12:00,192.254,,,1934-03-03 12:00,189.137,,,1934-03-30 12:00,185.115,,,1934-04-27 12:00,193.464,,,1934-05-24 12:00,188.24,,,1934-06-20 12:00,183.678,,,1934-07-18 12:00,192.576,,,1934-08-14 12:00,189.511,,,1934-09-10 12:00,186.55,,,1934-10-08 12:00,195.669,,,1934-11-04 12:00,191.239,,,1934-12-01 12:00,186.394,,,1934-12-29 12:00,194.328,,,1935-01-25 12:00,190.569,,,1935-02-21 12:00,187.515,,,1935-03-20 12:00,184.481,,,1935-04-17 12:00,193.26,,,1935-05-14 12:00,189.244,,,1935-06-11 12:00,197.227,,,1935-07-08 12:00,193.051,,,1935-08-04 12:00,189.454,,,1935-08-31 12:00,186.367,,,1935-09-28 12:00,195.383,,,1935-10-25 12:00,192.204,,,1935-11-21 12:00,188.515,,,1935-12-19 12:00,196.395,,
,,,,1926-11-03 12:00,198.937,,,1926-12-01 12:00,207.094,,,1926-12-28 12:00,202.67,,,1927-01-25 12:00,210.552,,,1927-02-21 12:00,206.95,,,1927-03-20 12:00,203.867,,,1927-04-16 12:00,200.867,,,1927-05-14 12:00,209.568,,,1927-06-10 12:00,205.872,,,1927-07-08 12:00,213.845,,,1927-08-04 12:00,209.868,,,1927-08-31 12:00,206.258,,,1927-09-27 12:00,203.056,,,1927-10-25 12:00,211.906,,,1927-11-21 12:00,208.801,,,1927-12-19 12:00,217.139,,,1928-01-15 12:00,213.232,,,1928-02-11 12:00,209.165,,,1928-03-10 12:00,217.171,,,1928-04-06 12:00,213.741,,,1928-05-03 12:00,210.678,,,1928-05-31 12:00,219.521,,,1928-06-27 12:00,216.28,,,1928-07-24 12:00,212.594,,,1928-08-21 12:00,220.522,,,1928-09-17 12:00,216.513,,,1928-10-14 12:00,212.789,,,1928-11-11 12:00,221.544,,,1928-12-08 12:00,218.571,,,1929-01-05 12:00,227.312,,,1929-02-01 12:00,223.669,,,1929-02-28 12:00,219.348,,,1929-03-27 12:00,214.797,,,1929-04-24 12:00,223.138,,,1929-05-21 12:00,219.791,,,1929-06-17 12:00,216.878,,,1929-07-15 12:00,225.987,,,1929-08-11 12:00,222.359,,,1929-09-08 12:00,230.446,,,1929-10-05 12:00,225.756,,,1929-11-01 12:00,221.244,,,1929-11-28 12:00,217.584,,,1929-12-26 12:00,227.113,,,1930-01-22 12:00,224.082,,,1930-02-19 12:00,232.806,,,1930-03-18 12:00,227.962,,,1930-04-14 12:00,222.555,,,1930-05-11 12:00,217.759,,,1930-06-08 12:00,227.178,,,1930-07-05 12:00,224.159,,,1930-08-02 12:00,233.959,,,1930-08-29 12:00,230.18,,,1930-09-25 12:00,225.064,,,1930-10-22 12:00,219.108,,,1930-11-19 12:00,227.527,,,1930-12-16 12:00,223.358,,,1931-01-12 12:00,220.288,,,1931-02-09 12:00,230.427,,,1931-03-08 12:00,225.974,,,1931-04-05 12:00,234.224,,,1931-05-02 12:00,227.947,,,1931-05-29 12:00,222.426,,,1931-06-25 12:00,218.395,,,1931-07-23 12:00,229.047,,,1931-08-19 12:00,225.777,,,1931-09-15 12:00,221.19,,,1931-10-13 12:00,229.744,,,1931-11-09 12:00,222.896,,,1931-12-06 12:00,216.852,,,1932-01-02 12:00,212.715,,,1932-01-30 12:00,223.661,,,1932-02-26 12:00,220.061,,,1932-03-25 12:00,229.554,,,1932-04-21 12:00,223.005,,,1932-05-18 12:00,216.134,,,1932-06-14 12:00,210.612,,,1932-07-12 12:00,221.032,,,1932-08-08 12:00,217.8,,,1932-09-04 12:00,214.177,,,1932-10-02 12:00,223.895,,,1932-10-29 12:00,217.299,,,1932-11-25 12:00,210.228,,,1932-12-22 12:00,204.688,,,1933-01-19 12:00,215.034,,,1933-02-15 12:00,211.891,,,1933-03-14 12:00,207.923,,,1933-04-11 12:00,217.098,,,1933-05-08 12:00,210.552,,,1933-06-04 12:00,204.316,,,1933-07-01 12:00,199.571,,,1933-07-29 12:00,209.796,,,1933-08-25 12:00,206.715,,,1933-09-21 12:00,203.003,,,1933-10-19 12:00,212.124,,,1933-11-15 12:00,205.889,,,1933-12-12 12:00,199.881,,,1934-01-09 12:00,208.768,,,1934-02-05 12:00,205.298,,,1934-03-04 12:00,202.254,,,1934-03-31 12:00,198.393,,,1934-04-28 12:00,207.057,,,1934-05-25 12:00,201.539,,,1934-06-21 12:00,196.507,,,1934-07-19 12:00,205.37,,,1934-08-15 12:00,202.086,,,1934-09-11 12:00,199.158,,,1934-10-09 12:00,208.624,,,1934-11-05 12:00,204.203,,,1934-12-02 12:00,199.081,,,1934-12-30 12:00,206.953,,,1935-01-26 12:00,202.84,,,1935-02-22 12:00,199.687,,,1935-03-21 12:00,196.708,,,1935-04-18 12:00,205.718,,,1935-05-15 12:00,201.641,,,1935-06-12 12:00,209.691,,,1935-07-09 12:00,205.237,,,1935-08-05 12:00,201.439,,,1935-09-01 12:00,198.293,,,1935-09-29 12:00,207.428,,,1935-10-26 12:00,204.291,,,1935-11-22 12:00,200.554,,,1935-12-20 12:00,208.458,,
,,,,1926-11-04 12:00,211.225,,,1926-12-02 12:00,219.519,,,1926-12-29 12:00,214.87,,,1927-01-26 12:00,222.695,,,1927-02-22 12:00,218.907,,,1927-03-21 12:00,215.799,,,1927-04-17 12:00,212.834,,,1927-05-15 12:00,221.645,,,1927-06-11 12:00,217.899,,,1927-07-09 12:00,225.895,,,1927-08-05 12:00,221.769,,,1927-09-01 12:00,218.082,,,1927-09-28 12:00,214.88,,,1927-10-26 12:00,223.751,,,1927-11-22 12:00,220.654,,,1927-12-20 12:00,229.02,,,1928-01-16 12:00,225.06,,,1928-02-12 12:00,221.006,,,1928-03-11 12:00,228.988,,,1928-04-07 12:00,225.586,,,1928-05-04 12:00,222.519,,,1928-06-01 12:00,231.321,,,1928-06-28 12:00,228.083,,,1928-07-25 12:00,224.464,,,1928-08-22 12:00,232.385,,,1928-09-18 12:00,228.469,,,1928-10-15 12:00,224.803,,,1928-11-12 12:00,233.429,,,1928-12-09 12:00,230.421,,,1929-01-06 12:00,239.103,,,1929-02-02 12:00,235.576,,,1929-03-01 12:00,231.498,,,1929-03-28 12:00,227.157,,,1929-04-25 12:00,235.338,,,1929-05-22 12:00,231.943,,,1929-06-18 12:00,228.993,,,1929-07-16 12:00,238.011,,,1929-08-12 12:00,234.6,,,1929-09-09 12:00,242.719,,,1929-10-06 12:00,238.296,,,1929-11-02 12:00,233.883,,,1929-11-29 12:00,230.128,,,1929-12-27 12:00,239.394,,,1930-01-23 12:00,236.467,,,1930-02-20 12:00,245.244,,,1930-03-19 12:00,240.853,,,1930-04-15 12:00,235.768,,,1930-05-12 12:00,230.977,,,1930-06-09 12:00,240.036,,,1930-07-06 12:00,236.934,,,1930-08-03 12:00,246.602,,,1930-08-30 12:00,243.173,,,1930-09-26 12:00,238.578,,,1930-10-23 12:00,232.98,,,1930-11-20 12:00,241.121,,,1930-12-17 12:00,236.735,,,1931-01-13 12:00,233.542,,,1931-02-10 12:00,243.622,,,1931-03-09 12:00,239.719,,,1931-04-06 12:00,248.144,,,1931-05-03 12:00,242.222,,,1931-05-30 12:00,236.603,,,1931-06-26 12:00,232.279,,,1931-07-24 12:00,242.643,,,1931-08-20 12:00,239.556,,,1931-09-16 12:00,235.516,,,1931-10-14 12:00,244.294,,,1931-11-10 12:00,237.763,,,1931-12-07 12:00,231.458,,,1932-01-03 12:00,226.875,,,1932-01-31 12:00,237.622,,,1932-02-27 12:00,234.34,,,1932-03-26 12:00,244.156,,,1932-04-22 12:00,238.153,,,1932-05-19 12:00,231.294,,,1932-06-15 12:00,225.316,,,1932-07-13 12:00,235.413,,,1932-08-09 12:00,232.003,,,1932-09-05 12:00,228.646,,,1932-10-03 12:00,238.748,,,1932-10-30 12:00,232.59,,,1932-11-26 12:00,225.348,,,1932-12-23 12:00,219.159,,,1933-01-20 12:00,229.253,,,1933-02-16 12:00,225.997,,,1933-03-15 12:00,222.37,,,1933-04-12 12:00,232.012,,,1933-05-09 12:00,225.594,,,1933-06-05 12:00,218.942,,,1933-07-02 12:00,213.573,,,1933-07-30 12:00,223.714,,,1933-08-26 12:00,220.519,,,1933-09-22 12:00,217.042,,,1933-10-20 12:00,226.641,,,1933-11-16 12:00,220.408,,,1933-12-13 12:00,213.871,,,1934-01-10 12:00,222.558,,,1934-02-06 12:00,218.643,,,1934-03-05 12:00,215.593,,,1934-04-01 12:00,211.94,,,1934-04-29 12:00,220.993,,,1934-05-26 12:00,215.287,,,1934-06-22 12:00,209.769,,,1934-07-20 12:00,218.552,,,1934-08-16 12:00,214.932,,,1934-09-12 12:00,211.978,,,1934-10-10 12:00,221.808,,,1934-11-06 12:00,217.49,,,1934-12-03 12:00,212.154,,,1934-12-31 12:00,219.97,,,1935-01-27 12:00,215.39,,,1935-02-23 12:00,212.037,,,1935-03-22 12:00,209.096,,,1935-04-19 12:00,218.386,,,1935-05-16 12:00,214.302,,,1935-06-13 12:00,222.467,,,1935-07-10 12:00,217.688,,,1935-08-06 12:00,213.595,,,1935-09-02 12:00,210.319,,,1935-09-30 12:00,219.584,,,1935-10-27 12:00,216.517,,,1935-11-23 12:00,212.764,,,1935-12-21 12:00,220.721,,
,,,,1926-11-05 12:00,223.696,,,1926-12-03 12:00,232.196,,,1926-12-30 12:00,227.326,,,1927-01-27 12:00,235.087,,,1927-02-23 12:00,231.006,,,1927-03-22 12:00,227.81,,,1927-04-18 12:00,224.883,,,1927-05-16 12:00,233.858,,,1927-06-12 12:00,230.081,,,1927-07-10 12:00,238.137,,,1927-08-06 12:00,233.795,,,1927-09-02 12:00,229.945,,,1927-09-29 12:00,226.699,,,1927-10-27 12:00,235.629,,,1927-11-23 12:00,232.567,,,1927-12-21 12:00,241.014,,,1928-01-17 12:00,236.954,,,1928-02-13 12:00,232.821,,,1928-03-12 12:00,240.785,,,1928-04-08 12:00,237.382,,,1928-05-05 12:00,234.326,,,1928-06-02 12:00,243.139,,,1928-06-29 12:00,239.89,,,1928-07-26 12:00,236.273,,,1928-08-23 12:00,244.19,,,1928-09-19 12:00,240.302,,,1928-10-16 12:00,236.684,,,1928-11-13 12:00,245.243,,,1928-12-10 12:00,242.216,,,1929-01-07 12:00,250.866,,,1929-02-03 12:00,247.374,,,1929-03-02 12:00,243.444,,,1929-03-29 12:00,239.283,,,1929-04-26 12:00,247.373,,,1929-05-23 12:00,243.965,,,1929-06-19 12:00,240.97,,,1929-07-17 12:00,249.904,,,1929-08-13 12:00,246.616,,,1929-09-10 12:00,254.764,,,1929-10-07 12:00,250.566,,,1929-11-03 12:00,246.291,,,1929-11-30 12:00,242.497,,,1929-12-28 12:00,251.527,,,1930-01-24 12:00,248.624,,,1930-02-21 12:00,257.414,,,1930-03-20 12:00,253.386,,,1930-04-16 12:00,248.644,,,1930-05-13 12:00,243.949,,,1930-06-10 12:00,252.705,,,1930-07-07 12:00,249.505,,,1930-08-04 12:00,259.006,,,1930-08-31 12:00,255.814,,,1930-09-27 12:00,251.67,,,1930-10-24 12:00,246.491,,,1930-11-21 12:00,254.449,,,1930-12-18 12:00,249.936,,,1931-01-14 12:00,246.579,,,1931-02-11 12:00,256.51,,,1931-03-10 12:00,253.032,,,1931-04-07 12:00,261.617,,,1931-05-04 12:00,256.148,,,1931-05-31 12:00,250.588,,,1931-06-27 12:00,246.036,,,1931-07-25 12:00,256.046,,,1931-08-21 12:00,253.03,,,1931-09-17 12:00,249.438,,,1931-10-15 12:00,258.415,,,1931-11-11 12:00,252.364,,,1931-12-08 12:00,246.01,,,1932-01-04 12:00,241.027,,,1932-02-01 12:00,251.446,,,1932-02-28 12:00,248.346,,,1932-03-27 12:00,258.383,,,1932-04-23 12:00,253.021,,,1932-05-20 12:00,246.416,,,1932-06-16 12:00,240.151,,,1932-07-14 12:00,249.853,,,1932-08-10 12:00,246.178,,,1932-09-06 12:00,242.976,,,1932-10-04 12:00,253.361,,,1932-10-31 12:00,247.789,,,1932-11-27 12:00,240.657,,,1932-12-24 12:00,233.951,,,1933-01-21 12:00,243.678,,,1933-02-17 12:00,240.175,,,1933-03-16 12:00,236.816,,,1933-04-13 12:00,246.89,,,1933-05-10 12:00,240.819,,,1933-06-06 12:00,233.957,,,1933-07-03 12:00,227.993,,,1933-07-31 12:00,237.936,,,1933-08-27 12:00,234.506,,,1933-09-23 12:00,231.216,,,1933-10-21 12:00,241.284,,,1933-11-17 12:00,235.264,,,1933-12-14 12:00,228.352,,,1934-01-11 12:00,236.8,,,1934-02-07 12:00,232.315,,,1934-03-06 12:00,229.144,,,1934-04-02 12:00,225.708,,,1934-04-30 12:00,235.202,,,1934-05-27 12:00,229.457,,,1934-06-23 12:00,223.5,,,1934-07-21 12:00,232.166,,,1934-08-17 12:00,228.091,,,1934-09-13 12:00,225.019,,,1934-10-11 12:00,235.196,,,1934-11-07 12:00,231.07,,,1934-12-04 12:00,225.63,,,1935-01-01 12:00,233.424,,,1935-01-28 12:00,228.286,,,1935-02-24 12:00,224.613,,,1935-03-23 12:00,221.659,,,1935-04-20 12:00,231.257,,,1935-05-17 12:00,227.238,,,1935-06-14 12:00,235.582,,,1935-07-11 12:00,230.469,,,1935-08-07 12:00,225.993,,,1935-09-03 12:00,222.492,,,1935-10-01 12:00,231.878,,,1935-10-28 12:00,228.892,,,1935-11-24 12:00,225.175,,,1935-12-22 12:00,233.238,,
,,,,1926-11-06 12:00,236.352,,,1926-12-04 12:00,245.135,,,1926-12-31 12:00,240.091,,,1927-01-28 12:00,247.806,,,1927-02-24 12:00,243.324,,,1927-03-23 12:00,239.947,,,1927-04-19 12:00,237.037,,,1927-05-17 12:00,246.227,,,1927-06-13 12:00,242.461,,,1927-07-11 12:00,250.632,,,1927-08-07 12:00,246.028,,,1927-09-03 12:00,241.925,,,1927-09-30 12:00,238.562,,,1927-10-28 12:00,247.577,,,1927-11-24 12:00,244.571,,,1927-12-22 12:00,253.167,,,1928-01-18 12:00,248.996,,,1928-02-14 12:00,244.701,,,1928-03-13 12:00,252.642,,,1928-04-09 12:00,249.18,,,1928-05-06 12:00,246.135,,,1928-06-03 12:00,255.017,,,1928-06-30 12:00,251.762,,,1928-07-27 12:00,248.104,,,1928-08-24 12:00,256.031,,,1928-09-20 12:00,252.088,,,1928-10-17 12:00,248.478,,,1928-11-14 12:00,257.022,,,1928-12-11 12:00,254.0,,,1929-01-08 12:00,262.664,,,1929-02-04 12:00,259.151,,,1929-03-03 12:00,255.274,,,1929-03-30 12:00,251.234,,,1929-04-27 12:00,259.284,,,1929-05-24 12:00,255.888,,,1929-06-20 12:00,252.859,,,1929-07-18 12:00,261.732,,,1929-08-14 12:00,258.497,,,1929-09-11 12:00,266.669,,,1929-10-08 12:00,262.626,,,1929-11-04 12:00,258.492,,,1929-12-01 12:00,254.711,,,1929-12-29 12:00,263.554,,,1930-01-25 12:00,260.626,,,1930-02-22 12:00,269.399,,,1930-03-21 12:00,265.633,,,1930-04-17 12:00,261.206,,,1930-05-14 12:00,256.669,,,1930-06-11 12:00,265.19,,,1930-07-08 12:00,261.905,,,1930-08-05 12:00,271.228,,,1930-09-01 12:00,268.173,,,1930-09-28 12:00,264.383,,,1930-10-25 12:00,259.625,,,1930-11-22 12:00,267.485,,,1930-12-19 12:00,262.942,,,1931-01-15 12:00,259.421,,,1931-02-12 12:00,269.141,,,1931-03-11 12:00,265.955,,,1931-04-08 12:00,274.661,,,1931-05-05 12:00,269.674,,,1931-06-01 12:00,264.308,,,1931-06-28 12:00,259.623,,,1931-07-26 12:00,269.253,,,1931-08-22 12:00,266.219,,,1931-09-18 12:00,262.954,,,1931-10-16 12:00,272.075,,,1931-11-12 12:00,266.59,,,1931-12-09 12:00,260.392,,,1932-01-05 12:00,255.115,,,1932-02-02 12:00,265.118,,,1932-02-29 12:00,262.067,,,1932-03-28 12:00,272.202,,,1932-04-24 12:00,267.489,,,1932-05-21 12:00,261.331,,,1932-06-17 12:00,254.989,,,1932-07-15 12:00,264.269,,,1932-08-11 12:00,260.285,,,1932-09-07 12:00,257.119,,,1932-10-05 12:00,267.653,,,1932-11-01 12:00,262.727,,,1932-11-28 12:00,255.966,,,1932-12-25 12:00,248.961,,,1933-01-22 12:00,258.246,,,1933-02-18 12:00,254.388,,,1933-03-17 12:00,251.187,,,1933-04-14 12:00,261.602,,,1933-05-11 12:00,256.043,,,1933-06-07 12:00,249.223,,,1933-07-04 12:00,242.78,,,1933-08-01 12:00,252.429,,,1933-08-28 12:00,248.65,,,1933-09-24 12:00,245.457,,,1933-10-22 12:00,255.93,,,1933-11-18 12:00,250.311,,,1933-12-15 12:00,243.252,,,1934-01-12 12:00,251.461,,,1934-02-08 12:00,246.324,,,1934-03-07 12:00,242.899,,,1934-04-03 12:00,239.642,,,1934-05-01 12:00,249.586,,,1934-05-28 12:00,243.977,,,1934-06-24 12:00,237.697,,,1934-07-22 12:00,246.229,,,1934-08-18 12:00,241.599,,,1934-09-14 12:00,238.293,,,1934-10-12 12:00,248.76,,,1934-11-08 12:00,244.89,,,1934-12-05 12:00,239.488,,,1935-01-02 12:00,247.326,,,1935-01-29 12:00,241.587,,,1935-02-25 12:00,237.464,,,1935-03-24 12:00,234.412,,,1935-04-21 12:00,244.322,,,1935-05-18 12:00,240.438,,,1935-06-15 12:00,249.036,,,1935-07-12 12:00,243.628,,,1935-08-08 12:00,238.703,,,1935-09-04 12:00,234.871,,,1935-10-02 12:00,244.344,,,1935-10-29 12:00,241.424,,,1935-11-25 12:00,237.8,,,1935-12-23 12:00,246.044,,
,,,,1926-11-07 12:00,249.192,,,1926-12-05 12:00,258.331,,,1927-01-01 12:00,253.201,,,1927-01-29 12:00,260.913,,,1927-02-25 12:00,255.941,,,1927-03-24 12:00,252.272,,,1927-04-20 12:00,249.327,,,1927-05-18 12:00,258.77,,,1927-06-14 12:00,255.067,,,1927-07-12 12:00,263.426,,,1927-08-08 12:00,258.549,,,1927-09-04 12:00,254.106,,,1927-10-01 12:00,250.533,,,1927-10-29 12:00,259.636,,,1927-11-25 12:00,256.694,,,1927-12-23 12:00,265.512,,,1928-01-19 12:00,261.252,,,1928-02-15 12:00,256.737,,,1928-03-14 12:00,264.649,,,1928-04-10 12:00,261.045,,,1928-05-07 12:00,257.987,,,1928-06-04 12:00,266.989,,,1928-07-01 12:00,263.751,,,1928-07-28 12:00,260.038,,,1928-08-25 12:00,267.997,,,1928-09-21 12:00,263.913,,,1928-10-18 12:00,260.246,,,1928-11-15 12:00,268.809,,,1928-12-12 12:00,265.81,,,1929-01-09 12:00,274.546,,,1929-02-05 12:00,270.989,,,1929-03-04 12:00,267.082,,,1929-03-31 12:00,263.083,,,1929-04-28 12:00,271.125,,,1929-05-25 12:00,267.746,,,1929-06-21 12:00,264.703,,,1929-07-19 12:00,273.552,,,1929-08-15 12:00,270.324,,,1929-09-12 12:00,278.518,,,1929-10-09 12:00,274.548,,,1929-11-05 12:00,270.524,,,1929-12-02 12:00,266.789,,,1929-12-30 12:00,275.503,,,1930-01-26 12:00,272.534,,,1930-02-23 12:00,281.277,,,1930-03-22 12:00,277.671,,,1930-04-18 12:00,273.5,,,1930-05-15 12:00,269.147,,,1930-06-12 12:00,277.502,,,1930-07-09 12:00,274.16,,,1930-08-06 12:00,283.315,,,1930-09-02 12:00,280.321,,,1930-09-29 12:00,276.781,,,1930-10-26 12:00,272.397,,,1930-11-23 12:00,280.219,,,1930-12-20 12:00,275.736,,,1931-01-16 12:00,272.085,,,1931-02-13 12:00,281.561,,,1931-03-12 12:00,278.546,,,1931-04-09 12:00,287.321,,,1931-05-06 12:00,282.79,,,1931-06-02 12:00,277.709,,,1931-06-29 12:00,272.999,,,1931-07-27 12:00,282.256,,,1931-08-23 12:00,279.149,,,1931-09-19 12:00,276.089,,,1931-10-17 12:00,285.284,,,1931-11-13 12:00,280.371,,,1931-12-10 12:00,274.493,,,1932-01-06 12:00,269.068,,,1932-02-03 12:00,278.614,,,1932-03-01 12:00,275.507,,,1932-03-29 12:00,285.617,,,1932-04-25 12:00,281.49,,,1932-05-22 12:00,275.895,,,1932-06-18 12:00,269.688,,,1932-07-16 12:00,278.564,,,1932-08-12 12:00,274.28,,,1932-09-08 12:00,271.044,,,1932-10-06 12:00,281.586,,,1932-11-02 12:00,277.279,,,1932-11-29 12:00,271.081,,,1932-12-26 12:00,264.041,,,1933-01-23 12:00,272.867,,,1933-02-19 12:00,268.598,,,1933-03-18 12:00,265.422,,,1933-04-15 12:00,276.049,,,1933-05-12 12:00,271.091,,,1933-06-08 12:00,264.56,,,1933-07-05 12:00,257.832,,,1933-08-02 12:00,267.124,,,1933-08-29 12:00,262.916,,,1933-09-25 12:00,259.705,,,1933-10-23 12:00,270.469,,,1933-11-19 12:00,265.38,,,1933-12-16 12:00,258.439,,,1934-01-13 12:00,266.456,,,1934-02-09 12:00,260.658,,,1934-03-08 12:00,256.846,,,1934-04-04 12:00,253.686,,,1934-05-02 12:00,264.044,,,1934-05-29 12:00,258.735,,,1934-06-25 12:00,252.31,,,1934-07-23 12:00,260.72,,,1934-08-19 12:00,255.478,,,1934-09-15 12:00,251.812,,,1934-10-13 12:00,262.476,,,1934-11-09 12:00,258.881,,,1934-12-06 12:00,253.672,,,1935-01-03 12:00,261.647,,,1935-01-30 12:00,255.331,,,1935-02-26 12:00,250.641,,,1935-03-25 12:00,247.379,,,1935-04-22 12:00,257.572,,,1935-05-19 12:00,253.876,,,1935-06-16 12:00,262.806,,,1935-07-13 12:00,257.19,,,1935-08-09 12:00,251.789,,,1935-09-05 12:00,247.517,,,1935-10-03 12:00,257.027,,,1935-10-30 12:00,254.124,,,1935-11-26 12:00,250.641,,,1935-12-24 12:00,259.153,,
,,,,1926-11-08 12:00,262.218,,,1926-12-06 12:00,271.763,,,1927-01-02 12:00,266.665,,,1927-01-30 12:00,274.451,,,1927-02-26 12:00,268.938,,,1927-03-25 12:00,264.852,,,1927-04-21 12:00,261.79,,,1927-05-19 12:00,271.506,,,1927-06-15 12:00,267.914,,,1927-07-13 12:00,276.545,,,1927-08-09 12:00,271.424,,,1927-09-05 12:00,266.576,,,1927-10-02 12:00,262.685,,,1927-10-30 12:00,271.862,,,1927-11-26 12:00,268.965,,,1927-12-24 12:00,278.071,,,1928-01-20 12:00,273.778,,,1928-02-16 12:00,269.018,,,1928-03-15 12:00,276.897,,,1928-04-11 12:00,273.052,,,1928-05-08 12:00,269.928,,,1928-06-05 12:00,279.092,,,1928-07-02 12:00,275.897,,,1928-07-29 12:00,272.141,,,1928-08-26 12:00,280.17,,,1928-09-22 12:00,275.867,,,1928-10-19 12:00,272.056,,,1928-11-16 12:00,280.653,,,1928-12-13 12:00,277.679,,,1929-01-10 12:00,286.55,,,1929-02-06 12:00,282.955,,,1929-03-05 12:00,278.957,,,1929-04-01 12:00,274.91,,,1929-04-29 12:00,282.957,,,1929-05-26 12:00,279.578,,,1929-06-22 12:00,276.536,,,1929-07-20 12:00,285.41,,,1929-08-16 12:00,282.167,,,1929-09-13 12:00,290.394,,,1929-10-10 12:00,286.412,,,1929-11-06 12:00,282.438,,,1929-12-03 12:00,278.756,,,1929-12-31 12:00,287.399,,,1930-01-27 12:00,284.396,,,1930-02-24 12:00,293.116,,,1930-03-23 12:00,289.581,,,1930-04-19 12:00,285.586,,,1930-05-16 12:00,281.406,,,1930-06-13 12:00,289.655,,,1930-07-10 12:00,286.291,,,1930-08-07 12:00,295.305,,,1930-09-03 12:00,292.322,,,1930-09-30 12:00,288.934,,,1930-10-27 12:00,284.849,,,1930-11-24 12:00,292.666,,,1930-12-21 12:00,288.305,,,1931-01-17 12:00,284.58,,,1931-02-14 12:00,293.809,,,1931-03-13 12:00,290.87,,,1931-04-10 12:00,299.662,,,1931-05-07 12:00,295.519,,,1931-06-03 12:00,290.762,,,1931-06-30 12:00,286.125,,,1931-07-28 12:00,295.047,,,1931-08-24 12:00,291.846,,,1931-09-20 12:00,288.886,,,1931-10-18 12:00,298.085,,,1931-11-14 12:00,293.688,,,1931-12-11 12:00,288.229,,,1932-01-07 12:00,282.812,,,1932-02-04 12:00,291.909,,,1932-03-02 12:00,288.679,,,1932-03-30 12:00,298.659,,,1932-04-26 12:00,295.011,,,1932-05-23 12:00,290.011,,,1932-06-19 12:00,284.113,,,1932-07-17 12:00,292.643,,,1932-08-13 12:00,288.118,,,1932-09-09 12:00,284.736,,,1932-10-07 12:00,295.153,,,1932-11-03 12:00,291.376,,,1932-11-30 12:00,285.84,,,1932-12-27 12:00,279.022,,,1933-01-24 12:00,287.43,,,1933-02-20 12:00,282.756,,,1933-03-19 12:00,279.482,,,1933-04-16 12:00,290.175,,,1933-05-13 12:00,285.819,,,1933-06-09 12:00,279.775,,,1933-07-06 12:00,273.002,,,1933-08-03 12:00,281.925,,,1933-08-30 12:00,277.263,,,1933-09-26 12:00,273.912,,,1933-10-24 12:00,284.824,,,1933-11-20 12:00,280.311,,,1933-12-17 12:00,273.74,,,1934-01-14 12:00,281.651,,,1934-02-10 12:00,275.273,,,1934-03-09 12:00,270.97,,,1934-04-05 12:00,267.792,,,1934-05-03 12:00,278.48,,,1934-05-30 12:00,273.594,,,1934-06-26 12:00,267.238,,,1934-07-24 12:00,275.571,,,1934-08-20 12:00,269.729,,,1934-09-16 12:00,265.587,,,1934-10-14 12:00,276.326,,,1934-11-10 12:00,272.976,,,1934-12-07 12:00,268.095,,,1935-01-04 12:00,276.313,,,1935-01-31 12:00,269.527,,,1935-02-27 12:00,264.192,,,1935-03-26 12:00,260.588,,,1935-04-23 12:00,271.002,,,1935-05-20 12:00,267.516,,,1935-06-17 12:00,276.842,,,1935-07-14 12:00,271.15,,,1935-08-10 12:00,265.302,,,1935-09-06 12:00,260.497,,,1935-10-04 12:00,269.979,,,1935-10-31 12:00,267.01,,,1935-11-27 12:00,263.692,,,1935-12-25 12:00,272.559,,
,,,,1926-11-09 12:00,275.431,,,1926-12-07 12:00,285.401,,,1927-01-03 12:00,280.465,,,1927-01-31 12:00,288.427,,,1927-02-27 12:00,282.379,,,1927-03-26 12:00,277.763,,,1927-04-22 12:00,274.475,,,1927-05-20 12:00,284.453,,,1927-06-16 12:00,281.006,,,1927-07-14 12:00,289.991,,,1927-08-10 12:00,284.701,,,1927-09-06 12:00,279.419,,,1927-10-03 12:00,275.101,,,1927-10-31 12:00,284.315,,,1927-11-27 12:00,281.41,,,1927-12-25 12:00,290.858,,,1928-01-21 12:00,286.607,,,1928-02-17 12:00,281.618,,,1928-03-16 12:00,289.476,,,1928-04-12 12:00,285.281,,,1928-05-09 12:00,282.013,,,1928-06-06 12:00,291.359,,,1928-07-03 12:00,288.231,,,1928-07-30 12:00,284.468,,,1928-08-27 12:00,292.619,,,1928-09-23 12:00,288.041,,,1928-10-20 12:00,283.987,,,1928-11-17 12:00,292.611,,,1928-12-14 12:00,289.64,,,1929-01-11 12:00,298.7,,,1929-02-07 12:00,295.099,,,1929-03-06 12:00,290.979,,,1929-04-02 12:00,286.8,,,1929-04-30 12:00,294.852,,,1929-05-27 12:00,291.426,,,1929-06-23 12:00,288.391,,,1929-07-21 12:00,297.337,,,1929-08-17 12:00,294.083,,,1929-09-14 12:00,302.368,,,1929-10-11 12:00,298.299,,,1929-11-07 12:00,294.295,,,1929-12-04 12:00,290.642,,,1930-01-01 12:00,299.265,,,1930-01-28 12:00,296.251,,,1930-02-25 12:00,304.971,,,1930-03-24 12:00,301.441,,,1930-04-20 12:00,297.535,,,1930-05-17 12:00,293.485,,,1930-06-14 12:00,301.672,,,1930-07-11 12:00,298.315,,,1930-08-08 12:00,307.227,,,1930-09-04 12:00,304.233,,,1930-10-01 12:00,300.918,,,1930-10-28 12:00,297.038,,,1930-11-25 12:00,304.864,,,1930-12-22 12:00,300.651,,,1931-01-18 12:00,296.91,,,1931-02-15 12:00,305.916,,,1931-03-14 12:00,302.986,,,1931-04-11 12:00,311.757,,,1931-05-08 12:00,307.911,,,1931-06-04 12:00,303.47,,,1931-07-01 12:00,298.976,,,1931-07-29 12:00,307.62,,,1931-08-25 12:00,304.333,,,1931-09-21 12:00,301.397,,,1931-10-19 12:00,310.54,,,1931-11-15 12:00,306.564,,,1931-12-12 12:00,301.555,,,1932-01-08 12:00,296.281,,,1932-02-05 12:00,304.98,,,1932-03-03 12:00,301.602,,,1932-03-31 12:00,311.377,,,1932-04-27 12:00,308.079,,,1932-05-24 12:00,303.637,,,1932-06-20 12:00,298.162,,,1932-07-18 12:00,306.426,,,1932-08-14 12:00,301.752,,,1932-09-10 12:00,298.188,,,1932-10-08 12:00,308.38,,,1932-11-04 12:00,305.004,,,1932-12-01 12:00,300.135,,,1932-12-28 12:00,293.746,,,1933-01-25 12:00,301.821,,,1933-02-21 12:00,296.812,,,1933-03-20 12:00,293.346,,,1933-04-17 12:00,303.964,,,1933-05-14 12:00,300.142,,,1933-06-10 12:00,294.698,,,1933-07-07 12:00,288.123,,,1933-08-04 12:00,296.712,,,1933-08-31 12:00,291.635,,,1933-09-27 12:00,288.043,,,1933-10-25 12:00,298.948,,,1933-11-21 12:00,294.977,,,1933-12-18 12:00,288.968,,,1934-01-15 12:00,296.881,,,1934-02-11 12:00,290.092,,,1934-03-10 12:00,285.247,,,1934-04-06 12:00,281.923,,,1934-05-04 12:00,292.822,,,1934-05-31 12:00,288.418,,,1934-06-27 12:00,282.343,,,1934-07-25 12:00,290.674,,,1934-08-21 12:00,284.321,,,1934-09-17 12:00,279.624,,,1934-10-15 12:00,290.303,,,1934-11-11 12:00,287.117,,,1934-12-08 12:00,282.651,,,1935-01-05 12:00,291.214,,,1935-02-01 12:00,284.143,,,1935-02-28 12:00,278.146,,,1935-03-27 12:00,274.07,,,1935-04-24 12:00,284.616,,,1935-05-21 12:00,281.32,,,1935-06-18 12:00,291.078,,,1935-07-15 12:00,285.468,,,1935-08-11 12:00,279.264,,,1935-09-07 12:00,273.873,,,1935-10-05 12:00,283.255,,,1935-11-01 12:00,280.104,,,1935-11-28 12:00,276.942,,,1935-12-26 12:00,286.236,,
,,,,1926-11-10 12:00,288.841,,,1926-12-08 12:00,299.213,,,1927-01-04 12:00,294.555,,,1927-02-01 12:00,302.809,,,1927-02-28 12:00,296.306,,,1927-03-27 12:00,291.075,,,1927-04-23 12:00,287.433,,,1927-05-21 12:00,297.632,,,1927-06-17 12:00,294.336,,,1927-07-15 12:00,303.743,,,1927-08-11 12:00,298.398,,,1927-09-07 12:00,292.704,,,1927-10-04 12:00,287.863,,,1927-11-01 12:00,297.062,,,1927-11-28 12:00,294.064,,,1927-12-26 12:00,303.872,,,1928-01-22 12:00,299.749,,,1928-02-18 12:00,294.595,,,1928-03-17 12:00,302.459,,,1928-04-13 12:00,297.816,,,1928-05-10 12:00,294.303,,,1928-06-07 12:00,303.826,,,1928-07-04 12:00,300.772,,,1928-07-31 12:00,297.051,,,1928-08-28 12:00,305.393,,,1928-09-24 12:00,300.516,,,1928-10-21 12:00,296.123,,,1928-11-18 12:00,304.747,,,1928-12-15 12:00,301.725,,,1929-01-12 12:00,311.012,,,1929-02-08 12:00,307.454,,,1929-03-07 12:00,303.219,,,1929-04-03 12:00,298.839,,,1929-05-01 12:00,306.884,,,1929-05-28 12:00,303.343,,,1929-06-24 12:00,300.298,,,1929-07-22 12:00,309.361,,,1929-08-18 12:00,306.117,,,1929-09-15 12:00,314.497,,,1929-10-12 12:00,310.289,,,1929-11-08 12:00,306.166,,,1929-12-05 12:00,302.488,,,1930-01-02 12:00,311.123,,,1930-01-29 12:00,308.125,,,1930-02-26 12:00,316.884,,,1930-03-25 12:00,313.322,,,1930-04-21 12:00,309.422,,,1930-05-18 12:00,305.437,,,1930-06-15 12:00,313.589,,,1930-07-12 12:00,310.251,,,1930-08-09 12:00,319.106,,,1930-09-05 12:00,316.102,,,1930-10-02 12:00,312.805,,,1930-10-29 12:00,309.038,,,1930-11-26 12:00,316.867,,,1930-12-23 12:00,312.79,,,1931-01-19 12:00,309.081,,,1931-02-16 12:00,317.908,,,1931-03-15 12:00,314.955,,,1931-04-12 12:00,323.68,,,1931-05-09 12:00,320.033,,,1931-06-05 12:00,315.862,,,1931-07-02 12:00,311.547,,,1931-07-30 12:00,319.978,,,1931-08-26 12:00,316.633,,,1931-09-22 12:00,313.673,,,1931-10-20 12:00,322.722,,,1931-11-16 12:00,319.055,,,1931-12-13 12:00,314.469,,,1932-01-09 12:00,309.433,,,1932-02-06 12:00,317.809,,,1932-03-04 12:00,314.295,,,1932-04-01 12:00,323.822,,,1932-04-28 12:00,320.752,,,1932-05-25 12:00,316.784,,,1932-06-21 12:00,311.776,,,1932-07-19 12:00,319.86,,,1932-08-15 12:00,315.142,,,1932-09-11 12:00,311.403,,,1932-10-09 12:00,321.302,,,1932-11-05 12:00,318.192,,,1932-12-02 12:00,313.923,,,1932-12-29 12:00,308.086,,,1933-01-26 12:00,315.939,,,1933-02-22 12:00,310.712,,,1933-03-21 12:00,307.005,,,1933-04-18 12:00,317.428,,,1933-05-15 12:00,314.027,,,1933-06-11 12:00,309.212,,,1933-07-08 12:00,303.03,,,1933-08-05 12:00,311.361,,,1933-09-01 12:00,305.967,,,1933-09-28 12:00,302.072,,,1933-10-26 12:00,312.826,,,1933-11-22 12:00,309.302,,,1933-12-19 12:00,303.955,,,1934-01-16 12:00,311.976,,,1934-02-12 12:00,305.005,,,1934-03-11 12:00,299.642,,,1934-04-07 12:00,296.052,,,1934-05-05 12:00,307.023,,,1934-06-01 12:00,303.091,,,1934-06-28 12:00,297.466,,,1934-07-26 12:00,305.882,,,1934-08-22 12:00,299.187,,,1934-09-18 12:00,293.914,,,1934-10-16 12:00,304.398,,,1934-11-12 12:00,301.259,,,1934-12-09 12:00,297.234,,,1935-01-06 12:00,306.213,,,1935-02-02 12:00,299.101,,,1935-03-01 12:00,292.509,,,1935-03-28 12:00,287.857,,,1935-04-25 12:00,298.422,,,1935-05-22 12:00,295.251,,,1935-06-19 12:00,305.438,,,1935-07-16 12:00,300.069,,,1935-08-12 12:00,293.663,,,1935-09-08 12:00,287.691,,,1935-10-06 12:00,296.907,,,1935-11-02 12:00,293.439,,,1935-11-29 12:00,290.377,,,1935-12-27 12:00,300.139,,
,,,,1926-11-11 12:00,302.461,,,1926-12-09 12:00,313.164,,,1927-01-05 12:00,308.865,,,1927-02-02 12:00,317.515,,,1927-03-01 12:00,310.716,,,1927-03-28 12:00,304.843,,,1927-04-24 12:00,300.72,,,1927-05-22 12:00,311.067,,,1927-06-18 12:00,307.89,,,1927-07-16 12:00,317.753,,,1927-08-12 12:00,312.491,,,1927-09-08 12:00,306.47,,,1927-10-05 12:00,301.051,,,1927-11-02 12:00,310.17,,,1927-11-29 12:00,306.96,,,1927-12-27 12:00,317.11,,,1928-01-23 12:00,313.188,,,1928-02-19 12:00,307.976,,,1928-03-18 12:00,315.898,,,1928-04-14 12:00,310.737,,,1928-05-11 12:00,306.861,,,1928-06-08 12:00,316.529,,,1928-07-05 12:00,313.531,,,1928-08-01 12:00,309.906,,,1928-08-29 12:00,318.516,,,1928-09-25 12:00,313.359,,,1928-10-22 12:00,308.547,,,1928-11-19 12:00,317.129,,,1928-12-16 12:00,313.971,,,1929-01-13 12:00,323.5,,,1929-02-09 12:00,320.036,,,1929-03-08 12:00,315.725,,,1929-04-04 12:00,311.105,,,1929-05-02 12:00,319.13,,,1929-05-29 12:00,315.386,,,1929-06-25 12:00,312.29,,,1929-07-23 12:00,321.5,,,1929-08-19 12:00,318.297,,,1929-09-16 12:00,326.824,,,1929-10-13 12:00,322.453,,,1929-11-09 12:00,318.126,,,1929-12-06 12:00,314.344,,,1930-01-03 12:00,323.006,,,1930-01-30 12:00,320.038,,,1930-02-27 12:00,328.886,,,1930-03-26 12:00,325.285,,,1930-04-22 12:00,321.324,,,1930-05-19 12:00,317.326,,,1930-06-16 12:00,325.454,,,1930-07-13 12:00,322.125,,,1930-08-10 12:00,330.967,,,1930-09-06 12:00,327.968,,,1930-10-03 12:00,324.661,,,1930-10-30 12:00,320.924,,,1930-11-27 12:00,328.746,,,1930-12-24 12:00,324.759,,,1931-01-20 12:00,321.106,,,1931-02-17 12:00,329.809,,,1931-03-16 12:00,326.826,,,1931-04-13 12:00,335.504,,,1931-05-10 12:00,331.964,,,1931-06-06 12:00,327.992,,,1931-07-03 12:00,323.854,,,1931-07-31 12:00,332.136,,,1931-08-27 12:00,328.767,,,1931-09-23 12:00,325.767,,,1931-10-21 12:00,334.705,,,1931-11-17 12:00,331.237,,,1931-12-14 12:00,327.003,,,1932-01-10 12:00,322.249,,,1932-02-07 12:00,330.389,,,1932-03-05 12:00,326.779,,,1932-04-02 12:00,336.052,,,1932-04-29 12:00,333.103,,,1932-05-26 12:00,329.502,,,1932-06-22 12:00,324.945,,,1932-07-20 12:00,332.925,,,1932-08-16 12:00,328.261,,,1932-09-12 12:00,324.386,,,1932-10-10 12:00,333.964,,,1932-11-06 12:00,330.999,,,1932-12-03 12:00,327.217,,,1932-12-30 12:00,321.971,,,1933-01-27 12:00,329.709,,,1933-02-23 12:00,324.405,,,1933-03-22 12:00,320.456,,,1933-04-19 12:00,330.598,,,1933-05-16 12:00,327.488,,,1933-06-12 12:00,323.256,,,1933-07-09 12:00,317.593,,,1933-08-06 12:00,325.759,,,1933-09-02 12:00,320.19,,,1933-09-29 12:00,315.98,,,1933-10-27 12:00,326.465,,,1933-11-23 12:00,323.257,,,1933-12-20 12:00,318.579,,,1934-01-17 12:00,326.788,,,1934-02-13 12:00,319.886,,,1934-03-12 12:00,314.099,,,1934-04-08 12:00,310.161,,,1934-05-06 12:00,321.061,,,1934-06-02 12:00,317.531,,,1934-06-29 12:00,312.458,,,1934-07-27 12:00,321.037,,,1934-08-23 12:00,314.222,,,1934-09-19 12:00,308.426,,,1934-10-17 12:00,318.601,,,1934-11-13 12:00,315.376,,,1934-12-10 12:00,311.75,,,1935-01-07 12:00,321.169,,,1935-02-03 12:00,314.274,,,1935-03-02 12:00,307.246,,,1935-03-29 12:00,301.965,,,1935-04-26 12:00,312.426,,,1935-05-23 12:00,309.281,,,1935-06-20 12:00,319.847,,,1935-07-17 12:00,314.849,,,1935-08-13 12:00,308.439,,,1935-09-09 12:00,301.969,,,1935-10-07 12:00,310.967,,,1935-11-03 12:00,307.047,,,1935-11-30 12:00,303.991,,,1935-12-28 12:00,314.213,,
,,,,1926-11-12 12:00,316.304,,,1926-12-10 12:00,327.222,,,1927-01-06 12:00,323.307,,,1927-02-03 12:00,332.425,,,1927-03-02 12:00,325.551,,,1927-03-29 12:00,319.09,,,1927-04-25 12:00,314.381,,,1927-05-23 12:00,324.774,,,1927-06-19 12:00,321.648,,,1927-07-17 12:00,331.954,,,1927-08-13 12:00,326.918,,,1927-09-09 12:00,320.715,,,1927-10-06 12:00,314.721,,,1927-11-03 12:00,323.695,,,1927-11-30 12:00,320.136,,,1927-12-28 12:00,330.564,,,1928-01-24 12:00,326.886,,,1928-02-20 12:00,321.749,,,1928-03-19 12:00,329.805,,,1928-04-15 12:00,324.104,,,1928-05-12 12:00,319.753,,,1928-06-09 12:00,329.506,,,1928-07-06 12:00,326.513,,,1928-08-02 12:00,323.026,,,1928-08-30 12:00,331.978,,,1928-09-26 12:00,326.611,,,1928-10-23 12:00,321.335,,,1928-11-20 12:00,329.828,,,1928-12-17 12:00,326.421,,,1929-01-14 12:00,336.173,,,1929-02-10 12:00,332.842,,,1929-03-09 12:00,328.526,,,1929-04-05 12:00,323.666,,,1929-05-03 12:00,331.664,,,1929-05-30 12:00,327.618,,,1929-06-26 12:00,324.405,,,1929-07-24 12:00,333.774,,,1929-08-20 12:00,330.641,,,1929-09-17 12:00,339.376,,,1929-10-14 12:00,334.854,,,1929-11-10 12:00,330.254,,,1929-12-07 12:00,326.27,,,1930-01-04 12:00,334.951,,,1930-01-31 12:00,332.01,,,1930-02-28 12:00,340.999,,,1930-03-27 12:00,337.378,,,1930-04-23 12:00,333.316,,,1930-05-20 12:00,329.223,,,1930-06-17 12:00,337.328,,,1930-07-14 12:00,333.972,,,1930-08-11 12:00,342.836,,,1930-09-07 12:00,339.861,,,1930-10-04 12:00,336.543,,,1930-10-31 12:00,332.777,,,1930-11-28 12:00,340.582,,,1930-12-25 12:00,336.611,,,1931-01-21 12:00,333.008,,,1931-02-18 12:00,341.644,,,1931-03-17 12:00,338.643,,,1931-04-14 12:00,347.295,,,1931-05-11 12:00,343.79,,,1931-06-07 12:00,339.932,,,1931-07-04 12:00,335.937,,,1931-08-01 12:00,344.123,,,1931-08-28 12:00,340.761,,,1931-09-24 12:00,337.725,,,1931-10-22 12:00,346.561,,,1931-11-18 12:00,343.196,,,1931-12-15 12:00,339.22,,,1932-01-11 12:00,334.743,,,1932-02-08 12:00,342.731,,,1932-03-06 12:00,339.074,,,1932-04-03 12:00,348.115,,,1932-04-30 12:00,345.209,,,1932-05-27 12:00,341.863,,,1932-06-23 12:00,337.7,,,1932-07-21 12:00,345.635,,,1932-08-17 12:00,341.098,,,1932-09-13 12:00,337.144,,,1932-10-11 12:00,346.411,,,1932-11-07 12:00,343.494,,,1932-12-04 12:00,340.069,,,1932-12-31 12:00,335.382,,,1933-01-28 12:00,343.095,,,1933-02-24 12:00,337.847,,,1933-03-23 12:00,333.699,,,1933-04-20 12:00,343.513,,,1933-05-17 12:00,340.569,,,1933-06-13 12:00,336.826,,,1933-07-10 12:00,331.73,,,1933-08-07 12:00,339.82,,,1933-09-03 12:00,334.232,,,1933-09-30 12:00,329.746,,,1933-10-28 12:00,339.883,,,1933-11-24 12:00,336.853,,,1933-12-21 12:00,332.774,,,1934-01-18 12:00,341.209,,,1934-02-14 12:00,334.602,,,1934-03-13 12:00,328.547,,,1934-04-09 12:00,324.232,,,1934-05-07 12:00,334.93,,,1934-06-03 12:00,331.693,,,1934-06-30 12:00,327.195,,,1934-07-28 12:00,335.988,,,1934-08-24 12:00,329.292,,,1934-09-20 12:00,323.102,,,1934-10-18 12:00,332.886,,,1934-11-14 12:00,329.452,,,1934-12-11 12:00,326.129,,,1935-01-08 12:00,335.955,,,1935-02-04 12:00,329.508,,,1935-03-03 12:00,322.276,,,1935-03-30 12:00,316.388,,,1935-04-27 12:00,326.625,,,1935-05-24 12:00,323.387,,,1935-06-21 12:00,334.235,,,1935-07-18 12:00,329.687,,,1935-08-14 12:00,323.487,,,1935-09-10 12:00,316.679,,,1935-10-08 12:00,325.435,,,1935-11-04 12:00,320.953,,,1935-12-01 12:00,317.776,,,1935-12-29 12:00,328.4,,
,,,,1926-11-13 12:00,330.375,,,1926-12-11 12:00,341.356,,,1927-01-07 12:00,337.79,,,1927-02-04 12:00,347.392,,,1927-03-03 12:00,340.696,,,1927-03-30 12:00,333.791,,,1927-04-26 12:00,328.441,,,1927-05-24 12:00,338.761,,,1927-06-20 12:00,335.584,,,1927-07-18 12:00,346.269,,,1927-08-14 12:00,341.576,,,1927-09-10 12:00,335.384,,,1927-10-07 12:00,328.896,,,1927-11-04 12:00,337.669,,,1927-12-01 12:00,333.621,,,1927-12-29 12:00,344.223,,,1928-01-25 12:00,340.788,,,1928-02-21 12:00,335.866,,,1928-03-20 12:00,344.144,,,1928-04-16 12:00,337.952,,,1928-05-13 12:00,333.035,,,1928-06-10 12:00,342.792,,,1928-07-07 12:00,339.722,,,1928-08-03 12:00,336.39,,,1928-08-31 12:00,345.742,,,1928-09-27 12:00,340.28,,,1928-10-24 12:00,334.548,,,1928-11-21 12:00,342.907,,,1928-12-18 12:00,339.12,,,1929-01-15 12:00,349.046,,,1929-02-11 12:00,345.86,,,1929-03-10 12:00,341.624,,,1929-04-06 12:00,336.568,,,1929-05-04 12:00,344.55,,,1929-05-31 12:00,340.107,,,1929-06-27 12:00,336.686,,,1929-07-25 12:00,346.206,,,1929-08-21 12:00,343.156,,,1929-09-18 12:00,352.161,,,1929-10-15 12:00,347.537,,,1929-11-11 12:00,342.625,,,1929-12-08 12:00,338.336,,,1930-01-05 12:00,347.012,,,1930-02-01 12:00,344.064,,,1930-03-01 12:00,353.239,,,1930-03-28 12:00,349.638,,,1930-04-24 12:00,345.465,,,1930-05-21 12:00,341.208,,,1930-06-18 12:00,349.284,,,1930-07-15 12:00,345.838,,,1930-08-12 12:00,354.747,,,1930-09-08 12:00,351.811,,,1930-10-05 12:00,348.501,,,1930-11-01 12:00,344.673,,,1930-11-29 12:00,352.462,,,1930-12-26 12:00,348.416,,,1931-01-22 12:00,344.823,,,1931-02-19 12:00,353.443,,,1931-03-18 12:00,350.446,,,1931-04-15 12:00,359.111,,,1931-05-12 12:00,355.592,,,1931-06-08 12:00,351.766,,,1931-07-05 12:00,347.852,,,1931-08-02 12:00,355.983,,,1931-08-29 12:00,352.644,,,1931-09-25 12:00,349.589,,,1931-10-23 12:00,358.356,,,1931-11-19 12:00,355.022,,,1931-12-16 12:00,351.201,,,1932-01-12 12:00,346.956,,,1932-02-09 12:00,354.858,,,1932-03-07 12:00,351.203,,,1932-04-04 12:00,0.0580000000045,,,1932-05-01 12:00,357.147,,,1932-05-28 12:00,353.955,,,1932-06-24 12:00,350.099,,,1932-07-22 12:00,358.029,,,1932-08-18 12:00,353.661,,,1932-09-14 12:00,349.689,,,1932-10-12 12:00,358.683,,,1932-11-08 12:00,355.75,,,1932-12-05 12:00,352.556,,,1933-01-01 12:00,348.345,,,1933-01-29 12:00,356.094,,,1933-02-25 12:00,351.011,,,1933-03-24 12:00,346.735,,,1933-04-21 12:00,356.21,,,1933-05-18 12:00,353.329,,,1933-06-14 12:00,349.959,,,1933-07-11 12:00,345.407,,,1933-08-08 12:00,353.494,,,1933-09-04 12:00,348.03,,,1933-10-01 12:00,343.349,,,1933-10-29 12:00,353.098,,,1933-11-25 12:00,350.122,,,1933-12-22 12:00,346.527,,,1934-01-19 12:00,355.183,,,1934-02-15 12:00,349.035,,,1934-03-14 12:00,342.904,,,1934-04-10 12:00,338.238,,,1934-05-08 12:00,348.631,,,1934-06-04 12:00,345.562,,,1934-07-01 12:00,341.594,,,1934-07-29 12:00,350.614,,,1934-08-25 12:00,344.249,,,1934-09-21 12:00,337.853,,,1934-10-19 12:00,347.209,,,1934-11-15 12:00,343.476,,,1934-12-12 12:00,340.326,,,1935-01-09 12:00,350.474,,,1935-02-05 12:00,344.634,,,1935-03-04 12:00,337.469,,,1935-03-31 12:00,331.084,,,1935-04-28 12:00,340.998,,,1935-05-25 12:00,337.546,,,1935-06-22 12:00,348.548,,,1935-07-19 12:00,344.462,,,1935-08-15 12:00,338.661,,,1935-09-11 12:00,331.74,,,1935-10-09 12:00,340.266,,,1935-11-05 12:00,335.164,,,1935-12-02 12:00,331.727,,,1935-12-30 12:00,342.642,,
,,,,1926-11-14 12:00,344.659,,,1926-12-12 12:00,355.537,,,1927-01-08 12:00,352.229,,,1927-02-05 12:00,2.268,,,1927-03-04 12:00,355.981,,,1927-03-31 12:00,348.86,,,1927-04-27 12:00,342.893,,,1927-05-25 12:00,353.013,,,1927-06-21 12:00,349.668,,,1927-07-19 12:00,0.620999999999,,,1927-08-15 12:00,356.337,,,1927-09-11 12:00,350.363,,,1927-10-08 12:00,343.546,,,1927-11-05 12:00,352.088,,,1927-12-02 12:00,347.438,,,1927-12-30 12:00,358.074,,,1928-01-26 12:00,354.83,,,1928-02-22 12:00,350.24,,,1928-03-21 12:00,358.828,,,1928-04-17 12:00,352.273,,,1928-05-14 12:00,346.746,,,1928-06-11 12:00,356.414,,,1928-07-08 12:00,353.16,,,1928-08-04 12:00,349.964,,,1928-09-01 12:00,359.744,,,1928-09-28 12:00,354.335,,,1928-10-25 12:00,348.218,,,1928-11-22 12:00,356.417,,,1928-12-19 12:00,352.118,,,1929-01-16 12:00,2.137,,,1929-02-12 12:00,359.07,,,1929-03-11 12:00,355.001,,,1929-04-07 12:00,349.835,,,1929-05-05 12:00,357.833,,,1929-06-01 12:00,352.92,,,1929-06-28 12:00,349.184,,,1929-07-26 12:00,358.825,,,1929-08-22 12:00,355.847,,,1929-09-19 12:00,5.175,,,1929-10-16 12:00,0.528999999995,,,1929-11-12 12:00,355.307,,,1929-12-09 12:00,350.62,,,1930-01-06 12:00,359.25,,,1930-02-02 12:00,356.231,,,1930-03-02 12:00,5.62300000001,,,1930-03-29 12:00,2.091,,,1930-04-25 12:00,357.83,,,1930-05-22 12:00,353.36,,,1930-06-19 12:00,1.39999999999,,,1930-07-16 12:00,357.782,,,1930-08-13 12:00,6.745,,,1930-09-09 12:00,3.84600000001,,,1930-10-06 12:00,0.573000000004,,,1930-11-02 12:00,356.682,,,1930-11-30 12:00,4.47,,,1930-12-27 12:00,0.254000000001,,,1931-01-23 12:00,356.605,,,1931-02-20 12:00,5.242,,,1931-03-19 12:00,2.27,,,1931-04-16 12:00,11.003,,,1931-05-13 12:00,7.448,,,1931-06-09 12:00,3.583,,,1931-07-06 12:00,359.673,,,1931-08-03 12:00,7.776,,,1931-08-30 12:00,4.452,,,1931-09-26 12:00,1.39999999999,,,1931-10-24 12:00,10.144,,,1931-11-20 12:00,6.8,,,1931-12-17 12:00,3.038,,,1932-01-13 12:00,358.948,,,1932-02-10 12:00,6.814,,,1932-03-08 12:00,3.192,,,1932-04-05 12:00,11.92,,,1932-05-02 12:00,8.984,,,1932-05-29 12:00,5.86599999999,,,1932-06-25 12:00,2.223,,,1932-07-23 12:00,10.169,,,1932-08-19 12:00,5.974,,,1932-09-15 12:00,2.038,,,1932-10-13 12:00,10.814,,,1932-11-09 12:00,7.834,,,1932-12-06 12:00,4.764,,,1933-01-02 12:00,0.919999999998,,,1933-01-30 12:00,8.735,,,1933-02-26 12:00,3.88400000001,,,1933-03-25 12:00,359.563,,,1933-04-22 12:00,8.72200000001,,,1933-05-19 12:00,5.82999999999,,,1933-06-15 12:00,2.71299999999,,,1933-07-12 12:00,358.638,,,1933-08-09 12:00,6.76699999999,,,1933-09-05 12:00,1.53599999999,,,1933-10-02 12:00,356.763,,,1933-10-30 12:00,6.125,,,1933-11-26 12:00,3.111,,,1933-12-23 12:00,359.86,,,1934-01-20 12:00,8.70000000001,,,1934-02-16 12:00,3.10000000001,,,1934-03-15 12:00,357.078,,,1934-04-11 12:00,352.144,,,1934-05-09 12:00,2.16399999999,,,1934-06-05 12:00,359.147,,,1934-07-02 12:00,355.615,,,1934-07-30 12:00,4.83600000001,,,1934-08-26 12:00,358.954,,,1934-09-22 12:00,352.565,,,1934-10-20 12:00,1.50399999999,,,1934-11-16 12:00,357.431,,,1934-12-13 12:00,354.318,,,1935-01-10 12:00,4.66699999999,,,1935-02-06 12:00,359.503,,,1935-03-05 12:00,352.663,,,1935-04-01 12:00,345.97,,,1935-04-29 12:00,355.494,,,1935-05-26 12:00,351.736,,,1935-06-23 12:00,2.739,,,1935-07-20 12:00,359.069,,,1935-08-16 12:00,353.797,,,1935-09-12 12:00,347.017,,,1935-10-10 12:00,355.357,,,1935-11-06 12:00,349.658,,,1935-12-03 12:00,345.833,,,,,,
,,,,1926-11-15 12:00,359.116,,,1926-12-13 12:00,9.72900000001,,,1927-01-09 12:00,6.553,,,1927-02-06 12:00,16.927,,,1927-03-05 12:00,11.219,,,1927-04-01 12:00,4.151,,,1927-04-28 12:00,357.682,,,1927-05-26 12:00,7.49400000001,,,1927-06-22 12:00,3.867,,,1927-07-20 12:00,14.942,,,1927-08-16 12:00,11.071,,,1927-09-12 12:00,5.497,,,1927-10-09 12:00,358.581,,,1927-11-06 12:00,6.901,,,1927-12-03 12:00,1.58900000001,,,1927-12-31 12:00,12.103,,,1928-01-27 12:00,8.952,,,1928-02-23 12:00,4.75900000001,,,1928-03-22 12:00,13.729,,,1928-04-18 12:00,7.007,,,1928-05-15 12:00,0.896999999997,,,1928-06-12 12:00,10.385,,,1928-07-09 12:00,6.826,,,1928-08-05 12:00,3.708,,,1928-09-02 12:00,13.906,,,1928-09-29 12:00,8.704,,,1928-10-26 12:00,2.341,,,1928-11-23 12:00,10.383,,,1928-12-20 12:00,5.463,,,1929-01-17 12:00,15.471,,,1929-02-13 12:00,12.454,,,1929-03-12 12:00,8.61599999999,,,1929-04-08 12:00,3.463,,,1929-05-06 12:00,11.534,,,1929-06-02 12:00,6.117,,,1929-06-29 12:00,1.958,,,1929-07-27 12:00,11.667,,,1929-08-23 12:00,8.71799999999,,,1929-09-20 12:00,18.404,,,1929-10-17 12:00,13.832,,,1929-11-13 12:00,8.35400000001,,,1929-12-10 12:00,3.2,,,1930-01-07 12:00,11.738,,,1930-02-03 12:00,8.55,,,1930-03-03 12:00,18.17,,,1930-03-30 12:00,14.75,,,1930-04-26 12:00,10.452,,,1930-05-23 12:00,5.753,,,1930-06-20 12:00,13.762,,,1930-07-17 12:00,9.874,,,1930-08-14 12:00,18.884,,,1930-09-10 12:00,15.995,,,1930-10-07 12:00,12.792,,,1930-11-03 12:00,8.864,,,1930-12-01 12:00,16.69,,,1930-12-28 12:00,12.216,,,1931-01-24 12:00,8.41800000001,,,1931-02-21 12:00,17.092,,,1931-03-20 12:00,14.148,,,1931-04-17 12:00,23.011,,,1931-05-14 12:00,19.426,,,1931-06-10 12:00,15.471,,,1931-07-07 12:00,11.485,,,1931-08-04 12:00,19.572,,,1931-08-31 12:00,16.23,,,1931-09-27 12:00,13.193,,,1931-10-25 12:00,21.974,,,1931-11-21 12:00,18.604,,,1931-12-18 12:00,14.825,,,1932-01-14 12:00,10.798,,,1932-02-11 12:00,18.655,,,1932-03-09 12:00,15.076,,,1932-04-06 12:00,23.739,,,1932-05-03 12:00,20.779,,,1932-05-30 12:00,17.68,,,1932-06-26 12:00,14.16,,,1932-07-24 12:00,22.131,,,1932-08-20 12:00,18.08,,,1932-09-16 12:00,14.21,,,1932-10-14 12:00,22.833,,,1932-11-10 12:00,19.803,,,1932-12-07 12:00,16.776,,,1933-01-03 12:00,13.184,,,1933-01-31 12:00,21.072,,,1933-02-27 12:00,16.476,,,1933-03-26 12:00,12.187,,,1933-04-23 12:00,21.075,,,1933-05-20 12:00,18.132,,,1933-06-16 12:00,15.162,,,1933-07-13 12:00,11.466,,,1933-08-10 12:00,19.656,,,1933-09-06 12:00,14.721,,,1933-10-03 12:00,9.962,,,1933-10-31 12:00,18.972,,,1933-11-27 12:00,15.862,,,1933-12-24 12:00,12.823,,,1934-01-21 12:00,21.787,,,1934-02-17 12:00,16.748,,,1934-03-16 12:00,10.99,,,1934-04-12 12:00,5.90599999999,,,1934-05-10 12:00,15.523,,,1934-06-06 12:00,12.466,,,1934-07-03 12:00,9.25099999999,,,1934-07-31 12:00,18.619,,,1934-08-27 12:00,13.298,,,1934-09-23 12:00,7.11600000001,,,1934-10-21 12:00,15.687,,,1934-11-17 12:00,11.292,,,1934-12-14 12:00,8.098,,,1935-01-11 12:00,18.507,,,1935-02-07 12:00,14.001,,,1935-03-06 12:00,7.685,,,1935-04-02 12:00,0.921000000002,,,1935-04-30 12:00,10.034,,,1935-05-27 12:00,5.92199999999,,,1935-06-24 12:00,16.776,,,1935-07-21 12:00,13.428,,,1935-08-17 12:00,8.73800000001,,,1935-09-13 12:00,2.33100000001,,,1935-10-11 12:00,10.56,,,1935-11-07 12:00,4.37100000001,,,1935-12-04 12:00,0.0719999999856,,,,,,
,,,,1926-11-16 12:00,13.678,,,1926-12-14 12:00,23.893,,,1927-01-10 12:00,20.711,,,1927-02-07 12:00,31.28,,,1927-03-06 12:00,26.23,,,1927-04-02 12:00,19.48,,,1927-04-29 12:00,12.705,,,1927-05-27 12:00,22.135,,,1927-06-23 12:00,18.142,,,1927-07-21 12:00,29.176,,,1927-08-17 12:00,25.663,,,1927-09-13 12:00,20.611,,,1927-10-10 12:00,13.854,,,1927-11-07 12:00,22.0,,,1927-12-04 12:00,16.047,,,1928-01-01 12:00,26.288,,,1928-01-28 12:00,23.101,,,1928-02-24 12:00,19.31,,,1928-03-23 12:00,28.694,,,1928-04-19 12:00,22.041,,,1928-05-16 12:00,15.461,,,1928-06-13 12:00,24.696,,,1928-07-10 12:00,20.721,,,1928-08-06 12:00,17.588,,,1928-09-03 12:00,28.15,,,1928-09-30 12:00,23.285,,,1928-10-27 12:00,16.867,,,1928-11-24 12:00,24.794,,,1928-12-21 12:00,19.192,,,1929-01-18 12:00,29.075,,,1929-02-14 12:00,26.001,,,1929-03-13 12:00,22.419,,,1929-04-09 12:00,17.412,,,1929-05-07 12:00,25.64,,,1929-06-03 12:00,19.741,,,1929-06-30 12:00,15.065,,,1929-07-28 12:00,24.775,,,1929-08-24 12:00,21.779,,,1929-09-21 12:00,31.827,,,1929-10-18 12:00,27.43,,,1929-11-14 12:00,21.795,,,1929-12-11 12:00,16.15,,,1930-01-08 12:00,24.554,,,1930-02-04 12:00,21.074,,,1930-03-04 12:00,30.903,,,1930-03-31 12:00,27.622,,,1930-04-27 12:00,23.36,,,1930-05-24 12:00,18.455,,,1930-06-21 12:00,26.45,,,1930-07-18 12:00,22.196,,,1930-08-15 12:00,31.229,,,1930-09-11 12:00,28.295,,,1930-10-08 12:00,25.18,,,1930-11-04 12:00,21.265,,,1930-12-02 12:00,29.19,,,1930-12-29 12:00,24.394,,,1931-01-25 12:00,20.342,,,1931-02-22 12:00,29.049,,,1931-03-21 12:00,26.116,,,1931-04-18 12:00,35.169,,,1931-05-15 12:00,31.581,,,1931-06-11 12:00,27.513,,,1931-07-08 12:00,23.378,,,1931-08-05 12:00,31.453,,,1931-09-01 12:00,28.034,,,1931-09-28 12:00,25.007,,,1931-10-26 12:00,33.883,,,1931-11-22 12:00,30.5,,,1931-12-19 12:00,26.652,,,1932-01-15 12:00,22.595,,,1932-02-12 12:00,30.451,,,1932-03-10 12:00,26.892,,,1932-04-07 12:00,35.548,,,1932-05-04 12:00,32.579,,,1932-05-31 12:00,29.471,,,1932-06-27 12:00,25.998,,,1932-07-25 12:00,33.998,,,1932-08-21 12:00,30.036,,,1932-09-17 12:00,26.237,,,1932-10-15 12:00,34.768,,,1932-11-11 12:00,31.704,,,1932-12-08 12:00,28.672,,,1933-01-04 12:00,25.224,,,1933-02-01 12:00,33.175,,,1933-02-28 12:00,28.813,,,1933-03-27 12:00,24.611,,,1933-04-24 12:00,33.288,,,1933-05-21 12:00,30.283,,,1933-06-17 12:00,27.378,,,1933-07-14 12:00,23.955,,,1933-08-11 12:00,32.204,,,1933-09-07 12:00,27.582,,,1933-10-04 12:00,22.925,,,1933-11-01 12:00,31.638,,,1933-11-28 12:00,28.417,,,1933-12-25 12:00,25.474,,,1934-01-22 12:00,34.495,,,1934-02-18 12:00,29.97,,,1934-03-17 12:00,24.575,,,1934-04-13 12:00,19.472,,,1934-05-11 12:00,28.697,,,1934-06-07 12:00,25.542,,,1934-07-04 12:00,22.525,,,1934-08-01 12:00,31.967,,,1934-08-28 12:00,27.21,,,1934-09-24 12:00,21.389,,,1934-10-22 12:00,29.67,,,1934-11-18 12:00,25.022,,,1934-12-15 12:00,21.663,,,1935-01-12 12:00,31.998,,,1935-02-08 12:00,28.063,,,1935-03-07 12:00,22.383,,,1935-04-03 12:00,15.789,,,1935-05-01 12:00,24.515,,,1935-05-28 12:00,20.059,,,1935-06-25 12:00,30.632,,,1935-07-22 12:00,27.489,,,1935-08-18 12:00,23.357,,,1935-09-14 12:00,17.495,,,1935-10-12 12:00,25.695,,,1935-11-08 12:00,19.202,,,1935-12-05 12:00,14.404,,,,,,
,,,,1926-11-17 12:00,28.248,,,1926-12-15 12:00,37.981,,,1927-01-11 12:00,34.673,,,1927-02-08 12:00,45.284,,,1927-03-07 12:00,40.879,,,1927-04-03 12:00,34.65,,,1927-04-30 12:00,27.816,,,1927-05-28 12:00,36.84,,,1927-06-24 12:00,32.446,,,1927-07-22 12:00,43.286,,,1927-08-18 12:00,40.032,,,1927-09-14 12:00,35.543,,,1927-10-11 12:00,29.18,,,1927-11-08 12:00,37.236,,,1927-12-05 12:00,30.754,,,1928-01-02 12:00,40.6,,,1928-01-29 12:00,37.239,,,1928-02-25 12:00,33.789,,,1928-03-24 12:00,43.575,,,1928-04-20 12:00,37.223,,,1928-05-17 12:00,30.362,,,1928-06-14 12:00,39.308,,,1928-07-11 12:00,34.837,,,1928-08-07 12:00,31.573,,,1928-09-04 12:00,42.406,,,1928-10-01 12:00,37.96,,,1928-10-28 12:00,31.703,,,1928-11-25 12:00,39.596,,,1928-12-22 12:00,33.323,,,1929-01-19 12:00,42.972,,,1929-02-15 12:00,39.707,,,1929-03-14 12:00,36.359,,,1929-04-10 12:00,31.621,,,1929-05-08 12:00,40.099,,,1929-06-04 12:00,33.81,,,1929-07-01 12:00,28.557,,,1929-07-29 12:00,38.194,,,1929-08-25 12:00,35.046,,,1929-09-22 12:00,45.427,,,1929-10-19 12:00,41.283,,,1929-11-15 12:00,35.632,,,1929-12-12 12:00,29.531,,,1930-01-09 12:00,37.772,,,1930-02-05 12:00,33.863,,,1930-03-05 12:00,43.856,,,1930-04-01 12:00,40.706,,,1930-04-28 12:00,36.562,,,1930-05-25 12:00,31.512,,,1930-06-22 12:00,39.533,,,1930-07-19 12:00,34.83,,,1930-08-16 12:00,43.851,,,1930-09-12 12:00,40.787,,,1930-10-09 12:00,37.76,,,1930-11-05 12:00,33.916,,,1930-12-03 12:00,42.025,,,1930-12-30 12:00,36.879,,,1931-01-26 12:00,32.463,,,1931-02-23 12:00,41.184,,,1931-03-22 12:00,38.214,,,1931-04-19 12:00,47.504,,,1931-05-16 12:00,43.954,,,1931-06-12 12:00,39.783,,,1931-07-09 12:00,35.441,,,1931-08-06 12:00,43.504,,,1931-09-02 12:00,39.927,,,1931-09-29 12:00,36.881,,,1931-10-27 12:00,45.904,,,1931-11-23 12:00,42.538,,,1931-12-20 12:00,38.602,,,1932-01-16 12:00,34.429,,,1932-02-13 12:00,42.281,,,1932-03-11 12:00,38.692,,,1932-04-08 12:00,47.381,,,1932-05-05 12:00,44.422,,,1932-06-01 12:00,41.303,,,1932-06-28 12:00,37.823,,,1932-07-26 12:00,45.854,,,1932-08-22 12:00,41.908,,,1932-09-18 12:00,38.155,,,1932-10-16 12:00,46.646,,,1932-11-12 12:00,43.573,,,1932-12-09 12:00,40.517,,,1933-01-05 12:00,37.127,,,1933-02-02 12:00,45.122,,,1933-03-01 12:00,40.94,,,1933-03-28 12:00,36.85,,,1933-04-25 12:00,45.379,,,1933-05-22 12:00,42.322,,,1933-06-18 12:00,39.428,,,1933-07-15 12:00,36.18,,,1933-08-12 12:00,44.473,,,1933-09-08 12:00,40.137,,,1933-10-05 12:00,35.641,,,1933-11-02 12:00,44.123,,,1933-11-29 12:00,40.805,,,1933-12-26 12:00,37.876,,,1934-01-23 12:00,46.891,,,1934-02-19 12:00,42.791,,,1934-03-18 12:00,37.798,,,1934-04-14 12:00,32.796,,,1934-05-12 12:00,41.668,,,1934-06-08 12:00,38.395,,,1934-07-05 12:00,35.47,,,1934-08-02 12:00,44.915,,,1934-08-29 12:00,40.667,,,1934-09-25 12:00,35.297,,,1934-10-23 12:00,43.372,,,1934-11-19 12:00,38.577,,,1934-12-16 12:00,35.017,,,1935-01-13 12:00,45.162,,,1935-02-09 12:00,41.672,,,1935-03-08 12:00,36.65,,,1935-04-04 12:00,30.423,,,1935-05-02 12:00,38.826,,,1935-05-29 12:00,34.09,,,1935-06-26 12:00,44.288,,,1935-07-23 12:00,41.232,,,1935-08-19 12:00,37.577,,,1935-09-15 12:00,32.344,,,1935-10-13 12:00,40.587,,,1935-11-09 12:00,34.017,,,1935-12-06 12:00,28.771,,,,,,
,,,,1926-11-18 12:00,42.716,,,1926-12-16 12:00,51.942,,,1927-01-12 12:00,48.424,,,1927-02-09 12:00,58.932,,,1927-03-08 12:00,55.088,,,1927-04-04 12:00,49.497,,,1927-05-01 12:00,42.849,,,1927-05-29 12:00,51.498,,,1927-06-25 12:00,46.726,,,1927-07-23 12:00,57.246,,,1927-08-19 12:00,54.13,,,1927-09-15 12:00,50.172,,,1927-10-12 12:00,44.371,,,1927-11-09 12:00,52.435,,,1927-12-06 12:00,45.616,,,1928-01-03 12:00,54.994,,,1928-01-30 12:00,51.341,,,1928-02-26 12:00,48.124,,,1928-03-25 12:00,58.251,,,1928-04-21 12:00,52.386,,,1928-05-18 12:00,45.482,,,1928-06-15 12:00,54.149,,,1928-07-12 12:00,49.155,,,1928-08-08 12:00,45.644,,,1928-09-05 12:00,56.625,,,1928-10-02 12:00,52.616,,,1928-10-29 12:00,46.718,,,1928-11-26 12:00,54.685,,,1928-12-23 12:00,47.845,,,1929-01-20 12:00,57.17,,,1929-02-16 12:00,53.575,,,1929-03-15 12:00,50.389,,,1929-04-11 12:00,46.006,,,1929-05-09 12:00,54.825,,,1929-06-05 12:00,48.301,,,1929-07-02 12:00,42.473,,,1929-07-30 12:00,51.964,,,1929-08-26 12:00,48.54,,,1929-09-23 12:00,59.186,,,1929-10-20 12:00,55.338,,,1929-11-16 12:00,49.831,,,1929-12-13 12:00,43.378,,,1930-01-10 12:00,51.452,,,1930-02-06 12:00,46.983,,,1930-03-06 12:00,57.065,,,1930-04-02 12:00,54.003,,,1930-04-29 12:00,50.046,,,1930-05-26 12:00,44.952,,,1930-06-23 12:00,53.061,,,1930-07-20 12:00,47.856,,,1930-08-17 12:00,56.825,,,1930-09-13 12:00,53.52,,,1930-10-10 12:00,50.545,,,1930-11-06 12:00,46.834,,,1930-12-04 12:00,55.221,,,1930-12-31 12:00,49.746,,,1931-01-27 12:00,44.874,,,1931-02-24 12:00,53.571,,,1931-03-23 12:00,50.486,,,1931-04-20 12:00,60.037,,,1931-05-17 12:00,56.572,,,1931-06-13 12:00,52.338,,,1931-07-10 12:00,47.761,,,1931-08-07 12:00,55.815,,,1931-09-03 12:00,51.981,,,1931-09-30 12:00,48.858,,,1931-10-28 12:00,58.064,,,1931-11-24 12:00,54.753,,,1931-12-21 12:00,50.744,,,1932-01-17 12:00,46.393,,,1932-02-14 12:00,54.229,,,1932-03-12 12:00,50.532,,,1932-04-09 12:00,59.278,,,1932-05-06 12:00,56.34,,,1932-06-02 12:00,53.224,,,1932-06-29 12:00,49.709,,,1932-07-27 12:00,57.782,,,1932-08-23 12:00,53.771,,,1932-09-19 12:00,50.013,,,1932-10-17 12:00,58.497,,,1932-11-13 12:00,55.438,,,1932-12-10 12:00,52.363,,,1933-01-06 12:00,48.972,,,1933-02-03 12:00,56.995,,,1933-03-02 12:00,52.914,,,1933-03-29 12:00,48.928,,,1933-04-26 12:00,57.365,,,1933-05-23 12:00,54.28,,,1933-06-19 12:00,51.37,,,1933-07-16 12:00,48.214,,,1933-08-13 12:00,56.534,,,1933-09-09 12:00,52.426,,,1933-10-06 12:00,48.111,,,1933-11-03 12:00,56.429,,,1933-11-30 12:00,53.048,,,1933-12-27 12:00,50.084,,,1934-01-24 12:00,59.045,,,1934-02-20 12:00,55.262,,,1934-03-19 12:00,50.657,,,1934-04-15 12:00,45.841,,,1934-05-13 12:00,54.422,,,1934-06-09 12:00,51.042,,,1934-07-06 12:00,48.132,,,1934-08-03 12:00,57.514,,,1934-08-30 12:00,53.685,,,1934-09-26 12:00,48.787,,,1934-10-24 12:00,56.737,,,1934-11-20 12:00,51.912,,,1934-12-17 12:00,48.158,,,1935-01-14 12:00,58.033,,,1935-02-10 12:00,54.848,,,1935-03-09 12:00,50.432,,,1935-04-05 12:00,44.699,,,1935-05-03 12:00,52.863,,,1935-05-30 12:00,47.953,,,1935-06-27 12:00,57.726,,,1935-07-24 12:00,54.661,,,1935-08-20 12:00,51.365,,,1935-09-16 12:00,46.76,,,1935-10-14 12:00,55.096,,,1935-11-10 12:00,48.674,,,1935-12-07 12:00,43.096,,,,,,
,,,,1926-11-19 12:00,56.971,,,,,,,1927-01-13 12:00,61.959,,,,,,,,,,,,,,,1927-05-02 12:00,57.646,,,,,,,1927-06-26 12:00,60.922,,,,,,,,,,,,,,,1927-10-13 12:00,59.267,,,,,,,1927-12-07 12:00,60.513,,,,,,,,,,,1928-02-27 12:00,62.272,,,,,,,,,,,1928-05-19 12:00,60.673,,,,,,,,,,,1928-08-09 12:00,59.784,,,,,,,,,,,1928-10-30 12:00,61.766,,,,,,,1928-12-24 12:00,62.704,,,,,,,,,,,,,,,1929-04-12 12:00,60.478,,,,,,,,,,,1929-07-03 12:00,56.82,,,,,,,1929-08-27 12:00,62.283,,,,,,,,,,,,,,,1929-12-14 12:00,57.688,,,,,,,1930-02-07 12:00,60.494,,,,,,,,,,,,,,,1930-05-27 12:00,58.766,,,,,,,1930-07-21 12:00,61.34,,,,,,,,,,,,,,,1930-11-07 12:00,60.015,,,,,,,,,,,1931-01-28 12:00,57.661,,,,,,,1931-03-24 12:00,62.982,,,,,,,,,,,,,,,1931-07-11 12:00,60.41,,,,,,,,,,,1931-10-01 12:00,60.989,,,,,,,,,,,,,,,1932-01-18 12:00,58.568,,,,,,,1932-03-13 12:00,62.479,,,,,,,,,,,,,,,1932-06-30 12:00,61.721,,,,,,,,,,,1932-09-20 12:00,61.866,,,,,,,,,,,,,,,1933-01-07 12:00,60.83,,,,,,,,,,,1933-03-30 12:00,60.884,,,,,,,,,,,,,,,1933-07-17 12:00,60.13,,,,,,,,,,,1933-10-07 12:00,60.354,,,,,,,,,,,1933-12-28 12:00,62.147,,,,,,,,,,,,,,,1934-04-16 12:00,58.591,,,,,,,,,,,1934-07-07 12:00,60.554,,,,,,,,,,,1934-09-27 12:00,61.852,,,,,,,,,,,1934-12-18 12:00,61.086,,,,,,,,,,,,,,,1935-04-06 12:00,58.538,,,,,,,1935-05-31 12:00,61.588,,,,,,,,,,,,,,,1935-09-17 12:00,60.687,,,,,,,,,,,1935-12-08 12:00,57.295,,,,,,
,,,,,,,,,,,,,,,,,,,,,,,,,,,,,,,,,,,,,,,,,,,,,,,,,,,,,,,,,,,,,,,,,,,,,,,,,,,,,,,,,,,,,,,,,,,,,,,,,,,,,,,,,,,,,,,,,,,,,,,,,,,,,,,,,,,,,,,,,,,,,,,,,,,,,,,,,,,,,,,,,,,,,,,,,,,,,,,,,,,,,,,,,,,,,,,,,,,,,,,,,,,,,,,,,,,,,,,,,,,,,,,,,,,,,,,,,,,,,,,,,,,,,,,,,,,,,,,,,,,,,,,,,,,,,,,,,,,,,,,,,,,,,,,,,,,,,,,,,,,,,,,,,,,,,,,,,,,,,,,,,,,,,,,,,,,,,,,,,,,,,,,,,,,,,,,,,,,,,,,,,,,,,,,,,,,,,,,,,,,,,,,,,,,,,,,,,,,,,,,,,,,,,,,,,,,,,,,,,,,,,,,,,,,,,,,,,,,,,,,,,,,,,,,,,,,,,,,,,,,,,,,,,,,,,,,,,,,,,,,,,,,,,,,,,,,,,,,
