Timestamp,G.Sun,HighPrice,LowPrice,Timestamp,G.Sun,HighPrice,LowPrice,Timestamp,G.Sun,HighPrice,LowPrice,Timestamp,G.Sun,HighPrice,LowPrice,Timestamp,G.Sun,HighPrice,LowPrice,Timestamp,G.Sun,HighPrice,LowPrice,Timestamp,G.Sun,HighPrice,LowPrice,Timestamp,G.Sun,HighPrice,LowPrice,Timestamp,G.Sun,HighPrice,LowPrice,Timestamp,G.Sun,HighPrice,LowPrice,Timestamp,G.Sun,HighPrice,LowPrice,Timestamp,G.Sun,HighPrice,LowPrice,Timestamp,G.Sun,HighPrice,LowPrice,Timestamp,G.Sun,HighPrice,LowPrice,Timestamp,G.Sun,HighPrice,LowPrice,Timestamp,G.Sun,HighPrice,LowPrice,Timestamp,G.Sun,HighPrice,LowPrice,Timestamp,G.Sun,HighPrice,LowPrice,Timestamp,G.Sun,HighPrice,LowPrice,Timestamp,G.Sun,HighPrice,LowPrice
,,,,1926-10-23 12:00,209.537,,,1927-04-20 12:00,29.618,,,1927-10-24 12:00,210.292,,,1928-04-20 12:00,30.36,,,1928-10-23 12:00,210.051,,,1929-04-20 12:00,30.121,,,1929-10-23 12:00,209.811,,,1930-04-20 12:00,29.88,,,1930-10-23 12:00,209.573,,,1931-04-20 12:00,29.653,,,1931-10-24 12:00,210.327,,,1932-04-20 12:00,30.393,,,1932-10-23 12:00,210.086,,,1933-04-20 12:00,30.156,,,1933-10-23 12:00,209.848,,,1934-04-20 12:00,29.924,,,1934-10-23 12:00,209.607,,,1935-04-20 12:00,29.687,,,1935-10-24 12:00,210.359,,
,,,,1926-10-24 12:00,210.533,,,1927-04-21 12:00,30.594,,,1927-10-25 12:00,211.289,,,1928-04-21 12:00,31.336,,,1928-10-24 12:00,211.048,,,1929-04-21 12:00,31.096,,,1929-10-24 12:00,210.808,,,1930-04-21 12:00,30.855,,,1930-10-24 12:00,210.569,,,1931-04-21 12:00,30.629,,,1931-10-25 12:00,211.324,,,1932-04-21 12:00,31.368,,,1932-10-24 12:00,211.083,,,1933-04-21 12:00,31.132,,,1933-10-24 12:00,210.845,,,1934-04-21 12:00,30.9,,,1934-10-24 12:00,210.603,,,1935-04-21 12:00,30.663,,,1935-10-25 12:00,211.357,,
,,,,1926-10-25 12:00,211.529,,,1927-04-22 12:00,31.569,,,1927-10-26 12:00,212.287,,,1928-04-22 12:00,32.311,,,1928-10-25 12:00,212.045,,,1929-04-22 12:00,32.07,,,1929-10-25 12:00,211.805,,,1930-04-22 12:00,31.83,,,1930-10-25 12:00,211.567,,,1931-04-22 12:00,31.605,,,1931-10-26 12:00,212.321,,,1932-04-22 12:00,32.342,,,1932-10-25 12:00,212.081,,,1933-04-22 12:00,32.107,,,1933-10-25 12:00,211.842,,,1934-04-22 12:00,31.875,,,1934-10-25 12:00,211.6,,,1935-04-22 12:00,31.638,,,1935-10-26 12:00,212.354,,
,,,,1926-10-26 12:00,212.527,,,1927-04-23 12:00,32.543,,,1927-10-27 12:00,213.285,,,1928-04-23 12:00,33.286,,,1928-10-26 12:00,213.042,,,1929-04-23 12:00,33.044,,,1929-10-26 12:00,212.802,,,1930-04-23 12:00,32.805,,,1930-10-26 12:00,212.564,,,1931-04-23 12:00,32.58,,,1931-10-27 12:00,213.318,,,1932-04-23 12:00,33.316,,,1932-10-26 12:00,213.079,,,1933-04-23 12:00,33.081,,,1933-10-26 12:00,212.84,,,1934-04-23 12:00,32.849,,,1934-10-26 12:00,212.597,,,1935-04-23 12:00,32.612,,,1935-10-27 12:00,213.353,,
,,,,1926-10-27 12:00,213.525,,,1927-04-24 12:00,33.518,,,1927-10-28 12:00,214.284,,,1928-04-24 12:00,34.26,,,1928-10-27 12:00,214.04,,,1929-04-24 12:00,34.018,,,1929-10-27 12:00,213.801,,,1930-04-24 12:00,33.779,,,1930-10-27 12:00,213.563,,,1931-04-24 12:00,33.554,,,1931-10-28 12:00,214.316,,,1932-04-24 12:00,34.29,,,1932-10-27 12:00,214.077,,,1933-04-24 12:00,34.055,,,1933-10-27 12:00,213.838,,,1934-04-24 12:00,33.823,,,1934-10-27 12:00,213.595,,,1935-04-24 12:00,33.586,,,1935-10-28 12:00,214.352,,
,,,,1926-10-28 12:00,214.523,,,1927-04-25 12:00,34.491,,,1927-10-29 12:00,215.283,,,1928-04-25 12:00,35.233,,,1928-10-28 12:00,215.039,,,1929-04-25 12:00,34.991,,,1929-10-28 12:00,214.8,,,1930-04-25 12:00,34.753,,,1930-10-28 12:00,214.561,,,1931-04-25 12:00,34.527,,,1931-10-29 12:00,215.315,,,1932-04-25 12:00,35.263,,,1932-10-28 12:00,215.077,,,1933-04-25 12:00,35.029,,,1933-10-28 12:00,214.837,,,1934-04-25 12:00,34.796,,,1934-10-28 12:00,214.594,,,1935-04-25 12:00,34.56,,,1935-10-29 12:00,215.351,,
,,,,1926-10-29 12:00,215.522,,,1927-04-26 12:00,35.465,,,1927-10-30 12:00,216.283,,,1928-04-26 12:00,36.206,,,1928-10-29 12:00,216.038,,,1929-04-26 12:00,35.963,,,1929-10-29 12:00,215.799,,,1930-04-26 12:00,35.726,,,1930-10-29 12:00,215.56,,,1931-04-26 12:00,35.5,,,1931-10-30 12:00,216.314,,,1932-04-26 12:00,36.235,,,1932-10-29 12:00,216.076,,,1933-04-26 12:00,36.002,,,1933-10-29 12:00,215.836,,,1934-04-26 12:00,35.769,,,1934-10-29 12:00,215.593,,,1935-04-26 12:00,35.533,,,1935-10-30 12:00,216.351,,
,,,,1926-10-30 12:00,216.522,,,1927-04-27 12:00,36.437,,,1927-10-31 12:00,217.283,,,1928-04-27 12:00,37.178,,,1928-10-30 12:00,217.037,,,1929-04-27 12:00,36.935,,,1929-10-30 12:00,216.8,,,1930-04-27 12:00,36.699,,,1930-10-30 12:00,216.56,,,1931-04-27 12:00,36.473,,,1931-10-31 12:00,217.314,,,1932-04-27 12:00,37.207,,,1932-10-30 12:00,217.077,,,1933-04-27 12:00,36.975,,,1933-10-30 12:00,216.835,,,1934-04-27 12:00,36.741,,,1934-10-30 12:00,216.592,,,1935-04-27 12:00,36.505,,,1935-10-31 12:00,217.351,,
,,,,1926-10-31 12:00,217.522,,,1927-04-28 12:00,37.41,,,1927-11-01 12:00,218.284,,,1928-04-28 12:00,38.15,,,1928-10-31 12:00,218.037,,,1929-04-28 12:00,37.907,,,1929-10-31 12:00,217.8,,,1930-04-28 12:00,37.671,,,1930-10-31 12:00,217.56,,,1931-04-28 12:00,37.445,,,1931-11-01 12:00,218.314,,,1932-04-28 12:00,38.179,,,1932-10-31 12:00,218.078,,,1933-04-28 12:00,37.947,,,1933-10-31 12:00,217.835,,,1934-04-28 12:00,37.713,,,1934-10-31 12:00,217.593,,,1935-04-28 12:00,37.478,,,1935-11-01 12:00,218.352,,
,,,,1926-11-01 12:00,218.523,,,1927-04-29 12:00,38.382,,,1927-11-02 12:00,219.285,,,1928-04-29 12:00,39.121,,,1928-11-01 12:00,219.038,,,1929-04-29 12:00,38.878,,,1929-11-01 12:00,218.801,,,1930-04-29 12:00,38.643,,,1930-11-01 12:00,218.561,,,1931-04-29 12:00,38.416,,,1931-11-02 12:00,219.315,,,1932-04-29 12:00,39.15,,,1932-11-01 12:00,219.079,,,1933-04-29 12:00,38.918,,,1933-11-01 12:00,218.836,,,1934-04-29 12:00,38.684,,,1934-11-01 12:00,218.594,,,1935-04-29 12:00,38.45,,,1935-11-02 12:00,219.353,,
,,,,1926-11-02 12:00,219.525,,,1927-04-30 12:00,39.353,,,1927-11-03 12:00,220.287,,,1928-04-30 12:00,40.091,,,1928-11-02 12:00,220.039,,,1929-04-30 12:00,39.849,,,1929-11-02 12:00,219.803,,,1930-04-30 12:00,39.614,,,1930-11-02 12:00,219.562,,,1931-04-30 12:00,39.387,,,1931-11-03 12:00,220.317,,,1932-04-30 12:00,40.121,,,1932-11-02 12:00,220.081,,,1933-04-30 12:00,39.889,,,1933-11-02 12:00,219.837,,,1934-04-30 12:00,39.654,,,1934-11-02 12:00,219.595,,,1935-04-30 12:00,39.421,,,1935-11-03 12:00,220.355,,
,,,,1926-11-03 12:00,220.527,,,1927-05-01 12:00,40.324,,,1927-11-04 12:00,221.289,,,1928-05-01 12:00,41.061,,,1928-11-03 12:00,221.041,,,1929-05-01 12:00,40.819,,,1929-11-03 12:00,220.805,,,1930-05-01 12:00,40.585,,,1930-11-03 12:00,220.563,,,1931-05-01 12:00,40.357,,,1931-11-04 12:00,221.319,,,1932-05-01 12:00,41.091,,,1932-11-03 12:00,221.083,,,1933-05-01 12:00,40.86,,,1933-11-03 12:00,220.838,,,1934-05-01 12:00,40.625,,,1934-11-03 12:00,220.597,,,1935-05-01 12:00,40.392,,,1935-11-04 12:00,221.357,,
,,,,1926-11-04 12:00,221.529,,,1927-05-02 12:00,41.295,,,1927-11-05 12:00,222.291,,,1928-05-02 12:00,42.031,,,1928-11-04 12:00,222.044,,,1929-05-02 12:00,41.789,,,1929-11-04 12:00,221.808,,,1930-05-02 12:00,41.556,,,1930-11-04 12:00,221.565,,,1931-05-02 12:00,41.326,,,1931-11-05 12:00,222.322,,,1932-05-02 12:00,42.061,,,1932-11-04 12:00,222.086,,,1933-05-02 12:00,41.83,,,1933-11-04 12:00,221.841,,,1934-05-02 12:00,41.594,,,1934-11-04 12:00,221.6,,,1935-05-02 12:00,41.362,,,1935-11-05 12:00,222.36,,
,,,,1926-11-05 12:00,222.532,,,1927-05-03 12:00,42.265,,,1927-11-06 12:00,223.294,,,1928-05-03 12:00,43.0,,,1928-11-05 12:00,223.047,,,1929-05-03 12:00,42.758,,,1929-11-05 12:00,222.811,,,1930-05-03 12:00,42.525,,,1930-11-05 12:00,222.567,,,1931-05-03 12:00,42.296,,,1931-11-06 12:00,223.325,,,1932-05-03 12:00,43.031,,,1932-11-05 12:00,223.089,,,1933-05-03 12:00,42.799,,,1933-11-05 12:00,222.843,,,1934-05-03 12:00,42.564,,,1934-11-05 12:00,222.603,,,1935-05-03 12:00,42.332,,,1935-11-06 12:00,223.363,,
,,,,1926-11-06 12:00,223.536,,,1927-05-04 12:00,43.234,,,1927-11-07 12:00,224.297,,,1928-05-04 12:00,43.968,,,1928-11-06 12:00,224.051,,,1929-05-04 12:00,43.727,,,1929-11-06 12:00,223.815,,,1930-05-04 12:00,43.494,,,1930-11-06 12:00,223.57,,,1931-05-04 12:00,43.264,,,1931-11-07 12:00,224.329,,,1932-05-04 12:00,44.0,,,1932-11-06 12:00,224.093,,,1933-05-04 12:00,43.768,,,1933-11-06 12:00,223.847,,,1934-05-04 12:00,43.532,,,1934-11-06 12:00,223.606,,,1935-05-04 12:00,43.302,,,1935-11-07 12:00,224.366,,
,,,,1926-11-07 12:00,224.54,,,1927-05-05 12:00,44.203,,,1927-11-08 12:00,225.301,,,1928-05-05 12:00,44.936,,,1928-11-07 12:00,225.055,,,1929-05-05 12:00,44.696,,,1929-11-07 12:00,224.819,,,1930-05-05 12:00,44.463,,,1930-11-07 12:00,224.573,,,1931-05-05 12:00,44.233,,,1931-11-08 12:00,225.334,,,1932-05-05 12:00,44.969,,,1932-11-07 12:00,225.097,,,1933-05-05 12:00,44.736,,,1933-11-07 12:00,224.85,,,1934-05-05 12:00,44.501,,,1934-11-07 12:00,224.61,,,1935-05-05 12:00,44.271,,,1935-11-08 12:00,225.37,,
,,,,1926-11-08 12:00,225.545,,,1927-05-06 12:00,45.172,,,1927-11-09 12:00,226.305,,,1928-05-06 12:00,45.904,,,1928-11-08 12:00,226.06,,,1929-05-06 12:00,45.664,,,1929-11-08 12:00,225.824,,,1930-05-06 12:00,45.431,,,1930-11-08 12:00,225.577,,,1931-05-06 12:00,45.201,,,1931-11-09 12:00,226.339,,,1932-05-06 12:00,45.937,,,1932-11-08 12:00,226.101,,,1933-05-06 12:00,45.703,,,1933-11-08 12:00,225.855,,,1934-05-06 12:00,45.469,,,1934-11-08 12:00,225.615,,,1935-05-06 12:00,45.24,,,1935-11-09 12:00,226.374,,
,,,,1926-11-09 12:00,226.55,,,1927-05-07 12:00,46.14,,,1927-11-10 12:00,227.31,,,1928-05-07 12:00,46.871,,,1928-11-09 12:00,227.065,,,1929-05-07 12:00,46.632,,,1929-11-09 12:00,226.829,,,1930-05-07 12:00,46.399,,,1930-11-09 12:00,226.582,,,1931-05-07 12:00,46.168,,,1931-11-10 12:00,227.344,,,1932-05-07 12:00,46.904,,,1932-11-09 12:00,227.106,,,1933-05-07 12:00,46.67,,,1933-11-09 12:00,226.859,,,1934-05-07 12:00,46.437,,,1934-11-09 12:00,226.62,,,1935-05-07 12:00,46.208,,,1935-11-10 12:00,227.379,,
,,,,1926-11-10 12:00,227.555,,,1927-05-08 12:00,47.107,,,1927-11-11 12:00,228.315,,,1928-05-08 12:00,47.837,,,1928-11-10 12:00,228.071,,,1929-05-08 12:00,47.6,,,1929-11-10 12:00,227.834,,,1930-05-08 12:00,47.366,,,1930-11-10 12:00,227.587,,,1931-05-08 12:00,47.136,,,1931-11-11 12:00,228.35,,,1932-05-08 12:00,47.872,,,1932-11-10 12:00,228.111,,,1933-05-08 12:00,47.637,,,1933-11-10 12:00,227.865,,,1934-05-08 12:00,47.404,,,1934-11-10 12:00,227.626,,,1935-05-08 12:00,47.175,,,1935-11-11 12:00,228.384,,
,,,,1926-11-11 12:00,228.561,,,1927-05-09 12:00,48.074,,,1927-11-12 12:00,229.321,,,1928-05-09 12:00,48.804,,,1928-11-11 12:00,229.077,,,1929-05-09 12:00,48.567,,,1929-11-11 12:00,228.84,,,1930-05-09 12:00,48.332,,,1930-11-11 12:00,228.592,,,1931-05-09 12:00,48.102,,,1931-11-12 12:00,229.357,,,1932-05-09 12:00,48.838,,,1932-11-11 12:00,229.117,,,1933-05-09 12:00,48.603,,,1933-11-11 12:00,228.871,,,1934-05-09 12:00,48.371,,,1934-11-11 12:00,228.632,,,1935-05-09 12:00,48.142,,,1935-11-12 12:00,229.39,,
,,,,1926-11-12 12:00,229.567,,,1927-05-10 12:00,49.04,,,1927-11-13 12:00,230.327,,,1928-05-10 12:00,49.77,,,1928-11-12 12:00,230.084,,,1929-05-10 12:00,49.533,,,1929-11-12 12:00,229.846,,,1930-05-10 12:00,49.298,,,1930-11-12 12:00,229.598,,,1931-05-10 12:00,49.069,,,1931-11-13 12:00,230.363,,,1932-05-10 12:00,49.805,,,1932-11-12 12:00,230.123,,,1933-05-10 12:00,49.569,,,1933-11-12 12:00,229.877,,,1934-05-10 12:00,49.338,,,1934-11-12 12:00,229.638,,,1935-05-10 12:00,49.109,,,1935-11-13 12:00,230.396,,
,,,,1926-11-13 12:00,230.574,,,1927-05-11 12:00,50.006,,,1927-11-14 12:00,231.334,,,1928-05-11 12:00,50.735,,,1928-11-13 12:00,231.091,,,1929-05-11 12:00,50.499,,,1929-11-13 12:00,230.852,,,1930-05-11 12:00,50.263,,,1930-11-13 12:00,230.605,,,1931-05-11 12:00,50.035,,,1931-11-14 12:00,231.371,,,1932-05-11 12:00,50.771,,,1932-11-13 12:00,231.129,,,1933-05-11 12:00,50.534,,,1933-11-13 12:00,230.884,,,1934-05-11 12:00,50.304,,,1934-11-13 12:00,230.645,,,1935-05-11 12:00,50.075,,,1935-11-14 12:00,231.403,,
,,,,1926-11-14 12:00,231.58,,,1927-05-12 12:00,50.971,,,1927-11-15 12:00,232.341,,,1928-05-12 12:00,51.7,,,1928-11-14 12:00,232.099,,,1929-05-12 12:00,51.465,,,1929-11-14 12:00,231.859,,,1930-05-12 12:00,51.228,,,1930-11-14 12:00,231.612,,,1931-05-12 12:00,51.001,,,1931-11-15 12:00,232.378,,,1932-05-12 12:00,51.736,,,1932-11-14 12:00,232.136,,,1933-05-12 12:00,51.499,,,1933-11-14 12:00,231.892,,,1934-05-12 12:00,51.269,,,1934-11-14 12:00,231.652,,,1935-05-12 12:00,51.04,,,1935-11-15 12:00,232.41,,
,,,,1926-11-15 12:00,232.588,,,1927-05-13 12:00,51.936,,,1927-11-16 12:00,233.349,,,1928-05-13 12:00,52.665,,,1928-11-15 12:00,233.107,,,1929-05-13 12:00,52.43,,,1929-11-15 12:00,232.866,,,1930-05-13 12:00,52.193,,,1930-11-15 12:00,232.62,,,1931-05-13 12:00,51.966,,,1931-11-16 12:00,233.386,,,1932-05-13 12:00,52.701,,,1932-11-15 12:00,233.144,,,1933-05-13 12:00,52.464,,,1933-11-15 12:00,232.9,,,1934-05-13 12:00,52.235,,,1934-11-15 12:00,232.659,,,1935-05-13 12:00,52.005,,,1935-11-16 12:00,233.418,,
,,,,1926-11-16 12:00,233.595,,,1927-05-14 12:00,52.9,,,1927-11-17 12:00,234.357,,,1928-05-14 12:00,53.63,,,1928-11-16 12:00,234.116,,,1929-05-14 12:00,53.395,,,1929-11-16 12:00,233.874,,,1930-05-14 12:00,53.157,,,1930-11-16 12:00,233.628,,,1931-05-14 12:00,52.931,,,1931-11-17 12:00,234.395,,,1932-05-14 12:00,53.665,,,1932-11-16 12:00,234.152,,,1933-05-14 12:00,53.428,,,1933-11-16 12:00,233.908,,,1934-05-14 12:00,53.2,,,1934-11-16 12:00,233.667,,,1935-05-14 12:00,52.969,,,1935-11-17 12:00,234.427,,
,,,,1926-11-17 12:00,234.603,,,1927-05-15 12:00,53.864,,,1927-11-18 12:00,235.366,,,1928-05-15 12:00,54.594,,,1928-11-17 12:00,235.124,,,1929-05-15 12:00,54.359,,,1929-11-17 12:00,234.882,,,1930-05-15 12:00,54.121,,,1930-11-17 12:00,234.636,,,1931-05-15 12:00,53.895,,,1931-11-18 12:00,235.403,,,1932-05-15 12:00,54.629,,,1932-11-17 12:00,235.16,,,1933-05-15 12:00,54.392,,,1933-11-17 12:00,234.917,,,1934-05-15 12:00,54.164,,,1934-11-17 12:00,234.675,,,1935-05-15 12:00,53.933,,,1935-11-18 12:00,235.435,,
,,,,1926-11-18 12:00,235.612,,,1927-05-16 12:00,54.828,,,1927-11-19 12:00,236.375,,,1928-05-16 12:00,55.558,,,1928-11-18 12:00,236.134,,,1929-05-16 12:00,55.323,,,1929-11-18 12:00,235.891,,,1930-05-16 12:00,55.085,,,1930-11-18 12:00,235.646,,,1931-05-16 12:00,54.86,,,1931-11-19 12:00,236.412,,,1932-05-16 12:00,55.592,,,1932-11-18 12:00,236.169,,,1933-05-16 12:00,55.355,,,1933-11-18 12:00,235.927,,,1934-05-16 12:00,55.128,,,1934-11-18 12:00,235.684,,,1935-05-16 12:00,54.897,,,1935-11-19 12:00,236.445,,
,,,,1926-11-19 12:00,236.621,,,1927-05-17 12:00,55.791,,,1927-11-20 12:00,237.385,,,1928-05-17 12:00,56.521,,,1928-11-19 12:00,237.143,,,1929-05-17 12:00,56.286,,,1929-11-19 12:00,236.9,,,1930-05-17 12:00,56.048,,,1930-11-19 12:00,236.655,,,1931-05-17 12:00,55.823,,,1931-11-20 12:00,237.421,,,1932-05-17 12:00,56.555,,,1932-11-19 12:00,237.178,,,1933-05-17 12:00,56.318,,,1933-11-19 12:00,236.937,,,1934-05-17 12:00,56.092,,,1934-11-19 12:00,236.693,,,1935-05-17 12:00,55.86,,,1935-11-20 12:00,237.454,,
,,,,1926-11-20 12:00,237.63,,,1927-05-18 12:00,56.754,,,1927-11-21 12:00,238.395,,,1928-05-18 12:00,57.484,,,1928-11-20 12:00,238.153,,,1929-05-18 12:00,57.249,,,1929-11-20 12:00,237.909,,,1930-05-18 12:00,57.011,,,1930-11-20 12:00,237.665,,,1931-05-18 12:00,56.787,,,1931-11-21 12:00,238.431,,,1932-05-18 12:00,57.517,,,1932-11-20 12:00,238.188,,,1933-05-18 12:00,57.281,,,1933-11-20 12:00,237.947,,,1934-05-18 12:00,57.055,,,1934-11-20 12:00,237.702,,,1935-05-18 12:00,56.823,,,1935-11-21 12:00,238.465,,
,,,,1926-11-21 12:00,238.639,,,1927-05-19 12:00,57.716,,,1927-11-22 12:00,239.406,,,1928-05-19 12:00,58.447,,,1928-11-21 12:00,239.164,,,1929-05-19 12:00,58.211,,,1929-11-21 12:00,238.919,,,1930-05-19 12:00,57.973,,,1930-11-21 12:00,238.676,,,1931-05-19 12:00,57.75,,,1931-11-22 12:00,239.441,,,1932-05-19 12:00,58.479,,,1932-11-21 12:00,239.199,,,1933-05-19 12:00,58.244,,,1933-11-21 12:00,238.957,,,1934-05-19 12:00,58.018,,,1934-11-21 12:00,238.712,,,1935-05-19 12:00,57.785,,,1935-11-22 12:00,239.475,,
,,,,1926-11-22 12:00,239.65,,,1927-05-20 12:00,58.678,,,1927-11-23 12:00,240.417,,,1928-05-20 12:00,59.409,,,1928-11-22 12:00,240.174,,,1929-05-20 12:00,59.173,,,1929-11-22 12:00,239.93,,,1930-05-20 12:00,58.936,,,1930-11-22 12:00,239.687,,,1931-05-20 12:00,58.712,,,1931-11-23 12:00,240.452,,,1932-05-20 12:00,59.44,,,1932-11-22 12:00,240.209,,,1933-05-20 12:00,59.206,,,1933-11-22 12:00,239.968,,,1934-05-20 12:00,58.98,,,1934-11-22 12:00,239.722,,,1935-05-20 12:00,58.747,,,1935-11-23 12:00,240.487,,
,,,,1926-11-23 12:00,240.66,,,1927-05-21 12:00,59.64,,,1927-11-24 12:00,241.429,,,1928-05-21 12:00,60.371,,,1928-11-23 12:00,241.185,,,1929-05-21 12:00,60.134,,,1929-11-23 12:00,240.941,,,1930-05-21 12:00,59.897,,,1930-11-23 12:00,240.698,,,1931-05-21 12:00,59.675,,,1931-11-24 12:00,241.462,,,1932-05-21 12:00,60.402,,,1932-11-23 12:00,241.221,,,1933-05-21 12:00,60.168,,,1933-11-23 12:00,240.979,,,1934-05-21 12:00,59.942,,,1934-11-23 12:00,240.733,,,1935-05-21 12:00,59.709,,,1935-11-24 12:00,241.498,,
,,,,1926-11-24 12:00,241.671,,,1927-05-22 12:00,60.601,,,1927-11-25 12:00,242.441,,,1928-05-22 12:00,61.333,,,1928-11-24 12:00,242.196,,,1929-05-22 12:00,61.095,,,1929-11-24 12:00,241.952,,,1930-05-22 12:00,60.859,,,1930-11-24 12:00,241.709,,,1931-05-22 12:00,60.637,,,1931-11-25 12:00,242.474,,,1932-05-22 12:00,61.363,,,1932-11-24 12:00,242.232,,,1933-05-22 12:00,61.13,,,1933-11-24 12:00,241.991,,,1934-05-22 12:00,60.904,,,1934-11-24 12:00,241.744,,,1935-05-22 12:00,60.67,,,1935-11-25 12:00,242.51,,
,,,,1926-11-25 12:00,242.683,,,1927-05-23 12:00,61.562,,,1927-11-26 12:00,243.453,,,1928-05-23 12:00,62.294,,,1928-11-25 12:00,243.208,,,1929-05-23 12:00,62.056,,,1929-11-25 12:00,242.964,,,1930-05-23 12:00,61.82,,,1930-11-25 12:00,242.721,,,1931-05-23 12:00,61.598,,,1931-11-26 12:00,243.485,,,1932-05-23 12:00,62.323,,,1932-11-25 12:00,243.245,,,1933-05-23 12:00,62.091,,,1933-11-25 12:00,243.003,,,1934-05-23 12:00,61.865,,,1934-11-25 12:00,242.755,,,1935-05-23 12:00,61.631,,,1935-11-26 12:00,243.523,,
,,,,1926-11-26 12:00,243.695,,,1927-05-24 12:00,62.523,,,1927-11-27 12:00,244.466,,,1928-05-24 12:00,63.255,,,1928-11-26 12:00,244.219,,,1929-05-24 12:00,63.016,,,1929-11-26 12:00,243.976,,,1930-05-24 12:00,62.781,,,1930-11-26 12:00,243.734,,,1931-05-24 12:00,62.559,,,1931-11-27 12:00,244.497,,,1932-05-24 12:00,63.284,,,1932-11-26 12:00,244.257,,,1933-05-24 12:00,63.052,,,1933-11-26 12:00,244.015,,,1934-05-24 12:00,62.825,,,1934-11-26 12:00,243.767,,,1935-05-24 12:00,62.592,,,1935-11-27 12:00,244.535,,
,,,,1926-11-27 12:00,244.707,,,1927-05-25 12:00,63.484,,,1927-11-28 12:00,245.479,,,1928-05-25 12:00,64.215,,,1928-11-27 12:00,245.232,,,1929-05-25 12:00,63.976,,,1929-11-27 12:00,244.989,,,1930-05-25 12:00,63.742,,,1930-11-27 12:00,244.746,,,1931-05-25 12:00,63.519,,,1931-11-28 12:00,245.51,,,1932-05-25 12:00,64.244,,,1932-11-27 12:00,245.27,,,1933-05-25 12:00,64.013,,,1933-11-27 12:00,245.027,,,1934-05-25 12:00,63.785,,,1934-11-27 12:00,244.779,,,1935-05-25 12:00,63.552,,,1935-11-28 12:00,245.549,,
,,,,1926-11-28 12:00,245.72,,,1927-05-26 12:00,64.444,,,1927-11-29 12:00,246.492,,,1928-05-26 12:00,65.175,,,1928-11-28 12:00,246.244,,,1929-05-26 12:00,64.936,,,1929-11-28 12:00,246.002,,,1930-05-26 12:00,64.703,,,1930-11-28 12:00,245.759,,,1931-05-26 12:00,64.479,,,1931-11-29 12:00,246.522,,,1932-05-26 12:00,65.203,,,1932-11-28 12:00,246.284,,,1933-05-26 12:00,64.973,,,1933-11-28 12:00,246.04,,,1934-05-26 12:00,64.745,,,1934-11-28 12:00,245.792,,,1935-05-26 12:00,64.513,,,1935-11-29 12:00,246.562,,
,,,,1926-11-29 12:00,246.733,,,1927-05-27 12:00,65.404,,,1927-11-30 12:00,247.506,,,1928-05-27 12:00,66.135,,,1928-11-29 12:00,247.257,,,1929-05-27 12:00,65.895,,,1929-11-29 12:00,247.016,,,1930-05-27 12:00,65.663,,,1930-11-29 12:00,246.772,,,1931-05-27 12:00,65.439,,,1931-11-30 12:00,247.536,,,1932-05-27 12:00,66.163,,,1932-11-29 12:00,247.297,,,1933-05-27 12:00,65.933,,,1933-11-29 12:00,247.052,,,1934-05-27 12:00,65.704,,,1934-11-29 12:00,246.805,,,1935-05-27 12:00,65.473,,,1935-11-30 12:00,247.576,,
,,,,1926-11-30 12:00,247.746,,,1927-05-28 12:00,66.364,,,1927-12-01 12:00,248.519,,,1928-05-28 12:00,67.094,,,1928-11-30 12:00,248.271,,,1929-05-28 12:00,66.855,,,1929-11-30 12:00,248.03,,,1930-05-28 12:00,66.623,,,1930-11-30 12:00,247.785,,,1931-05-28 12:00,66.398,,,1931-12-01 12:00,248.549,,,1932-05-28 12:00,67.122,,,1932-11-30 12:00,248.311,,,1933-05-28 12:00,66.892,,,1933-11-30 12:00,248.066,,,1934-05-28 12:00,66.664,,,1934-11-30 12:00,247.818,,,1935-05-28 12:00,66.432,,,1935-12-01 12:00,248.59,,
,,,,1926-12-01 12:00,248.76,,,1927-05-29 12:00,67.324,,,1927-12-02 12:00,249.533,,,1928-05-29 12:00,68.053,,,1928-12-01 12:00,249.284,,,1929-05-29 12:00,67.814,,,1929-12-01 12:00,249.044,,,1930-05-29 12:00,67.582,,,1930-12-01 12:00,248.798,,,1931-05-29 12:00,67.357,,,1931-12-02 12:00,249.563,,,1932-05-29 12:00,68.081,,,1932-12-01 12:00,249.326,,,1933-05-29 12:00,67.852,,,1933-12-01 12:00,249.079,,,1934-05-29 12:00,67.622,,,1934-12-01 12:00,248.832,,,1935-05-29 12:00,67.392,,,1935-12-02 12:00,249.604,,
,,,,1926-12-02 12:00,249.775,,,1927-05-30 12:00,68.283,,,1927-12-03 12:00,250.547,,,1928-05-30 12:00,69.011,,,1928-12-02 12:00,250.299,,,1929-05-30 12:00,68.772,,,1929-12-02 12:00,250.059,,,1930-05-30 12:00,68.541,,,1930-12-02 12:00,249.812,,,1931-05-30 12:00,68.315,,,1931-12-03 12:00,250.577,,,1932-05-30 12:00,69.04,,,1932-12-02 12:00,250.34,,,1933-05-30 12:00,68.81,,,1933-12-02 12:00,250.093,,,1934-05-30 12:00,68.581,,,1934-12-02 12:00,249.847,,,1935-05-30 12:00,68.351,,,1935-12-03 12:00,250.618,,
,,,,1926-12-03 12:00,250.789,,,1927-05-31 12:00,69.242,,,1927-12-04 12:00,251.562,,,1928-05-31 12:00,69.969,,,1928-12-03 12:00,251.313,,,1929-05-31 12:00,69.731,,,1929-12-03 12:00,251.073,,,1930-05-31 12:00,69.5,,,1930-12-03 12:00,250.826,,,1931-05-31 12:00,69.274,,,1931-12-04 12:00,251.592,,,1932-05-31 12:00,69.999,,,1932-12-03 12:00,251.355,,,1933-05-31 12:00,69.769,,,1933-12-03 12:00,251.107,,,1934-05-31 12:00,69.539,,,1934-12-03 12:00,250.861,,,1935-05-31 12:00,69.31,,,1935-12-04 12:00,251.633,,
,,,,1926-12-04 12:00,251.805,,,1927-06-01 12:00,70.201,,,1927-12-05 12:00,252.576,,,1928-06-01 12:00,70.927,,,1928-12-04 12:00,252.328,,,1929-06-01 12:00,70.689,,,1929-12-04 12:00,252.089,,,1930-06-01 12:00,70.459,,,1930-12-04 12:00,251.841,,,1931-06-01 12:00,70.232,,,1931-12-05 12:00,252.607,,,1932-06-01 12:00,70.957,,,1932-12-04 12:00,252.37,,,1933-06-01 12:00,70.727,,,1933-12-04 12:00,252.122,,,1934-06-01 12:00,70.497,,,1934-12-04 12:00,251.876,,,1935-06-01 12:00,70.269,,,1935-12-05 12:00,252.648,,
,,,,1926-12-05 12:00,252.82,,,1927-06-02 12:00,71.159,,,1927-12-06 12:00,253.591,,,1928-06-02 12:00,71.884,,,1928-12-05 12:00,253.343,,,1929-06-02 12:00,71.647,,,1929-12-05 12:00,253.104,,,1930-06-02 12:00,71.417,,,1930-12-05 12:00,252.855,,,1931-06-02 12:00,71.189,,,1931-12-06 12:00,253.623,,,1932-06-02 12:00,71.915,,,1932-12-05 12:00,253.385,,,1933-06-02 12:00,71.685,,,1933-12-05 12:00,253.137,,,1934-06-02 12:00,71.455,,,1934-12-05 12:00,252.892,,,1935-06-02 12:00,71.227,,,1935-12-06 12:00,253.663,,
,,,,1926-12-06 12:00,253.836,,,1927-06-03 12:00,72.117,,,1927-12-07 12:00,254.606,,,1928-06-03 12:00,72.842,,,1928-12-06 12:00,254.359,,,1929-06-03 12:00,72.605,,,1929-12-06 12:00,254.12,,,1930-06-03 12:00,72.375,,,1930-12-06 12:00,253.87,,,1931-06-03 12:00,72.147,,,1931-12-07 12:00,254.639,,,1932-06-03 12:00,72.873,,,1932-12-06 12:00,254.4,,,1933-06-03 12:00,72.642,,,1933-12-06 12:00,254.152,,,1934-06-03 12:00,72.412,,,1934-12-06 12:00,253.908,,,1935-06-03 12:00,72.185,,,1935-12-07 12:00,254.678,,
,,,,1926-12-07 12:00,254.852,,,1927-06-04 12:00,73.075,,,1927-12-08 12:00,255.622,,,1928-06-04 12:00,73.798,,,1928-12-07 12:00,255.375,,,1929-06-04 12:00,73.562,,,1929-12-07 12:00,255.135,,,1930-06-04 12:00,73.332,,,1930-12-07 12:00,254.885,,,1931-06-04 12:00,73.104,,,1931-12-08 12:00,255.655,,,1932-06-04 12:00,73.83,,,1932-12-07 12:00,255.416,,,1933-06-04 12:00,73.599,,,1933-12-07 12:00,255.167,,,1934-06-04 12:00,73.37,,,1934-12-07 12:00,254.924,,,1935-06-04 12:00,73.143,,,1935-12-08 12:00,255.694,,
,,,,1926-12-08 12:00,255.868,,,1927-06-05 12:00,74.032,,,1927-12-09 12:00,256.638,,,1928-06-05 12:00,74.755,,,1928-12-08 12:00,256.391,,,1929-06-05 12:00,74.52,,,1929-12-08 12:00,256.151,,,1930-06-05 12:00,74.289,,,1930-12-08 12:00,255.901,,,1931-06-05 12:00,74.061,,,1931-12-09 12:00,256.671,,,1932-06-05 12:00,74.788,,,1932-12-08 12:00,256.432,,,1933-06-05 12:00,74.556,,,1933-12-08 12:00,256.183,,,1934-06-05 12:00,74.327,,,1934-12-08 12:00,255.94,,,1935-06-05 12:00,74.101,,,1935-12-09 12:00,256.709,,
,,,,1926-12-09 12:00,256.884,,,1927-06-06 12:00,74.989,,,1927-12-10 12:00,257.654,,,1928-06-06 12:00,75.712,,,1928-12-09 12:00,257.407,,,1929-06-06 12:00,75.477,,,1929-12-09 12:00,257.167,,,1930-06-06 12:00,75.246,,,1930-12-09 12:00,256.917,,,1931-06-06 12:00,75.018,,,1931-12-10 12:00,257.688,,,1932-06-06 12:00,75.745,,,1932-12-09 12:00,257.448,,,1933-06-06 12:00,75.512,,,1933-12-09 12:00,257.199,,,1934-06-06 12:00,75.284,,,1934-12-09 12:00,256.956,,,1935-06-06 12:00,75.058,,,1935-12-10 12:00,257.725,,
,,,,1926-12-10 12:00,257.9,,,1927-06-07 12:00,75.946,,,1927-12-11 12:00,258.67,,,1928-06-07 12:00,76.668,,,1928-12-10 12:00,258.424,,,1929-06-07 12:00,76.434,,,1929-12-10 12:00,258.184,,,1930-06-07 12:00,76.203,,,1930-12-10 12:00,257.933,,,1931-06-07 12:00,75.974,,,1931-12-11 12:00,258.705,,,1932-06-07 12:00,76.702,,,1932-12-10 12:00,258.464,,,1933-06-07 12:00,76.468,,,1933-12-10 12:00,258.216,,,1934-06-07 12:00,76.241,,,1934-12-10 12:00,257.973,,,1935-06-07 12:00,76.015,,,1935-12-11 12:00,258.742,,
,,,,1926-12-11 12:00,258.917,,,1927-06-08 12:00,76.902,,,1927-12-12 12:00,259.686,,,1928-06-08 12:00,77.624,,,1928-12-11 12:00,259.441,,,1929-06-08 12:00,77.391,,,1929-12-11 12:00,259.2,,,1930-06-08 12:00,77.159,,,1930-12-11 12:00,258.949,,,1931-06-08 12:00,76.931,,,1931-12-12 12:00,259.722,,,1932-06-08 12:00,77.658,,,1932-12-11 12:00,259.48,,,1933-06-08 12:00,77.424,,,1933-12-11 12:00,259.232,,,1934-06-08 12:00,77.197,,,1934-12-11 12:00,258.99,,,1935-06-08 12:00,76.971,,,1935-12-12 12:00,259.758,,
,,,,1926-12-12 12:00,259.934,,,1927-06-09 12:00,77.858,,,1927-12-13 12:00,260.703,,,1928-06-09 12:00,78.58,,,1928-12-12 12:00,260.459,,,1929-06-09 12:00,78.348,,,1929-12-12 12:00,260.217,,,1930-06-09 12:00,78.115,,,1930-12-12 12:00,259.966,,,1931-06-09 12:00,77.887,,,1931-12-13 12:00,260.739,,,1932-06-09 12:00,78.614,,,1932-12-12 12:00,260.497,,,1933-06-09 12:00,78.38,,,1933-12-12 12:00,260.249,,,1934-06-09 12:00,78.154,,,1934-12-12 12:00,260.007,,,1935-06-09 12:00,77.927,,,1935-12-13 12:00,260.775,,
,,,,1926-12-13 12:00,260.951,,,1927-06-10 12:00,78.814,,,1927-12-14 12:00,261.72,,,1928-06-10 12:00,79.536,,,1928-12-13 12:00,261.476,,,1929-06-10 12:00,79.304,,,1929-12-13 12:00,261.234,,,1930-06-10 12:00,79.07,,,1930-12-13 12:00,260.983,,,1931-06-10 12:00,78.843,,,1931-12-14 12:00,261.757,,,1932-06-10 12:00,79.57,,,1932-12-13 12:00,261.514,,,1933-06-10 12:00,79.336,,,1933-12-13 12:00,261.267,,,1934-06-10 12:00,79.11,,,1934-12-13 12:00,261.024,,,1935-06-10 12:00,78.883,,,1935-12-14 12:00,261.792,,
,,,,1926-12-14 12:00,261.968,,,1927-06-11 12:00,79.77,,,1927-12-15 12:00,262.737,,,1928-06-11 12:00,80.491,,,1928-12-14 12:00,262.494,,,1929-06-11 12:00,80.26,,,1929-12-14 12:00,262.251,,,1930-06-11 12:00,80.026,,,1930-12-14 12:00,262.0,,,1931-06-11 12:00,79.799,,,1931-12-15 12:00,262.774,,,1932-06-11 12:00,80.526,,,1932-12-14 12:00,262.531,,,1933-06-11 12:00,80.291,,,1933-12-14 12:00,262.284,,,1934-06-11 12:00,80.066,,,1934-12-14 12:00,262.041,,,1935-06-11 12:00,79.839,,,1935-12-15 12:00,262.809,,
,,,,1926-12-15 12:00,262.985,,,1927-06-12 12:00,80.725,,,1927-12-16 12:00,263.755,,,1928-06-12 12:00,81.447,,,1928-12-15 12:00,263.512,,,1929-06-12 12:00,81.216,,,1929-12-15 12:00,263.268,,,1930-06-12 12:00,80.981,,,1930-12-15 12:00,263.018,,,1931-06-12 12:00,80.755,,,1931-12-16 12:00,263.792,,,1932-06-12 12:00,81.481,,,1932-12-15 12:00,263.548,,,1933-06-12 12:00,81.246,,,1933-12-15 12:00,263.302,,,1934-06-12 12:00,81.022,,,1934-12-15 12:00,263.058,,,1935-06-12 12:00,80.794,,,1935-12-16 12:00,263.827,,
,,,,1926-12-16 12:00,264.002,,,1927-06-13 12:00,81.68,,,1927-12-17 12:00,264.773,,,1928-06-13 12:00,82.402,,,1928-12-16 12:00,264.53,,,1929-06-13 12:00,82.171,,,1929-12-16 12:00,264.285,,,1930-06-13 12:00,81.936,,,1930-12-16 12:00,264.036,,,1931-06-13 12:00,81.711,,,1931-12-17 12:00,264.81,,,1932-06-13 12:00,82.436,,,1932-12-16 12:00,264.566,,,1933-06-13 12:00,82.201,,,1933-12-16 12:00,264.32,,,1934-06-13 12:00,81.978,,,1934-12-16 12:00,264.076,,,1935-06-13 12:00,81.749,,,1935-12-17 12:00,264.845,,
,,,,1926-12-17 12:00,265.02,,,1927-06-14 12:00,82.635,,,1927-12-18 12:00,265.791,,,1928-06-14 12:00,83.357,,,1928-12-17 12:00,265.548,,,1929-06-14 12:00,83.126,,,1929-12-17 12:00,265.303,,,1930-06-14 12:00,82.891,,,1930-12-17 12:00,265.054,,,1931-06-14 12:00,82.666,,,1931-12-18 12:00,265.828,,,1932-06-14 12:00,83.391,,,1932-12-17 12:00,265.583,,,1933-06-14 12:00,83.156,,,1933-12-17 12:00,265.339,,,1934-06-14 12:00,82.934,,,1934-12-17 12:00,265.093,,,1935-06-14 12:00,82.704,,,1935-12-18 12:00,265.863,,
,,,,1926-12-18 12:00,266.037,,,1927-06-15 12:00,83.59,,,1927-12-19 12:00,266.809,,,1928-06-15 12:00,84.313,,,1928-12-18 12:00,266.566,,,1929-06-15 12:00,84.081,,,1929-12-18 12:00,266.32,,,1930-06-15 12:00,83.846,,,1930-12-18 12:00,266.073,,,1931-06-15 12:00,83.622,,,1931-12-19 12:00,266.846,,,1932-06-15 12:00,84.346,,,1932-12-18 12:00,266.601,,,1933-06-15 12:00,84.111,,,1933-12-18 12:00,266.357,,,1934-06-15 12:00,83.889,,,1934-12-18 12:00,266.111,,,1935-06-15 12:00,83.659,,,1935-12-19 12:00,266.881,,
,,,,1926-12-19 12:00,267.055,,,1927-06-16 12:00,84.544,,,1927-12-20 12:00,267.828,,,1928-06-16 12:00,85.268,,,1928-12-19 12:00,267.585,,,1929-06-16 12:00,85.036,,,1929-12-19 12:00,267.338,,,1930-06-16 12:00,84.801,,,1930-12-19 12:00,267.091,,,1931-06-16 12:00,84.577,,,1931-12-20 12:00,267.864,,,1932-06-16 12:00,85.3,,,1932-12-19 12:00,267.619,,,1933-06-16 12:00,85.066,,,1933-12-19 12:00,267.376,,,1934-06-16 12:00,84.844,,,1934-12-19 12:00,267.129,,,1935-06-16 12:00,84.614,,,1935-12-20 12:00,267.899,,
,,,,1926-12-20 12:00,268.073,,,1927-06-17 12:00,85.499,,,1927-12-21 12:00,268.846,,,1928-06-17 12:00,86.223,,,1928-12-20 12:00,268.603,,,1929-06-17 12:00,85.99,,,1929-12-20 12:00,268.356,,,1930-06-17 12:00,85.755,,,1930-12-20 12:00,268.11,,,1931-06-17 12:00,85.532,,,1931-12-21 12:00,268.882,,,1932-06-17 12:00,86.255,,,1932-12-20 12:00,268.638,,,1933-06-17 12:00,86.021,,,1933-12-20 12:00,268.395,,,1934-06-17 12:00,85.799,,,1934-12-20 12:00,268.147,,,1935-06-17 12:00,85.568,,,1935-12-21 12:00,268.918,,
,,,,1926-12-21 12:00,269.091,,,1927-06-18 12:00,86.453,,,1927-12-22 12:00,269.865,,,1928-06-18 12:00,87.178,,,1928-12-21 12:00,269.621,,,1929-06-18 12:00,86.945,,,1929-12-21 12:00,269.374,,,1930-06-18 12:00,86.71,,,1930-12-21 12:00,269.129,,,1931-06-18 12:00,86.487,,,1931-12-22 12:00,269.9,,,1932-06-18 12:00,87.209,,,1932-12-21 12:00,269.656,,,1933-06-18 12:00,86.975,,,1933-12-21 12:00,269.413,,,1934-06-18 12:00,86.753,,,1934-12-21 12:00,269.165,,,1935-06-18 12:00,86.522,,,1935-12-22 12:00,269.937,,
,,,,1926-12-22 12:00,270.11,,,1927-06-19 12:00,87.407,,,1927-12-23 12:00,270.884,,,1928-06-19 12:00,88.132,,,1928-12-22 12:00,270.64,,,1929-06-19 12:00,87.899,,,1929-12-22 12:00,270.393,,,1930-06-19 12:00,87.664,,,1930-12-22 12:00,270.148,,,1931-06-19 12:00,87.442,,,1931-12-23 12:00,270.918,,,1932-06-19 12:00,88.163,,,1932-12-22 12:00,270.675,,,1933-06-19 12:00,87.93,,,1933-12-22 12:00,270.432,,,1934-06-19 12:00,87.708,,,1934-12-22 12:00,270.183,,,1935-06-19 12:00,87.476,,,1935-12-23 12:00,270.956,,
,,,,1926-12-23 12:00,271.128,,,1927-06-20 12:00,88.361,,,1927-12-24 12:00,271.904,,,1928-06-20 12:00,89.087,,,1928-12-23 12:00,271.658,,,1929-06-20 12:00,88.853,,,1929-12-23 12:00,271.412,,,1930-06-20 12:00,88.619,,,1930-12-23 12:00,271.167,,,1931-06-20 12:00,88.397,,,1931-12-24 12:00,271.937,,,1932-06-20 12:00,89.116,,,1932-12-23 12:00,271.694,,,1933-06-20 12:00,88.884,,,1933-12-23 12:00,271.451,,,1934-06-20 12:00,88.662,,,1934-12-23 12:00,271.201,,,1935-06-20 12:00,88.43,,,1935-12-24 12:00,271.976,,
,,,,1926-12-24 12:00,272.147,,,1927-06-21 12:00,89.315,,,1927-12-25 12:00,272.923,,,1928-06-21 12:00,90.041,,,1928-12-24 12:00,272.677,,,1929-06-21 12:00,89.807,,,1929-12-24 12:00,272.43,,,1930-06-21 12:00,89.573,,,1930-12-24 12:00,272.186,,,1931-06-21 12:00,89.351,,,1931-12-25 12:00,272.955,,,1932-06-21 12:00,90.07,,,1932-12-24 12:00,272.713,,,1933-06-21 12:00,89.839,,,1933-12-24 12:00,272.47,,,1934-06-21 12:00,89.616,,,1934-12-24 12:00,272.22,,,1935-06-21 12:00,89.384,,,1935-12-25 12:00,272.995,,
,,,,1926-12-25 12:00,273.165,,,1927-06-22 12:00,90.269,,,1927-12-26 12:00,273.942,,,1928-06-22 12:00,90.995,,,1928-12-25 12:00,273.695,,,1929-06-22 12:00,90.76,,,1929-12-25 12:00,273.449,,,1930-06-22 12:00,90.527,,,1930-12-25 12:00,273.205,,,1931-06-22 12:00,90.305,,,1931-12-26 12:00,273.974,,,1932-06-22 12:00,91.024,,,1932-12-25 12:00,273.732,,,1933-06-22 12:00,90.793,,,1933-12-25 12:00,273.488,,,1934-06-22 12:00,90.57,,,1934-12-25 12:00,273.239,,,1935-06-22 12:00,90.338,,,1935-12-26 12:00,274.014,,
,,,,1926-12-26 12:00,274.184,,,1927-06-23 12:00,91.223,,,1927-12-27 12:00,274.962,,,1928-06-23 12:00,91.949,,,1928-12-26 12:00,274.714,,,1929-06-23 12:00,91.714,,,1929-12-26 12:00,274.469,,,1930-06-23 12:00,91.482,,,1930-12-26 12:00,274.224,,,1931-06-23 12:00,91.259,,,1931-12-27 12:00,274.993,,,1932-06-23 12:00,91.977,,,1932-12-26 12:00,274.752,,,1933-06-23 12:00,91.747,,,1933-12-26 12:00,274.507,,,1934-06-23 12:00,91.524,,,1934-12-26 12:00,274.257,,,1935-06-23 12:00,91.292,,,1935-12-27 12:00,275.034,,
,,,,1926-12-27 12:00,275.203,,,1927-06-24 12:00,92.177,,,1927-12-28 12:00,275.981,,,1928-06-24 12:00,92.903,,,1928-12-27 12:00,275.733,,,1929-06-24 12:00,92.667,,,1929-12-27 12:00,275.488,,,1930-06-24 12:00,92.436,,,1930-12-27 12:00,275.243,,,1931-06-24 12:00,92.213,,,1931-12-28 12:00,276.012,,,1932-06-24 12:00,92.931,,,1932-12-27 12:00,275.772,,,1933-06-24 12:00,92.701,,,1933-12-27 12:00,275.526,,,1934-06-24 12:00,92.477,,,1934-12-27 12:00,275.276,,,1935-06-24 12:00,92.246,,,1935-12-28 12:00,276.054,,
,,,,1926-12-28 12:00,276.222,,,1927-06-25 12:00,93.131,,,1927-12-29 12:00,277.0,,,1928-06-25 12:00,93.857,,,1928-12-28 12:00,276.752,,,1929-06-25 12:00,93.621,,,1929-12-28 12:00,276.508,,,1930-06-25 12:00,93.39,,,1930-12-28 12:00,276.262,,,1931-06-25 12:00,93.166,,,1931-12-29 12:00,277.031,,,1932-06-25 12:00,93.885,,,1932-12-28 12:00,276.791,,,1933-06-25 12:00,93.655,,,1933-12-28 12:00,276.545,,,1934-06-25 12:00,93.431,,,1934-12-28 12:00,276.295,,,1935-06-25 12:00,93.2,,,1935-12-29 12:00,277.073,,
,,,,1926-12-29 12:00,277.242,,,1927-06-26 12:00,94.085,,,1927-12-30 12:00,278.02,,,1928-06-26 12:00,94.81,,,1928-12-29 12:00,277.771,,,1929-06-26 12:00,94.574,,,1929-12-29 12:00,277.527,,,1930-06-26 12:00,94.344,,,1930-12-29 12:00,277.281,,,1931-06-26 12:00,94.12,,,1931-12-30 12:00,278.05,,,1932-06-26 12:00,94.838,,,1932-12-29 12:00,277.811,,,1933-06-26 12:00,94.609,,,1933-12-29 12:00,277.564,,,1934-06-26 12:00,94.384,,,1934-12-29 12:00,277.315,,,1935-06-26 12:00,94.154,,,1935-12-30 12:00,278.093,,
,,,,1926-12-30 12:00,278.261,,,1927-06-27 12:00,95.039,,,1927-12-31 12:00,279.039,,,1928-06-27 12:00,95.763,,,1928-12-30 12:00,278.79,,,1929-06-27 12:00,95.528,,,1929-12-30 12:00,278.547,,,1930-06-27 12:00,95.298,,,1930-12-30 12:00,278.3,,,1931-06-27 12:00,95.073,,,1931-12-31 12:00,279.069,,,1932-06-27 12:00,95.792,,,1932-12-30 12:00,278.83,,,1933-06-27 12:00,95.563,,,1933-12-30 12:00,278.583,,,1934-06-27 12:00,95.337,,,1934-12-30 12:00,278.334,,,1935-06-27 12:00,95.108,,,,,,
,,,,1926-12-31 12:00,279.281,,,1927-06-28 12:00,95.993,,,1928-01-01 12:00,280.058,,,1928-06-28 12:00,96.717,,,1928-12-31 12:00,279.809,,,1929-06-28 12:00,96.481,,,1929-12-31 12:00,279.566,,,1930-06-28 12:00,96.252,,,1930-12-31 12:00,279.32,,,1931-06-28 12:00,96.026,,,1932-01-01 12:00,280.088,,,1932-06-28 12:00,96.745,,,1932-12-31 12:00,279.85,,,1933-06-28 12:00,96.517,,,1933-12-31 12:00,279.602,,,1934-06-28 12:00,96.29,,,1934-12-31 12:00,279.353,,,1935-06-28 12:00,96.061,,,,,,
,,,,1927-01-01 12:00,280.3,,,1927-06-29 12:00,96.947,,,1928-01-02 12:00,281.077,,,1928-06-29 12:00,97.67,,,1929-01-01 12:00,280.828,,,1929-06-29 12:00,97.435,,,1930-01-01 12:00,280.586,,,1930-06-29 12:00,97.206,,,1931-01-01 12:00,280.339,,,1931-06-29 12:00,96.979,,,1932-01-02 12:00,281.108,,,1932-06-29 12:00,97.699,,,1933-01-01 12:00,280.87,,,1933-06-29 12:00,97.47,,,1934-01-01 12:00,280.621,,,1934-06-29 12:00,97.244,,,1935-01-01 12:00,280.373,,,1935-06-29 12:00,97.015,,,,,,
,,,,1927-01-02 12:00,281.32,,,1927-06-30 12:00,97.901,,,1928-01-03 12:00,282.097,,,1928-06-30 12:00,98.623,,,1929-01-02 12:00,281.847,,,1929-06-30 12:00,98.388,,,1930-01-02 12:00,281.606,,,1930-06-30 12:00,98.16,,,1931-01-02 12:00,281.358,,,1931-06-30 12:00,97.933,,,1932-01-03 12:00,282.127,,,1932-06-30 12:00,98.653,,,1933-01-02 12:00,281.889,,,1933-06-30 12:00,98.424,,,1934-01-02 12:00,281.64,,,1934-06-30 12:00,98.197,,,1935-01-02 12:00,281.393,,,1935-06-30 12:00,97.969,,,,,,
,,,,1927-01-03 12:00,282.34,,,1927-07-01 12:00,98.854,,,1928-01-04 12:00,283.116,,,1928-07-01 12:00,99.576,,,1929-01-03 12:00,282.866,,,1929-07-01 12:00,99.342,,,1930-01-03 12:00,282.625,,,1930-07-01 12:00,99.114,,,1931-01-03 12:00,282.377,,,1931-07-01 12:00,98.886,,,1932-01-04 12:00,283.147,,,1932-07-01 12:00,99.606,,,1933-01-03 12:00,282.908,,,1933-07-01 12:00,99.377,,,1934-01-03 12:00,282.659,,,1934-07-01 12:00,99.15,,,1935-01-03 12:00,282.412,,,1935-07-01 12:00,98.923,,,,,,
,,,,1927-01-04 12:00,283.36,,,1927-07-02 12:00,99.808,,,1928-01-05 12:00,284.135,,,1928-07-02 12:00,100.529,,,1929-01-04 12:00,283.886,,,1929-07-02 12:00,100.295,,,1930-01-04 12:00,283.645,,,1930-07-02 12:00,100.067,,,1931-01-04 12:00,283.396,,,1931-07-02 12:00,99.839,,,1932-01-05 12:00,284.167,,,1932-07-02 12:00,100.56,,,1933-01-04 12:00,283.928,,,1933-07-02 12:00,100.33,,,1934-01-04 12:00,283.678,,,1934-07-02 12:00,100.103,,,1935-01-04 12:00,283.432,,,1935-07-02 12:00,99.877,,,,,,
,,,,1927-01-05 12:00,284.379,,,1927-07-03 12:00,100.762,,,1928-01-06 12:00,285.154,,,1928-07-03 12:00,101.482,,,1929-01-05 12:00,284.905,,,1929-07-03 12:00,101.249,,,1930-01-05 12:00,284.664,,,1930-07-03 12:00,101.021,,,1931-01-05 12:00,284.415,,,1931-07-03 12:00,100.792,,,1932-01-06 12:00,285.186,,,1932-07-03 12:00,101.514,,,1933-01-05 12:00,284.947,,,1933-07-03 12:00,101.283,,,1934-01-05 12:00,284.697,,,1934-07-03 12:00,101.056,,,1935-01-05 12:00,284.452,,,1935-07-03 12:00,100.83,,,,,,
,,,,1927-01-06 12:00,285.399,,,1927-07-04 12:00,101.715,,,1928-01-07 12:00,286.172,,,1928-07-04 12:00,102.435,,,1929-01-06 12:00,285.925,,,1929-07-04 12:00,102.203,,,1930-01-06 12:00,285.684,,,1930-07-04 12:00,101.974,,,1931-01-06 12:00,285.433,,,1931-07-04 12:00,101.745,,,1932-01-07 12:00,286.206,,,1932-07-04 12:00,102.468,,,1933-01-06 12:00,285.966,,,1933-07-04 12:00,102.236,,,1934-01-06 12:00,285.716,,,1934-07-04 12:00,102.01,,,1935-01-06 12:00,285.472,,,1935-07-04 12:00,101.784,,,,,,
,,,,1927-01-07 12:00,286.419,,,1927-07-05 12:00,102.669,,,1928-01-08 12:00,287.191,,,1928-07-05 12:00,103.388,,,1929-01-07 12:00,286.944,,,1929-07-05 12:00,103.156,,,1930-01-07 12:00,286.703,,,1930-07-05 12:00,102.927,,,1931-01-07 12:00,286.452,,,1931-07-05 12:00,102.698,,,1932-01-08 12:00,287.226,,,1932-07-05 12:00,103.421,,,1933-01-07 12:00,286.985,,,1933-07-05 12:00,103.189,,,1934-01-07 12:00,286.735,,,1934-07-05 12:00,102.963,,,1935-01-07 12:00,286.491,,,1935-07-05 12:00,102.737,,,,,,
,,,,1927-01-08 12:00,287.438,,,1927-07-06 12:00,103.622,,,1928-01-09 12:00,288.21,,,1928-07-06 12:00,104.341,,,1929-01-08 12:00,287.964,,,1929-07-06 12:00,104.11,,,1930-01-08 12:00,287.722,,,1930-07-06 12:00,103.88,,,1931-01-08 12:00,287.471,,,1931-07-06 12:00,103.651,,,1932-01-09 12:00,288.245,,,1932-07-06 12:00,104.375,,,1933-01-08 12:00,288.004,,,1933-07-06 12:00,104.142,,,1934-01-08 12:00,287.754,,,1934-07-06 12:00,103.917,,,1935-01-08 12:00,287.511,,,1935-07-06 12:00,103.691,,,,,,
,,,,1927-01-09 12:00,288.457,,,1927-07-07 12:00,104.575,,,1928-01-10 12:00,289.229,,,1928-07-07 12:00,105.294,,,1929-01-09 12:00,288.983,,,1929-07-07 12:00,105.064,,,1930-01-09 12:00,288.741,,,1930-07-07 12:00,104.834,,,1931-01-09 12:00,288.49,,,1931-07-07 12:00,104.605,,,1932-01-10 12:00,289.265,,,1932-07-07 12:00,105.329,,,1933-01-09 12:00,289.023,,,1933-07-07 12:00,105.095,,,1934-01-09 12:00,288.773,,,1934-07-07 12:00,104.87,,,1935-01-09 12:00,288.53,,,1935-07-07 12:00,104.644,,,,,,
,,,,1927-01-10 12:00,289.476,,,1927-07-08 12:00,105.529,,,1928-01-11 12:00,290.248,,,1928-07-08 12:00,106.247,,,1929-01-10 12:00,290.003,,,1929-07-08 12:00,106.018,,,1930-01-10 12:00,289.76,,,1930-07-08 12:00,105.787,,,1931-01-10 12:00,289.509,,,1931-07-08 12:00,105.558,,,1932-01-11 12:00,290.284,,,1932-07-08 12:00,106.282,,,1933-01-10 12:00,290.041,,,1933-07-08 12:00,106.048,,,1934-01-10 12:00,289.792,,,1934-07-08 12:00,105.824,,,1935-01-10 12:00,289.549,,,1935-07-08 12:00,105.598,,,,,,
,,,,1927-01-11 12:00,290.495,,,1927-07-09 12:00,106.482,,,1928-01-12 12:00,291.266,,,1928-07-09 12:00,107.2,,,1929-01-11 12:00,291.022,,,1929-07-09 12:00,106.972,,,1930-01-11 12:00,290.778,,,1930-07-09 12:00,106.74,,,1931-01-11 12:00,290.528,,,1931-07-09 12:00,106.512,,,1932-01-12 12:00,291.303,,,1932-07-09 12:00,107.236,,,1933-01-11 12:00,291.06,,,1933-07-09 12:00,107.002,,,1934-01-11 12:00,290.812,,,1934-07-09 12:00,106.778,,,1935-01-11 12:00,290.568,,,1935-07-09 12:00,106.551,,,,,,
,,,,1927-01-12 12:00,291.514,,,1927-07-10 12:00,107.435,,,1928-01-13 12:00,292.285,,,1928-07-10 12:00,108.154,,,1929-01-12 12:00,292.041,,,1929-07-10 12:00,107.926,,,1930-01-12 12:00,291.797,,,1930-07-10 12:00,107.693,,,1931-01-12 12:00,291.547,,,1931-07-10 12:00,107.465,,,1932-01-13 12:00,292.322,,,1932-07-10 12:00,108.189,,,1933-01-12 12:00,292.078,,,1933-07-10 12:00,107.955,,,1934-01-12 12:00,291.831,,,1934-07-10 12:00,107.732,,,1935-01-12 12:00,291.587,,,1935-07-10 12:00,107.505,,,,,,
,,,,1927-01-13 12:00,292.533,,,1927-07-11 12:00,108.388,,,1928-01-14 12:00,293.304,,,1928-07-11 12:00,109.107,,,1929-01-13 12:00,293.06,,,1929-07-11 12:00,108.879,,,1930-01-13 12:00,292.815,,,1930-07-11 12:00,108.647,,,1931-01-13 12:00,292.566,,,1931-07-11 12:00,108.419,,,1932-01-14 12:00,293.341,,,1932-07-11 12:00,109.143,,,1933-01-13 12:00,293.097,,,1933-07-11 12:00,108.908,,,1934-01-13 12:00,292.85,,,1934-07-11 12:00,108.686,,,1935-01-13 12:00,292.606,,,1935-07-11 12:00,108.458,,,,,,
,,,,1927-01-14 12:00,293.551,,,1927-07-12 12:00,109.342,,,1928-01-15 12:00,294.322,,,1928-07-12 12:00,110.061,,,1929-01-14 12:00,294.079,,,1929-07-12 12:00,109.833,,,1930-01-14 12:00,293.833,,,1930-07-12 12:00,109.6,,,1931-01-14 12:00,293.585,,,1931-07-12 12:00,109.373,,,1932-01-15 12:00,294.36,,,1932-07-12 12:00,110.096,,,1933-01-14 12:00,294.115,,,1933-07-12 12:00,109.861,,,1934-01-14 12:00,293.869,,,1934-07-12 12:00,109.64,,,1935-01-14 12:00,293.624,,,1935-07-12 12:00,109.411,,,,,,
,,,,1927-01-15 12:00,294.569,,,1927-07-13 12:00,110.295,,,1928-01-16 12:00,295.341,,,1928-07-13 12:00,111.015,,,1929-01-15 12:00,295.098,,,1929-07-13 12:00,110.787,,,1930-01-15 12:00,294.851,,,1930-07-13 12:00,110.553,,,1931-01-15 12:00,294.604,,,1931-07-13 12:00,110.327,,,1932-01-16 12:00,295.378,,,1932-07-13 12:00,111.05,,,1933-01-15 12:00,295.133,,,1933-07-13 12:00,110.815,,,1934-01-15 12:00,294.888,,,1934-07-13 12:00,110.594,,,1935-01-15 12:00,294.643,,,1935-07-13 12:00,110.365,,,,,,
,,,,1927-01-16 12:00,295.587,,,1927-07-14 12:00,111.248,,,1928-01-17 12:00,296.359,,,1928-07-14 12:00,111.969,,,1929-01-16 12:00,296.116,,,1929-07-14 12:00,111.741,,,1930-01-16 12:00,295.869,,,1930-07-14 12:00,111.507,,,1931-01-16 12:00,295.623,,,1931-07-14 12:00,111.281,,,1932-01-17 12:00,296.396,,,1932-07-14 12:00,112.004,,,1933-01-16 12:00,296.151,,,1933-07-14 12:00,111.769,,,1934-01-16 12:00,295.907,,,1934-07-14 12:00,111.548,,,1935-01-16 12:00,295.661,,,1935-07-14 12:00,111.318,,,,,,
,,,,1927-01-17 12:00,296.605,,,1927-07-15 12:00,112.202,,,1928-01-18 12:00,297.378,,,1928-07-15 12:00,112.924,,,1929-01-17 12:00,297.135,,,1929-07-15 12:00,112.695,,,1930-01-17 12:00,296.887,,,1930-07-15 12:00,112.461,,,1931-01-17 12:00,296.641,,,1931-07-15 12:00,112.236,,,1932-01-18 12:00,297.414,,,1932-07-15 12:00,112.957,,,1933-01-17 12:00,297.169,,,1933-07-15 12:00,112.723,,,1934-01-17 12:00,296.925,,,1934-07-15 12:00,112.502,,,1935-01-17 12:00,296.679,,,1935-07-15 12:00,112.271,,,,,,
,,,,1927-01-18 12:00,297.623,,,1927-07-16 12:00,113.155,,,1928-01-19 12:00,298.396,,,1928-07-16 12:00,113.878,,,1929-01-18 12:00,298.153,,,1929-07-16 12:00,113.649,,,1930-01-18 12:00,297.905,,,1930-07-16 12:00,113.415,,,1931-01-18 12:00,297.66,,,1931-07-16 12:00,113.19,,,1932-01-19 12:00,298.432,,,1932-07-16 12:00,113.911,,,1933-01-18 12:00,298.187,,,1933-07-16 12:00,113.677,,,1934-01-18 12:00,297.944,,,1934-07-16 12:00,113.456,,,1935-01-18 12:00,297.696,,,1935-07-16 12:00,113.225,,,,,,
,,,,1927-01-19 12:00,298.641,,,1927-07-17 12:00,114.109,,,1928-01-20 12:00,299.414,,,1928-07-17 12:00,114.832,,,1929-01-19 12:00,299.17,,,1929-07-17 12:00,114.603,,,1930-01-19 12:00,298.923,,,1930-07-17 12:00,114.369,,,1931-01-19 12:00,298.678,,,1931-07-17 12:00,114.144,,,1932-01-20 12:00,299.45,,,1932-07-17 12:00,114.865,,,1933-01-19 12:00,299.205,,,1933-07-17 12:00,114.631,,,1934-01-19 12:00,298.962,,,1934-07-17 12:00,114.41,,,1935-01-19 12:00,298.714,,,1935-07-17 12:00,114.179,,,,,,
,,,,1927-01-20 12:00,299.658,,,1927-07-18 12:00,115.063,,,1928-01-21 12:00,300.432,,,1928-07-18 12:00,115.787,,,1929-01-20 12:00,300.188,,,1929-07-18 12:00,115.557,,,1930-01-20 12:00,299.94,,,1930-07-18 12:00,115.323,,,1931-01-20 12:00,299.697,,,1931-07-18 12:00,115.099,,,1932-01-21 12:00,300.467,,,1932-07-18 12:00,115.819,,,1933-01-20 12:00,300.223,,,1933-07-18 12:00,115.585,,,1934-01-20 12:00,299.98,,,1934-07-18 12:00,115.364,,,1935-01-20 12:00,299.731,,,1935-07-18 12:00,115.132,,,,,,
,,,,1927-01-21 12:00,300.676,,,1927-07-19 12:00,116.017,,,1928-01-22 12:00,301.45,,,1928-07-19 12:00,116.742,,,1929-01-21 12:00,301.205,,,1929-07-19 12:00,116.511,,,1930-01-21 12:00,300.958,,,1930-07-19 12:00,116.277,,,1931-01-21 12:00,300.714,,,1931-07-19 12:00,116.053,,,1932-01-22 12:00,301.484,,,1932-07-19 12:00,116.773,,,1933-01-21 12:00,301.241,,,1933-07-19 12:00,116.54,,,1934-01-21 12:00,300.997,,,1934-07-19 12:00,116.319,,,1935-01-21 12:00,300.749,,,1935-07-19 12:00,116.086,,,,,,
,,,,1927-01-22 12:00,301.693,,,1927-07-20 12:00,116.971,,,1928-01-23 12:00,302.468,,,1928-07-20 12:00,117.696,,,1929-01-22 12:00,302.222,,,1929-07-20 12:00,117.465,,,1930-01-22 12:00,301.975,,,1930-07-20 12:00,117.232,,,1931-01-22 12:00,301.732,,,1931-07-20 12:00,117.008,,,1932-01-23 12:00,302.501,,,1932-07-20 12:00,117.727,,,1933-01-22 12:00,302.258,,,1933-07-20 12:00,117.495,,,1934-01-22 12:00,302.015,,,1934-07-20 12:00,117.273,,,1935-01-22 12:00,301.766,,,1935-07-20 12:00,117.04,,,,,,
,,,,1927-01-23 12:00,302.71,,,1927-07-21 12:00,117.926,,,1928-01-24 12:00,303.485,,,1928-07-21 12:00,118.651,,,1929-01-23 12:00,303.239,,,1929-07-21 12:00,118.419,,,1930-01-23 12:00,302.992,,,1930-07-21 12:00,118.187,,,1931-01-23 12:00,302.75,,,1931-07-21 12:00,117.963,,,1932-01-24 12:00,303.518,,,1932-07-21 12:00,118.681,,,1933-01-23 12:00,303.276,,,1933-07-21 12:00,118.45,,,1934-01-23 12:00,303.032,,,1934-07-21 12:00,118.228,,,1935-01-23 12:00,302.783,,,1935-07-21 12:00,117.995,,,,,,
,,,,1927-01-24 12:00,303.727,,,1927-07-22 12:00,118.88,,,1928-01-25 12:00,304.503,,,1928-07-22 12:00,119.606,,,1929-01-24 12:00,304.256,,,1929-07-22 12:00,119.374,,,1930-01-24 12:00,304.009,,,1930-07-22 12:00,119.142,,,1931-01-24 12:00,303.767,,,1931-07-22 12:00,118.917,,,1932-01-25 12:00,304.535,,,1932-07-22 12:00,119.636,,,1933-01-24 12:00,304.293,,,1933-07-22 12:00,119.405,,,1934-01-24 12:00,304.049,,,1934-07-22 12:00,119.182,,,1935-01-24 12:00,303.799,,,1935-07-22 12:00,118.949,,,,,,
,,,,1927-01-25 12:00,304.743,,,1927-07-23 12:00,119.835,,,1928-01-26 12:00,305.519,,,1928-07-23 12:00,120.561,,,1929-01-25 12:00,305.272,,,1929-07-23 12:00,120.328,,,1930-01-25 12:00,305.026,,,1930-07-23 12:00,120.097,,,1931-01-25 12:00,304.784,,,1931-07-23 12:00,119.872,,,1932-01-26 12:00,305.551,,,1932-07-23 12:00,120.59,,,1933-01-25 12:00,305.31,,,1933-07-23 12:00,120.36,,,1934-01-25 12:00,305.065,,,1934-07-23 12:00,120.137,,,1935-01-25 12:00,304.816,,,1935-07-23 12:00,119.904,,,,,,
,,,,1927-01-26 12:00,305.76,,,1927-07-24 12:00,120.791,,,1928-01-27 12:00,306.536,,,1928-07-24 12:00,121.516,,,1929-01-26 12:00,306.288,,,1929-07-24 12:00,121.283,,,1930-01-26 12:00,306.043,,,1930-07-24 12:00,121.053,,,1931-01-26 12:00,305.8,,,1931-07-24 12:00,120.827,,,1932-01-27 12:00,306.567,,,1932-07-24 12:00,121.545,,,1933-01-26 12:00,306.327,,,1933-07-24 12:00,121.316,,,1934-01-26 12:00,306.081,,,1934-07-24 12:00,121.092,,,1935-01-26 12:00,305.832,,,1935-07-24 12:00,120.859,,,,,,
,,,,1927-01-27 12:00,306.776,,,1927-07-25 12:00,121.746,,,1928-01-28 12:00,307.552,,,1928-07-25 12:00,122.472,,,1929-01-27 12:00,307.304,,,1929-07-25 12:00,122.238,,,1930-01-27 12:00,307.059,,,1930-07-25 12:00,122.009,,,1931-01-27 12:00,306.817,,,1931-07-25 12:00,121.782,,,1932-01-28 12:00,307.583,,,1932-07-25 12:00,122.501,,,1933-01-27 12:00,307.344,,,1933-07-25 12:00,122.271,,,1934-01-27 12:00,307.097,,,1934-07-25 12:00,122.046,,,1935-01-27 12:00,306.849,,,1935-07-25 12:00,121.815,,,,,,
,,,,1927-01-28 12:00,307.793,,,1927-07-26 12:00,122.702,,,1928-01-29 12:00,308.568,,,1928-07-26 12:00,123.427,,,1929-01-28 12:00,308.319,,,1929-07-26 12:00,123.193,,,1930-01-28 12:00,308.076,,,1930-07-26 12:00,122.965,,,1931-01-28 12:00,307.832,,,1931-07-26 12:00,122.737,,,1932-01-29 12:00,308.599,,,1932-07-26 12:00,123.456,,,1933-01-28 12:00,308.36,,,1933-07-26 12:00,123.227,,,1934-01-28 12:00,308.113,,,1934-07-26 12:00,123.002,,,1935-01-28 12:00,307.865,,,1935-07-26 12:00,122.77,,,,,,
,,,,1927-01-29 12:00,308.809,,,1927-07-27 12:00,123.658,,,1928-01-30 12:00,309.584,,,1928-07-27 12:00,124.383,,,1929-01-29 12:00,309.335,,,1929-07-27 12:00,124.149,,,1930-01-29 12:00,309.092,,,1930-07-27 12:00,123.921,,,1931-01-29 12:00,308.848,,,1931-07-27 12:00,123.693,,,1932-01-30 12:00,309.614,,,1932-07-27 12:00,124.412,,,1933-01-29 12:00,309.376,,,1933-07-27 12:00,124.183,,,1934-01-29 12:00,309.128,,,1934-07-27 12:00,123.957,,,1935-01-29 12:00,308.881,,,1935-07-27 12:00,123.726,,,,,,
,,,,1927-01-30 12:00,309.825,,,1927-07-28 12:00,124.614,,,1928-01-31 12:00,310.599,,,1928-07-28 12:00,125.338,,,1929-01-30 12:00,310.35,,,1929-07-28 12:00,125.105,,,1930-01-30 12:00,310.107,,,1930-07-28 12:00,124.877,,,1931-01-30 12:00,309.863,,,1931-07-28 12:00,124.648,,,1932-01-31 12:00,310.63,,,1932-07-28 12:00,125.368,,,1933-01-30 12:00,310.391,,,1933-07-28 12:00,125.139,,,1934-01-30 12:00,310.143,,,1934-07-28 12:00,124.912,,,1935-01-30 12:00,309.896,,,1935-07-28 12:00,124.682,,,,,,
,,,,1927-01-31 12:00,310.84,,,1927-07-29 12:00,125.57,,,1928-02-01 12:00,311.614,,,1928-07-29 12:00,126.294,,,1929-01-31 12:00,311.365,,,1929-07-29 12:00,126.061,,,1930-01-31 12:00,311.123,,,1930-07-29 12:00,125.833,,,1931-01-31 12:00,310.878,,,1931-07-29 12:00,125.604,,,1932-02-01 12:00,311.645,,,1932-07-29 12:00,126.325,,,1933-01-31 12:00,311.407,,,1933-07-29 12:00,126.095,,,1934-01-31 12:00,311.158,,,1934-07-29 12:00,125.868,,,1935-01-31 12:00,310.912,,,1935-07-29 12:00,125.639,,,,,,
,,,,1927-02-01 12:00,311.856,,,1927-07-30 12:00,126.527,,,1928-02-02 12:00,312.628,,,1928-07-30 12:00,127.25,,,1929-02-01 12:00,312.379,,,1929-07-30 12:00,127.017,,,1930-02-01 12:00,312.138,,,1930-07-30 12:00,126.79,,,1931-02-01 12:00,311.893,,,1931-07-30 12:00,126.56,,,1932-02-02 12:00,312.66,,,1932-07-30 12:00,127.282,,,1933-02-01 12:00,312.421,,,1933-07-30 12:00,127.052,,,1934-02-01 12:00,312.173,,,1934-07-30 12:00,126.824,,,1935-02-01 12:00,311.927,,,1935-07-30 12:00,126.595,,,,,,
,,,,1927-02-02 12:00,312.871,,,1927-07-31 12:00,127.484,,,1928-02-03 12:00,313.643,,,1928-07-31 12:00,128.206,,,1929-02-02 12:00,313.394,,,1929-07-31 12:00,127.974,,,1930-02-02 12:00,313.153,,,1930-07-31 12:00,127.746,,,1931-02-02 12:00,312.907,,,1931-07-31 12:00,127.516,,,1932-02-03 12:00,313.675,,,1932-07-31 12:00,128.239,,,1933-02-02 12:00,313.436,,,1933-07-31 12:00,128.008,,,1934-02-02 12:00,313.187,,,1934-07-31 12:00,127.78,,,1935-02-02 12:00,312.942,,,1935-07-31 12:00,127.552,,,,,,
,,,,1927-02-03 12:00,313.886,,,1927-08-01 12:00,128.44,,,1928-02-04 12:00,314.656,,,1928-08-01 12:00,129.163,,,1929-02-03 12:00,314.408,,,1929-08-01 12:00,128.931,,,1930-02-03 12:00,314.167,,,1930-08-01 12:00,128.703,,,1931-02-03 12:00,313.921,,,1931-08-01 12:00,128.472,,,1932-02-04 12:00,314.689,,,1932-08-01 12:00,129.196,,,1933-02-03 12:00,314.45,,,1933-08-01 12:00,128.965,,,1934-02-03 12:00,314.201,,,1934-08-01 12:00,128.737,,,1935-02-03 12:00,313.957,,,1935-08-01 12:00,128.509,,,,,,
,,,,1927-02-04 12:00,314.9,,,1927-08-02 12:00,129.398,,,1928-02-05 12:00,315.67,,,1928-08-02 12:00,130.119,,,1929-02-04 12:00,315.422,,,1929-08-02 12:00,129.889,,,1930-02-04 12:00,315.181,,,1930-08-02 12:00,129.66,,,1931-02-04 12:00,314.935,,,1931-08-02 12:00,129.429,,,1932-02-05 12:00,315.703,,,1932-08-02 12:00,130.153,,,1933-02-04 12:00,315.464,,,1933-08-02 12:00,129.922,,,1934-02-04 12:00,315.214,,,1934-08-02 12:00,129.694,,,1935-02-04 12:00,314.971,,,1935-08-02 12:00,129.466,,,,,,
,,,,1927-02-05 12:00,315.914,,,1927-08-03 12:00,130.355,,,1928-02-06 12:00,316.683,,,1928-08-03 12:00,131.076,,,1929-02-05 12:00,316.436,,,1929-08-03 12:00,130.847,,,1930-02-05 12:00,316.195,,,1930-08-03 12:00,130.618,,,1931-02-05 12:00,315.948,,,1931-08-03 12:00,130.386,,,1932-02-06 12:00,316.717,,,1932-08-03 12:00,131.111,,,1933-02-05 12:00,316.477,,,1933-08-03 12:00,130.879,,,1934-02-05 12:00,316.228,,,1934-08-03 12:00,130.651,,,1935-02-05 12:00,315.986,,,1935-08-03 12:00,130.423,,,,,,
,,,,1927-02-06 12:00,316.928,,,1927-08-04 12:00,131.312,,,1928-02-07 12:00,317.696,,,1928-08-04 12:00,132.034,,,1929-02-06 12:00,317.449,,,1929-08-04 12:00,131.805,,,1930-02-06 12:00,317.208,,,1930-08-04 12:00,131.575,,,1931-02-06 12:00,316.961,,,1931-08-04 12:00,131.343,,,1932-02-07 12:00,317.731,,,1932-08-04 12:00,132.069,,,1933-02-06 12:00,317.49,,,1933-08-04 12:00,131.836,,,1934-02-06 12:00,317.241,,,1934-08-04 12:00,131.609,,,1935-02-06 12:00,316.999,,,1935-08-04 12:00,131.381,,,,,,
,,,,1927-02-07 12:00,317.941,,,1927-08-05 12:00,132.27,,,1928-02-08 12:00,318.708,,,1928-08-05 12:00,132.991,,,1929-02-07 12:00,318.463,,,1929-08-05 12:00,132.763,,,1930-02-07 12:00,318.221,,,1930-08-05 12:00,132.533,,,1931-02-07 12:00,317.974,,,1931-08-05 12:00,132.3,,,1932-02-08 12:00,318.744,,,1932-08-05 12:00,133.027,,,1933-02-07 12:00,318.503,,,1933-08-05 12:00,132.793,,,1934-02-07 12:00,318.254,,,1934-08-05 12:00,132.567,,,1935-02-07 12:00,318.012,,,1935-08-05 12:00,132.339,,,,,,
,,,,1927-02-08 12:00,318.954,,,1927-08-06 12:00,133.228,,,1928-02-09 12:00,319.72,,,1928-08-06 12:00,133.949,,,1929-02-08 12:00,319.475,,,1929-08-06 12:00,133.721,,,1930-02-08 12:00,319.233,,,1930-08-06 12:00,133.491,,,1931-02-08 12:00,318.987,,,1931-08-06 12:00,133.258,,,1932-02-09 12:00,319.757,,,1932-08-06 12:00,133.986,,,1933-02-08 12:00,319.515,,,1933-08-06 12:00,133.751,,,1934-02-08 12:00,319.267,,,1934-08-06 12:00,133.525,,,1935-02-08 12:00,319.025,,,1935-08-06 12:00,133.297,,,,,,
,,,,1927-02-09 12:00,319.966,,,1927-08-07 12:00,134.186,,,1928-02-10 12:00,320.732,,,1928-08-07 12:00,134.907,,,1929-02-09 12:00,320.488,,,1929-08-07 12:00,134.68,,,1930-02-09 12:00,320.245,,,1930-08-07 12:00,134.449,,,1931-02-09 12:00,319.999,,,1931-08-07 12:00,134.217,,,1932-02-10 12:00,320.769,,,1932-08-07 12:00,134.944,,,1933-02-09 12:00,320.527,,,1933-08-07 12:00,134.709,,,1934-02-09 12:00,320.279,,,1934-08-07 12:00,134.484,,,1935-02-09 12:00,320.038,,,1935-08-07 12:00,134.255,,,,,,
,,,,1927-02-10 12:00,320.978,,,1927-08-08 12:00,135.144,,,1928-02-11 12:00,321.744,,,1928-08-08 12:00,135.866,,,1929-02-10 12:00,321.5,,,1929-08-08 12:00,135.639,,,1930-02-10 12:00,321.257,,,1930-08-08 12:00,135.407,,,1931-02-10 12:00,321.011,,,1931-08-08 12:00,135.175,,,1932-02-11 12:00,321.781,,,1932-08-08 12:00,135.903,,,1933-02-10 12:00,321.538,,,1933-08-08 12:00,135.668,,,1934-02-10 12:00,321.291,,,1934-08-08 12:00,135.443,,,1935-02-10 12:00,321.05,,,1935-08-08 12:00,135.213,,,,,,
,,,,1927-02-11 12:00,321.99,,,1927-08-09 12:00,136.103,,,1928-02-12 12:00,322.755,,,1928-08-09 12:00,136.825,,,1929-02-11 12:00,322.512,,,1929-08-09 12:00,136.598,,,1930-02-11 12:00,322.268,,,1930-08-09 12:00,136.366,,,1931-02-11 12:00,322.023,,,1931-08-09 12:00,136.135,,,1932-02-12 12:00,322.793,,,1932-08-09 12:00,136.863,,,1933-02-11 12:00,322.549,,,1933-08-09 12:00,136.626,,,1934-02-11 12:00,322.303,,,1934-08-09 12:00,136.402,,,1935-02-11 12:00,322.061,,,1935-08-09 12:00,136.172,,,,,,
,,,,1927-02-12 12:00,323.001,,,1927-08-10 12:00,137.062,,,1928-02-13 12:00,323.766,,,1928-08-10 12:00,137.785,,,1929-02-12 12:00,323.523,,,1929-08-10 12:00,137.558,,,1930-02-12 12:00,323.278,,,1930-08-10 12:00,137.325,,,1931-02-12 12:00,323.034,,,1931-08-10 12:00,137.094,,,1932-02-13 12:00,323.804,,,1932-08-10 12:00,137.822,,,1933-02-12 12:00,323.56,,,1933-08-10 12:00,137.585,,,1934-02-12 12:00,323.314,,,1934-08-10 12:00,137.362,,,1935-02-12 12:00,323.072,,,1935-08-10 12:00,137.131,,,,,,
,,,,1927-02-13 12:00,324.011,,,1927-08-11 12:00,138.021,,,1928-02-14 12:00,324.776,,,1928-08-11 12:00,138.745,,,1929-02-13 12:00,324.534,,,1929-08-11 12:00,138.518,,,1930-02-13 12:00,324.289,,,1930-08-11 12:00,138.284,,,1931-02-13 12:00,324.045,,,1931-08-11 12:00,138.054,,,1932-02-14 12:00,324.814,,,1932-08-11 12:00,138.782,,,1933-02-13 12:00,324.57,,,1933-08-11 12:00,138.545,,,1934-02-13 12:00,324.325,,,1934-08-11 12:00,138.322,,,1935-02-13 12:00,324.083,,,1935-08-11 12:00,138.09,,,,,,
,,,,1927-02-14 12:00,325.021,,,1927-08-12 12:00,138.98,,,1928-02-15 12:00,325.787,,,1928-08-12 12:00,139.705,,,1929-02-14 12:00,325.544,,,1929-08-12 12:00,139.478,,,1930-02-14 12:00,325.298,,,1930-08-12 12:00,139.243,,,1931-02-14 12:00,325.056,,,1931-08-12 12:00,139.014,,,1932-02-15 12:00,325.824,,,1932-08-12 12:00,139.741,,,1933-02-14 12:00,325.58,,,1933-08-12 12:00,139.505,,,1934-02-14 12:00,325.336,,,1934-08-12 12:00,139.282,,,1935-02-14 12:00,325.093,,,1935-08-12 12:00,139.05,,,,,,
,,,,1927-02-15 12:00,326.031,,,1927-08-13 12:00,139.94,,,1928-02-16 12:00,326.797,,,1928-08-13 12:00,140.666,,,1929-02-15 12:00,326.554,,,1929-08-13 12:00,140.438,,,1930-02-15 12:00,326.308,,,1930-08-13 12:00,140.203,,,1931-02-15 12:00,326.066,,,1931-08-13 12:00,139.975,,,1932-02-16 12:00,326.834,,,1932-08-13 12:00,140.702,,,1933-02-15 12:00,326.589,,,1933-08-13 12:00,140.465,,,1934-02-15 12:00,326.346,,,1934-08-13 12:00,140.242,,,1935-02-15 12:00,326.103,,,1935-08-13 12:00,140.009,,,,,,
,,,,1927-02-16 12:00,327.04,,,1927-08-14 12:00,140.9,,,1928-02-17 12:00,327.806,,,1928-08-14 12:00,141.627,,,1929-02-16 12:00,327.564,,,1929-08-14 12:00,141.399,,,1930-02-16 12:00,327.317,,,1930-08-14 12:00,141.164,,,1931-02-16 12:00,327.076,,,1931-08-14 12:00,140.936,,,1932-02-17 12:00,327.843,,,1932-08-14 12:00,141.662,,,1933-02-16 12:00,327.599,,,1933-08-14 12:00,141.426,,,1934-02-16 12:00,327.356,,,1934-08-14 12:00,141.203,,,1935-02-16 12:00,327.112,,,1935-08-14 12:00,140.969,,,,,,
,,,,1927-02-17 12:00,328.049,,,1927-08-15 12:00,141.861,,,1928-02-18 12:00,328.815,,,1928-08-15 12:00,142.588,,,1929-02-17 12:00,328.573,,,1929-08-15 12:00,142.359,,,1930-02-17 12:00,328.326,,,1930-08-15 12:00,142.125,,,1931-02-17 12:00,328.086,,,1931-08-15 12:00,141.897,,,1932-02-18 12:00,328.852,,,1932-08-15 12:00,142.623,,,1933-02-17 12:00,328.608,,,1933-08-15 12:00,142.387,,,1934-02-17 12:00,328.366,,,1934-08-15 12:00,142.164,,,1935-02-17 12:00,328.121,,,1935-08-15 12:00,141.93,,,,,,
,,,,1927-02-18 12:00,329.058,,,1927-08-16 12:00,142.821,,,1928-02-19 12:00,329.824,,,1928-08-16 12:00,143.55,,,1929-02-18 12:00,329.581,,,1929-08-16 12:00,143.321,,,1930-02-18 12:00,329.334,,,1930-08-16 12:00,143.086,,,1931-02-18 12:00,329.095,,,1931-08-16 12:00,142.858,,,1932-02-19 12:00,329.86,,,1932-08-16 12:00,143.584,,,1933-02-18 12:00,329.616,,,1933-08-16 12:00,143.349,,,1934-02-18 12:00,329.374,,,1934-08-16 12:00,143.125,,,1935-02-18 12:00,329.129,,,1935-08-16 12:00,142.89,,,,,,
,,,,1927-02-19 12:00,330.066,,,1927-08-17 12:00,143.783,,,1928-02-20 12:00,330.833,,,1928-08-17 12:00,144.512,,,1929-02-19 12:00,330.589,,,1929-08-17 12:00,144.282,,,1930-02-19 12:00,330.342,,,1930-08-17 12:00,144.048,,,1931-02-19 12:00,330.104,,,1931-08-17 12:00,143.82,,,1932-02-20 12:00,330.868,,,1932-08-17 12:00,144.545,,,1933-02-19 12:00,330.625,,,1933-08-17 12:00,144.311,,,1934-02-19 12:00,330.383,,,1934-08-17 12:00,144.087,,,1935-02-19 12:00,330.137,,,1935-08-17 12:00,143.852,,,,,,
,,,,1927-02-20 12:00,331.073,,,1927-08-18 12:00,144.744,,,1928-02-21 12:00,331.841,,,1928-08-18 12:00,145.474,,,1929-02-20 12:00,331.596,,,1929-08-18 12:00,145.244,,,1930-02-20 12:00,331.35,,,1930-08-18 12:00,145.01,,,1931-02-20 12:00,331.112,,,1931-08-18 12:00,144.782,,,1932-02-21 12:00,331.875,,,1932-08-18 12:00,145.507,,,1933-02-20 12:00,331.632,,,1933-08-18 12:00,145.273,,,1934-02-20 12:00,331.391,,,1934-08-18 12:00,145.049,,,1935-02-20 12:00,331.145,,,1935-08-18 12:00,144.813,,,,,,
,,,,1927-02-21 12:00,332.081,,,1927-08-19 12:00,145.707,,,1928-02-22 12:00,332.848,,,1928-08-19 12:00,146.437,,,1929-02-21 12:00,332.603,,,1929-08-19 12:00,146.206,,,1930-02-21 12:00,332.357,,,1930-08-19 12:00,145.972,,,1931-02-21 12:00,332.12,,,1931-08-19 12:00,145.744,,,1932-02-22 12:00,332.882,,,1932-08-19 12:00,146.469,,,1933-02-21 12:00,332.64,,,1933-08-19 12:00,146.236,,,1934-02-21 12:00,332.398,,,1934-08-19 12:00,146.011,,,1935-02-21 12:00,332.152,,,1935-08-19 12:00,145.775,,,,,,
,,,,1927-02-22 12:00,333.088,,,1927-08-20 12:00,146.669,,,1928-02-23 12:00,333.855,,,1928-08-20 12:00,147.4,,,1929-02-22 12:00,333.61,,,1929-08-20 12:00,147.168,,,1930-02-22 12:00,333.364,,,1930-08-20 12:00,146.935,,,1931-02-22 12:00,333.127,,,1931-08-20 12:00,146.707,,,1932-02-23 12:00,333.888,,,1932-08-20 12:00,147.432,,,1933-02-22 12:00,333.647,,,1933-08-20 12:00,147.199,,,1934-02-22 12:00,333.405,,,1934-08-20 12:00,146.974,,,1935-02-22 12:00,333.159,,,1935-08-20 12:00,146.738,,,,,,
,,,,1927-02-23 12:00,334.094,,,1927-08-21 12:00,147.632,,,1928-02-24 12:00,334.862,,,1928-08-21 12:00,148.364,,,1929-02-23 12:00,334.615,,,1929-08-21 12:00,148.131,,,1930-02-23 12:00,334.37,,,1930-08-21 12:00,147.899,,,1931-02-23 12:00,334.133,,,1931-08-21 12:00,147.67,,,1932-02-24 12:00,334.894,,,1932-08-21 12:00,148.395,,,1933-02-23 12:00,334.654,,,1933-08-21 12:00,148.163,,,1934-02-23 12:00,334.411,,,1934-08-21 12:00,147.937,,,1935-02-23 12:00,334.165,,,1935-08-21 12:00,147.701,,,,,,
,,,,1927-02-24 12:00,335.1,,,1927-08-22 12:00,148.596,,,1928-02-25 12:00,335.868,,,1928-08-22 12:00,149.327,,,1929-02-24 12:00,335.621,,,1929-08-22 12:00,149.095,,,1930-02-24 12:00,335.376,,,1930-08-22 12:00,148.863,,,1931-02-24 12:00,335.14,,,1931-08-22 12:00,148.633,,,1932-02-25 12:00,335.899,,,1932-08-22 12:00,149.359,,,1933-02-24 12:00,335.66,,,1933-08-22 12:00,149.127,,,1934-02-24 12:00,335.417,,,1934-08-22 12:00,148.9,,,1935-02-24 12:00,335.171,,,1935-08-22 12:00,148.664,,,,,,
,,,,1927-02-25 12:00,336.106,,,1927-08-23 12:00,149.56,,,1928-02-26 12:00,336.873,,,1928-08-23 12:00,150.291,,,1929-02-25 12:00,336.626,,,1929-08-23 12:00,150.058,,,1930-02-25 12:00,336.382,,,1930-08-23 12:00,149.827,,,1931-02-25 12:00,336.145,,,1931-08-23 12:00,149.597,,,1932-02-26 12:00,336.904,,,1932-08-23 12:00,150.323,,,1933-02-25 12:00,336.666,,,1933-08-23 12:00,150.091,,,1934-02-25 12:00,336.422,,,1934-08-23 12:00,149.864,,,1935-02-25 12:00,336.176,,,1935-08-23 12:00,149.628,,,,,,
,,,,1927-02-26 12:00,337.111,,,1927-08-24 12:00,150.525,,,1928-02-27 12:00,337.878,,,1928-08-24 12:00,151.256,,,1929-02-26 12:00,337.63,,,1929-08-24 12:00,151.023,,,1930-02-26 12:00,337.387,,,1930-08-24 12:00,150.792,,,1931-02-26 12:00,337.15,,,1931-08-24 12:00,150.561,,,1932-02-27 12:00,337.909,,,1932-08-24 12:00,151.288,,,1933-02-26 12:00,337.671,,,1933-08-24 12:00,151.056,,,1934-02-26 12:00,337.427,,,1934-08-24 12:00,150.828,,,1935-02-26 12:00,337.182,,,1935-08-24 12:00,150.592,,,,,,
,,,,1927-02-27 12:00,338.116,,,1927-08-25 12:00,151.489,,,1928-02-28 12:00,338.882,,,1928-08-25 12:00,152.221,,,1929-02-27 12:00,338.634,,,1929-08-25 12:00,151.987,,,1930-02-27 12:00,338.392,,,1930-08-25 12:00,151.757,,,1931-02-27 12:00,338.155,,,1931-08-25 12:00,151.526,,,1932-02-28 12:00,338.913,,,1932-08-25 12:00,152.253,,,1933-02-27 12:00,338.675,,,1933-08-25 12:00,152.021,,,1934-02-27 12:00,338.431,,,1934-08-25 12:00,151.792,,,1935-02-27 12:00,338.186,,,1935-08-25 12:00,151.557,,,,,,
,,,,1927-02-28 12:00,339.121,,,1927-08-26 12:00,152.455,,,1928-02-29 12:00,339.886,,,1928-08-26 12:00,153.186,,,1929-02-28 12:00,339.638,,,1929-08-26 12:00,152.952,,,1930-02-28 12:00,339.397,,,1930-08-26 12:00,152.723,,,1931-02-28 12:00,339.159,,,1931-08-26 12:00,152.49,,,1932-02-29 12:00,339.917,,,1932-08-26 12:00,153.218,,,1933-02-28 12:00,339.68,,,1933-08-26 12:00,152.987,,,1934-02-28 12:00,339.434,,,1934-08-26 12:00,152.757,,,1935-02-28 12:00,339.191,,,1935-08-26 12:00,152.523,,,,,,
,,,,1927-03-01 12:00,340.125,,,1927-08-27 12:00,153.421,,,1928-03-01 12:00,340.889,,,1928-08-27 12:00,154.151,,,1929-03-01 12:00,340.641,,,1929-08-27 12:00,153.918,,,1930-03-01 12:00,340.4,,,1930-08-27 12:00,153.689,,,1931-03-01 12:00,340.162,,,1931-08-27 12:00,153.455,,,1932-03-01 12:00,340.92,,,1932-08-27 12:00,154.184,,,1933-03-01 12:00,340.683,,,1933-08-27 12:00,153.952,,,1934-03-01 12:00,340.438,,,1934-08-27 12:00,153.722,,,1935-03-01 12:00,340.195,,,1935-08-27 12:00,153.488,,,,,,
,,,,1927-03-02 12:00,341.128,,,1927-08-28 12:00,154.387,,,1928-03-02 12:00,341.892,,,1928-08-28 12:00,155.117,,,1929-03-02 12:00,341.644,,,1929-08-28 12:00,154.884,,,1930-03-02 12:00,341.404,,,1930-08-28 12:00,154.655,,,1931-03-02 12:00,341.165,,,1931-08-28 12:00,154.421,,,1932-03-02 12:00,341.923,,,1932-08-28 12:00,155.151,,,1933-03-02 12:00,341.686,,,1933-08-28 12:00,154.919,,,1934-03-02 12:00,341.44,,,1934-08-28 12:00,154.688,,,1935-03-02 12:00,341.198,,,1935-08-28 12:00,154.455,,,,,,
,,,,1927-03-03 12:00,342.131,,,1927-08-29 12:00,155.354,,,1928-03-03 12:00,342.894,,,1928-08-29 12:00,156.084,,,1929-03-03 12:00,342.646,,,1929-08-29 12:00,155.851,,,1930-03-03 12:00,342.406,,,1930-08-29 12:00,155.622,,,1931-03-03 12:00,342.167,,,1931-08-29 12:00,155.387,,,1932-03-03 12:00,342.926,,,1932-08-29 12:00,156.118,,,1933-03-03 12:00,342.689,,,1933-08-29 12:00,155.885,,,1934-03-03 12:00,342.442,,,1934-08-29 12:00,155.654,,,1935-03-03 12:00,342.201,,,1935-08-29 12:00,155.421,,,,,,
,,,,1927-03-04 12:00,343.134,,,1927-08-30 12:00,156.321,,,1928-03-04 12:00,343.896,,,1928-08-30 12:00,157.05,,,1929-03-04 12:00,343.648,,,1929-08-30 12:00,156.818,,,1930-03-04 12:00,343.409,,,1930-08-30 12:00,156.589,,,1931-03-04 12:00,343.169,,,1931-08-30 12:00,156.353,,,1932-03-04 12:00,343.928,,,1932-08-30 12:00,157.086,,,1933-03-04 12:00,343.691,,,1933-08-30 12:00,156.852,,,1934-03-04 12:00,343.444,,,1934-08-30 12:00,156.621,,,1935-03-04 12:00,343.204,,,1935-08-30 12:00,156.388,,,,,,
,,,,1927-03-05 12:00,344.136,,,1927-08-31 12:00,157.288,,,1928-03-05 12:00,344.896,,,1928-08-31 12:00,158.018,,,1929-03-05 12:00,344.65,,,1929-08-31 12:00,157.786,,,1930-03-05 12:00,344.41,,,1930-08-31 12:00,157.556,,,1931-03-05 12:00,344.17,,,1931-08-31 12:00,157.32,,,1932-03-05 12:00,344.93,,,1932-08-31 12:00,158.054,,,1933-03-05 12:00,344.692,,,1933-08-31 12:00,157.82,,,1934-03-05 12:00,344.445,,,1934-08-31 12:00,157.588,,,1935-03-05 12:00,344.206,,,1935-08-31 12:00,157.356,,,,,,
,,,,1927-03-06 12:00,345.138,,,1927-09-01 12:00,158.256,,,1928-03-06 12:00,345.897,,,1928-09-01 12:00,158.985,,,1929-03-06 12:00,345.651,,,1929-09-01 12:00,158.755,,,1930-03-06 12:00,345.411,,,1930-09-01 12:00,158.524,,,1931-03-06 12:00,345.171,,,1931-09-01 12:00,158.288,,,1932-03-06 12:00,345.931,,,1932-09-01 12:00,159.022,,,1933-03-06 12:00,345.693,,,1933-09-01 12:00,158.787,,,1934-03-06 12:00,345.446,,,1934-09-01 12:00,158.556,,,1935-03-06 12:00,345.207,,,1935-09-01 12:00,158.324,,,,,,
,,,,1927-03-07 12:00,346.139,,,1927-09-02 12:00,159.224,,,1928-03-07 12:00,346.897,,,1928-09-02 12:00,159.953,,,1929-03-07 12:00,346.651,,,1929-09-02 12:00,159.723,,,1930-03-07 12:00,346.412,,,1930-09-02 12:00,159.492,,,1931-03-07 12:00,346.171,,,1931-09-02 12:00,159.256,,,1932-03-07 12:00,346.931,,,1932-09-02 12:00,159.991,,,1933-03-07 12:00,346.693,,,1933-09-02 12:00,159.755,,,1934-03-07 12:00,346.446,,,1934-09-02 12:00,159.524,,,1935-03-07 12:00,346.208,,,1935-09-02 12:00,159.292,,,,,,
,,,,1927-03-08 12:00,347.139,,,1927-09-03 12:00,160.193,,,1928-03-08 12:00,347.896,,,1928-09-03 12:00,160.922,,,1929-03-08 12:00,347.652,,,1929-09-03 12:00,160.693,,,1930-03-08 12:00,347.412,,,1930-09-03 12:00,160.461,,,1931-03-08 12:00,347.171,,,1931-09-03 12:00,160.224,,,1932-03-08 12:00,347.931,,,1932-09-03 12:00,160.96,,,1933-03-08 12:00,347.692,,,1933-09-03 12:00,160.724,,,1934-03-08 12:00,347.446,,,1934-09-03 12:00,160.493,,,1935-03-08 12:00,347.209,,,1935-09-03 12:00,160.261,,,,,,
,,,,1927-03-09 12:00,348.139,,,1927-09-04 12:00,161.162,,,1928-03-09 12:00,348.895,,,1928-09-04 12:00,161.891,,,1929-03-09 12:00,348.651,,,1929-09-04 12:00,161.662,,,1930-03-09 12:00,348.411,,,1930-09-04 12:00,161.43,,,1931-03-09 12:00,348.171,,,1931-09-04 12:00,161.193,,,1932-03-09 12:00,348.931,,,1932-09-04 12:00,161.93,,,1933-03-09 12:00,348.691,,,1933-09-04 12:00,161.693,,,1934-03-09 12:00,348.446,,,1934-09-04 12:00,161.463,,,1935-03-09 12:00,348.208,,,1935-09-04 12:00,161.23,,,,,,
,,,,1927-03-10 12:00,349.138,,,1927-09-05 12:00,162.131,,,1928-03-10 12:00,349.893,,,1928-09-05 12:00,162.861,,,1929-03-10 12:00,349.65,,,1929-09-05 12:00,162.633,,,1930-03-10 12:00,349.41,,,1930-09-05 12:00,162.399,,,1931-03-10 12:00,349.169,,,1931-09-05 12:00,162.163,,,1932-03-10 12:00,349.93,,,1932-09-05 12:00,162.9,,,1933-03-10 12:00,349.69,,,1933-09-05 12:00,162.662,,,1934-03-10 12:00,349.445,,,1934-09-05 12:00,162.433,,,1935-03-10 12:00,349.208,,,1935-09-05 12:00,162.2,,,,,,
,,,,1927-03-11 12:00,350.136,,,1927-09-06 12:00,163.101,,,1928-03-11 12:00,350.891,,,1928-09-06 12:00,163.831,,,1929-03-11 12:00,350.649,,,1929-09-06 12:00,163.603,,,1930-03-11 12:00,350.408,,,1930-09-06 12:00,163.369,,,1931-03-11 12:00,350.168,,,1931-09-06 12:00,163.133,,,1932-03-11 12:00,350.928,,,1932-09-06 12:00,163.871,,,1933-03-11 12:00,350.688,,,1933-09-06 12:00,163.632,,,1934-03-11 12:00,350.444,,,1934-09-06 12:00,163.403,,,1935-03-11 12:00,350.206,,,1935-09-06 12:00,163.17,,,,,,
,,,,1927-03-12 12:00,351.134,,,1927-09-07 12:00,164.072,,,1928-03-12 12:00,351.889,,,1928-09-07 12:00,164.802,,,1929-03-12 12:00,351.647,,,1929-09-07 12:00,164.574,,,1930-03-12 12:00,351.405,,,1930-09-07 12:00,164.339,,,1931-03-12 12:00,351.166,,,1931-09-07 12:00,164.104,,,1932-03-12 12:00,351.926,,,1932-09-07 12:00,164.842,,,1933-03-12 12:00,351.685,,,1933-09-07 12:00,164.603,,,1934-03-12 12:00,351.442,,,1934-09-07 12:00,164.374,,,1935-03-12 12:00,351.204,,,1935-09-07 12:00,164.14,,,,,,
,,,,1927-03-13 12:00,352.132,,,1927-09-08 12:00,165.042,,,1928-03-13 12:00,352.886,,,1928-09-08 12:00,165.774,,,1929-03-13 12:00,352.644,,,1929-09-08 12:00,165.546,,,1930-03-13 12:00,352.402,,,1930-09-08 12:00,165.31,,,1931-03-13 12:00,352.164,,,1931-09-08 12:00,165.075,,,1932-03-13 12:00,352.923,,,1932-09-08 12:00,165.813,,,1933-03-13 12:00,352.681,,,1933-09-08 12:00,165.574,,,1934-03-13 12:00,352.439,,,1934-09-08 12:00,165.346,,,1935-03-13 12:00,352.202,,,1935-09-08 12:00,165.111,,,,,,
,,,,1927-03-14 12:00,353.128,,,1927-09-09 12:00,166.014,,,1928-03-14 12:00,353.882,,,1928-09-09 12:00,166.746,,,1929-03-14 12:00,353.641,,,1929-09-09 12:00,166.518,,,1930-03-14 12:00,353.398,,,1930-09-09 12:00,166.281,,,1931-03-14 12:00,353.161,,,1931-09-09 12:00,166.047,,,1932-03-14 12:00,353.92,,,1932-09-09 12:00,166.785,,,1933-03-14 12:00,353.678,,,1933-09-09 12:00,166.546,,,1934-03-14 12:00,353.436,,,1934-09-09 12:00,166.318,,,1935-03-14 12:00,353.198,,,1935-09-09 12:00,166.082,,,,,,
,,,,1927-03-15 12:00,354.125,,,1927-09-10 12:00,166.985,,,1928-03-15 12:00,354.878,,,1928-09-10 12:00,167.718,,,1929-03-15 12:00,354.637,,,1929-09-10 12:00,167.49,,,1930-03-15 12:00,354.394,,,1930-09-10 12:00,167.253,,,1931-03-15 12:00,354.157,,,1931-09-10 12:00,167.019,,,1932-03-15 12:00,354.916,,,1932-09-10 12:00,167.757,,,1933-03-15 12:00,354.673,,,1933-09-10 12:00,167.518,,,1934-03-15 12:00,354.433,,,1934-09-10 12:00,167.29,,,1935-03-15 12:00,354.195,,,1935-09-10 12:00,167.054,,,,,,
,,,,1927-03-16 12:00,355.12,,,1927-09-11 12:00,167.957,,,1928-03-16 12:00,355.874,,,1928-09-11 12:00,168.692,,,1929-03-16 12:00,355.633,,,1929-09-11 12:00,168.463,,,1930-03-16 12:00,355.389,,,1930-09-11 12:00,168.226,,,1931-03-16 12:00,355.153,,,1931-09-11 12:00,167.992,,,1932-03-16 12:00,355.911,,,1932-09-11 12:00,168.73,,,1933-03-16 12:00,355.669,,,1933-09-11 12:00,168.491,,,1934-03-16 12:00,355.429,,,1934-09-11 12:00,168.263,,,1935-03-16 12:00,355.19,,,1935-09-11 12:00,168.026,,,,,,
,,,,1927-03-17 12:00,356.115,,,1927-09-12 12:00,168.93,,,1928-03-17 12:00,356.869,,,1928-09-12 12:00,169.665,,,1929-03-17 12:00,356.628,,,1929-09-12 12:00,169.436,,,1930-03-17 12:00,356.384,,,1930-09-12 12:00,169.199,,,1931-03-17 12:00,356.149,,,1931-09-12 12:00,168.965,,,1932-03-17 12:00,356.906,,,1932-09-12 12:00,169.703,,,1933-03-17 12:00,356.663,,,1933-09-12 12:00,169.464,,,1934-03-17 12:00,356.424,,,1934-09-12 12:00,169.237,,,1935-03-17 12:00,356.185,,,1935-09-12 12:00,168.998,,,,,,
,,,,1927-03-18 12:00,357.109,,,1927-09-13 12:00,169.903,,,1928-03-18 12:00,357.863,,,1928-09-13 12:00,170.64,,,1929-03-18 12:00,357.623,,,1929-09-13 12:00,170.41,,,1930-03-18 12:00,357.378,,,1930-09-13 12:00,170.172,,,1931-03-18 12:00,357.144,,,1931-09-13 12:00,169.939,,,1932-03-18 12:00,357.9,,,1932-09-13 12:00,170.677,,,1933-03-18 12:00,357.658,,,1933-09-13 12:00,170.438,,,1934-03-18 12:00,357.419,,,1934-09-13 12:00,170.21,,,1935-03-18 12:00,357.179,,,1935-09-13 12:00,169.971,,,,,,
,,,,1927-03-19 12:00,358.103,,,1927-09-14 12:00,170.877,,,1928-03-19 12:00,358.858,,,1928-09-14 12:00,171.614,,,1929-03-19 12:00,358.616,,,1929-09-14 12:00,171.384,,,1930-03-19 12:00,358.372,,,1930-09-14 12:00,171.146,,,1931-03-19 12:00,358.138,,,1931-09-14 12:00,170.914,,,1932-03-19 12:00,358.893,,,1932-09-14 12:00,171.651,,,1933-03-19 12:00,358.652,,,1933-09-14 12:00,171.413,,,1934-03-19 12:00,358.414,,,1934-09-14 12:00,171.185,,,1935-03-19 12:00,358.173,,,1935-09-14 12:00,170.945,,,,,,
,,,,1927-03-20 12:00,359.096,,,1927-09-15 12:00,171.851,,,1928-03-20 12:00,359.851,,,1928-09-15 12:00,172.59,,,1929-03-20 12:00,359.609,,,1929-09-15 12:00,172.359,,,1930-03-20 12:00,359.365,,,1930-09-15 12:00,172.121,,,1931-03-20 12:00,359.132,,,1931-09-15 12:00,171.889,,,1932-03-20 12:00,359.886,,,1932-09-15 12:00,172.626,,,1933-03-20 12:00,359.645,,,1933-09-15 12:00,172.388,,,1934-03-20 12:00,359.407,,,1934-09-15 12:00,172.16,,,1935-03-20 12:00,359.166,,,1935-09-15 12:00,171.919,,,,,,
,,,,1927-03-21 12:00,0.0889999999999,,,1927-09-16 12:00,172.826,,,1928-03-21 12:00,0.843999999999,,,1928-09-16 12:00,173.566,,,1929-03-21 12:00,0.602000000001,,,1929-09-16 12:00,173.334,,,1930-03-21 12:00,0.357,,,1930-09-16 12:00,173.096,,,1931-03-21 12:00,0.126,,,1931-09-16 12:00,172.864,,,1932-03-21 12:00,0.878000000001,,,1932-09-16 12:00,173.601,,,1933-03-21 12:00,0.638000000001,,,1933-09-16 12:00,173.364,,,1934-03-21 12:00,0.4,,,1934-09-16 12:00,173.135,,,1935-03-21 12:00,0.159,,,1935-09-16 12:00,172.894,,,,,,
,,,,1927-03-22 12:00,1.081,,,1927-09-17 12:00,173.802,,,1928-03-22 12:00,1.837,,,1928-09-17 12:00,174.542,,,1929-03-22 12:00,1.594,,,1929-09-17 12:00,174.309,,,1930-03-22 12:00,1.35,,,1930-09-17 12:00,174.072,,,1931-03-22 12:00,1.118,,,1931-09-17 12:00,173.84,,,1932-03-22 12:00,1.87,,,1932-09-17 12:00,174.577,,,1933-03-22 12:00,1.63,,,1933-09-17 12:00,174.34,,,1934-03-22 12:00,1.393,,,1934-09-17 12:00,174.111,,,1935-03-22 12:00,1.151,,,1935-09-17 12:00,173.869,,,,,,
,,,,1927-03-23 12:00,2.073,,,1927-09-18 12:00,174.778,,,1928-03-23 12:00,2.828,,,1928-09-18 12:00,175.519,,,1929-03-23 12:00,2.585,,,1929-09-18 12:00,175.285,,,1930-03-23 12:00,2.341,,,1930-09-18 12:00,175.049,,,1931-03-23 12:00,2.11,,,1931-09-18 12:00,174.816,,,1932-03-23 12:00,2.861,,,1932-09-18 12:00,175.553,,,1933-03-23 12:00,2.622,,,1933-09-18 12:00,175.317,,,1934-03-23 12:00,2.384,,,1934-09-18 12:00,175.087,,,1935-03-23 12:00,2.143,,,1935-09-18 12:00,174.846,,,,,,
,,,,1927-03-24 12:00,3.064,,,1927-09-19 12:00,175.755,,,1928-03-24 12:00,3.82,,,1928-09-19 12:00,176.496,,,1929-03-24 12:00,3.576,,,1929-09-19 12:00,176.262,,,1930-03-24 12:00,3.333,,,1930-09-19 12:00,176.026,,,1931-03-24 12:00,3.102,,,1931-09-19 12:00,175.793,,,1932-03-24 12:00,3.851,,,1932-09-19 12:00,176.53,,,1933-03-24 12:00,3.613,,,1933-09-19 12:00,176.294,,,1934-03-24 12:00,3.375,,,1934-09-19 12:00,176.064,,,1935-03-24 12:00,3.134,,,1935-09-19 12:00,175.822,,,,,,
,,,,1927-03-25 12:00,4.055,,,1927-09-20 12:00,176.732,,,1928-03-25 12:00,4.81,,,1928-09-20 12:00,177.474,,,1929-03-25 12:00,4.566,,,1929-09-20 12:00,177.239,,,1930-03-25 12:00,4.323,,,1930-09-20 12:00,177.004,,,1931-03-25 12:00,4.093,,,1931-09-20 12:00,176.77,,,1932-03-25 12:00,4.841,,,1932-09-20 12:00,177.508,,,1933-03-25 12:00,4.604,,,1933-09-20 12:00,177.272,,,1934-03-25 12:00,4.366,,,1934-09-20 12:00,177.041,,,1935-03-25 12:00,4.124,,,1935-09-20 12:00,176.799,,,,,,
,,,,1927-03-26 12:00,5.045,,,1927-09-21 12:00,177.71,,,1928-03-26 12:00,5.8,,,1928-09-21 12:00,178.452,,,1929-03-26 12:00,5.555,,,1929-09-21 12:00,178.217,,,1930-03-26 12:00,5.314,,,1930-09-21 12:00,177.982,,,1931-03-26 12:00,5.083,,,1931-09-21 12:00,177.748,,,1932-03-26 12:00,5.831,,,1932-09-21 12:00,178.486,,,1933-03-26 12:00,5.594,,,1933-09-21 12:00,178.251,,,1934-03-26 12:00,5.356,,,1934-09-21 12:00,178.018,,,1935-03-26 12:00,5.114,,,1935-09-21 12:00,177.777,,,,,,
,,,,1927-03-27 12:00,6.035,,,1927-09-22 12:00,178.689,,,1928-03-27 12:00,6.79,,,1928-09-22 12:00,179.431,,,1929-03-27 12:00,6.544,,,1929-09-22 12:00,179.195,,,1930-03-27 12:00,6.303,,,1930-09-22 12:00,178.961,,,1931-03-27 12:00,6.073,,,1931-09-22 12:00,178.726,,,1932-03-27 12:00,6.82,,,1932-09-22 12:00,179.464,,,1933-03-27 12:00,6.584,,,1933-09-22 12:00,179.23,,,1934-03-27 12:00,6.345,,,1934-09-22 12:00,178.996,,,1935-03-27 12:00,6.104,,,1935-09-22 12:00,178.756,,,,,,
,,,,1927-03-28 12:00,7.024,,,1927-09-23 12:00,179.668,,,1928-03-28 12:00,7.778,,,1928-09-23 12:00,180.41,,,1929-03-28 12:00,7.532,,,1929-09-23 12:00,180.174,,,1930-03-28 12:00,7.293,,,1930-09-23 12:00,179.94,,,1931-03-28 12:00,7.062,,,1931-09-23 12:00,179.704,,,1932-03-28 12:00,7.809,,,1932-09-23 12:00,180.444,,,1933-03-28 12:00,7.573,,,1933-09-23 12:00,180.209,,,1934-03-28 12:00,7.334,,,1934-09-23 12:00,179.975,,,1935-03-28 12:00,7.093,,,1935-09-23 12:00,179.735,,,,,,
,,,,1927-03-29 12:00,8.013,,,1927-09-24 12:00,180.647,,,1928-03-29 12:00,8.766,,,1928-09-24 12:00,181.39,,,1929-03-29 12:00,8.52,,,1929-09-24 12:00,181.154,,,1930-03-29 12:00,8.281,,,1930-09-24 12:00,180.92,,,1931-03-29 12:00,8.05,,,1931-09-24 12:00,180.683,,,1932-03-29 12:00,8.797,,,1932-09-24 12:00,181.424,,,1933-03-29 12:00,8.561,,,1933-09-24 12:00,181.189,,,1934-03-29 12:00,8.322,,,1934-09-24 12:00,180.954,,,1935-03-29 12:00,8.082,,,1935-09-24 12:00,180.715,,,,,,
,,,,1927-03-30 12:00,9.001,,,1927-09-25 12:00,181.628,,,1928-03-30 12:00,9.754,,,1928-09-25 12:00,182.37,,,1929-03-30 12:00,9.508,,,1929-09-25 12:00,182.134,,,1930-03-30 12:00,9.269,,,1930-09-25 12:00,181.901,,,1931-03-30 12:00,9.038,,,1931-09-25 12:00,181.663,,,1932-03-30 12:00,9.784,,,1932-09-25 12:00,182.405,,,1933-03-30 12:00,9.549,,,1933-09-25 12:00,182.17,,,1934-03-30 12:00,9.309,,,1934-09-25 12:00,181.934,,,1935-03-30 12:00,9.07,,,1935-09-25 12:00,181.695,,,,,,
,,,,1927-03-31 12:00,9.989,,,1927-09-26 12:00,182.609,,,1928-03-31 12:00,10.741,,,1928-09-26 12:00,183.351,,,1929-03-31 12:00,10.495,,,1929-09-26 12:00,183.115,,,1930-03-31 12:00,10.257,,,1930-09-26 12:00,182.882,,,1931-03-31 12:00,10.025,,,1931-09-26 12:00,182.643,,,1932-03-31 12:00,10.771,,,1932-09-26 12:00,183.386,,,1933-03-31 12:00,10.537,,,1933-09-26 12:00,183.151,,,1934-03-31 12:00,10.296,,,1934-09-26 12:00,182.914,,,1935-03-31 12:00,10.058,,,1935-09-26 12:00,182.676,,,,,,
,,,,1927-04-01 12:00,10.976,,,1927-09-27 12:00,183.59,,,1928-04-01 12:00,11.727,,,1928-09-27 12:00,184.332,,,1929-04-01 12:00,11.481,,,1929-09-27 12:00,184.096,,,1930-04-01 12:00,11.244,,,1930-09-27 12:00,183.863,,,1931-04-01 12:00,11.011,,,1931-09-27 12:00,183.624,,,1932-04-01 12:00,11.758,,,1932-09-27 12:00,184.368,,,1933-04-01 12:00,11.523,,,1933-09-27 12:00,184.132,,,1934-04-01 12:00,11.282,,,1934-09-27 12:00,183.895,,,1935-04-01 12:00,11.045,,,1935-09-27 12:00,183.657,,,,,,
,,,,1927-04-02 12:00,11.963,,,1927-09-28 12:00,184.572,,,1928-04-02 12:00,12.712,,,1928-09-28 12:00,185.313,,,1929-04-02 12:00,12.467,,,1929-09-28 12:00,185.079,,,1930-04-02 12:00,12.23,,,1930-09-28 12:00,184.845,,,1931-04-02 12:00,11.997,,,1931-09-28 12:00,184.605,,,1932-04-02 12:00,12.744,,,1932-09-28 12:00,185.35,,,1933-04-02 12:00,12.509,,,1933-09-28 12:00,185.114,,,1934-04-02 12:00,12.268,,,1934-09-28 12:00,184.877,,,1935-04-02 12:00,12.031,,,1935-09-28 12:00,184.639,,,,,,
,,,,1927-04-03 12:00,12.949,,,1927-09-29 12:00,185.554,,,1928-04-03 12:00,13.697,,,1928-09-29 12:00,186.296,,,1929-04-03 12:00,13.452,,,1929-09-29 12:00,186.061,,,1930-04-03 12:00,13.216,,,1930-09-29 12:00,185.828,,,1931-04-03 12:00,12.982,,,1931-09-29 12:00,185.587,,,1932-04-03 12:00,13.729,,,1932-09-29 12:00,186.333,,,1933-04-03 12:00,13.494,,,1933-09-29 12:00,186.096,,,1934-04-03 12:00,13.253,,,1934-09-29 12:00,185.859,,,1935-04-03 12:00,13.017,,,1935-09-29 12:00,185.622,,,,,,
,,,,1927-04-04 12:00,13.935,,,1927-09-30 12:00,186.537,,,1928-04-04 12:00,14.681,,,1928-09-30 12:00,187.278,,,1929-04-04 12:00,14.437,,,1929-09-30 12:00,187.045,,,1930-04-04 12:00,14.201,,,1930-09-30 12:00,186.811,,,1931-04-04 12:00,13.967,,,1931-09-30 12:00,186.569,,,1932-04-04 12:00,14.714,,,1932-09-30 12:00,187.317,,,1933-04-04 12:00,14.479,,,1933-09-30 12:00,187.079,,,1934-04-04 12:00,14.238,,,1934-09-30 12:00,186.842,,,1935-04-04 12:00,14.003,,,1935-09-30 12:00,186.605,,,,,,
,,,,1927-04-05 12:00,14.919,,,1927-10-01 12:00,187.521,,,1928-04-05 12:00,15.665,,,1928-10-01 12:00,188.262,,,1929-04-05 12:00,15.422,,,1929-10-01 12:00,188.029,,,1930-04-05 12:00,15.185,,,1930-10-01 12:00,187.794,,,1931-04-05 12:00,14.951,,,1931-10-01 12:00,187.553,,,1932-04-05 12:00,15.699,,,1932-10-01 12:00,188.301,,,1933-04-05 12:00,15.463,,,1933-10-01 12:00,188.063,,,1934-04-05 12:00,15.222,,,1934-10-01 12:00,187.826,,,1935-04-05 12:00,14.988,,,1935-10-01 12:00,187.588,,,,,,
,,,,1927-04-06 12:00,15.904,,,1927-10-02 12:00,188.505,,,1928-04-06 12:00,16.648,,,1928-10-02 12:00,189.246,,,1929-04-06 12:00,16.406,,,1929-10-02 12:00,189.013,,,1930-04-06 12:00,16.169,,,1930-10-02 12:00,188.778,,,1931-04-06 12:00,15.934,,,1931-10-02 12:00,188.536,,,1932-04-06 12:00,16.682,,,1932-10-02 12:00,189.286,,,1933-04-06 12:00,16.446,,,1933-10-02 12:00,189.046,,,1934-04-06 12:00,16.206,,,1934-10-02 12:00,188.81,,,1935-04-06 12:00,15.972,,,1935-10-02 12:00,188.572,,,,,,
,,,,1927-04-07 12:00,16.887,,,1927-10-03 12:00,189.489,,,1928-04-07 12:00,17.631,,,1928-10-03 12:00,190.23,,,1929-04-07 12:00,17.389,,,1929-10-03 12:00,189.998,,,1930-04-07 12:00,17.152,,,1930-10-03 12:00,189.762,,,1931-04-07 12:00,16.918,,,1931-10-03 12:00,189.521,,,1932-04-07 12:00,17.666,,,1932-10-03 12:00,190.271,,,1933-04-07 12:00,17.429,,,1933-10-03 12:00,190.031,,,1934-04-07 12:00,17.189,,,1934-10-03 12:00,189.795,,,1935-04-07 12:00,16.956,,,1935-10-03 12:00,189.557,,,,,,
,,,,1927-04-08 12:00,17.87,,,1927-10-04 12:00,190.475,,,1928-04-08 12:00,18.613,,,1928-10-04 12:00,191.216,,,1929-04-08 12:00,18.372,,,1929-10-04 12:00,190.984,,,1930-04-08 12:00,18.135,,,1930-10-04 12:00,190.747,,,1931-04-08 12:00,17.9,,,1931-10-04 12:00,190.506,,,1932-04-08 12:00,18.648,,,1932-10-04 12:00,191.257,,,1933-04-08 12:00,18.411,,,1933-10-04 12:00,191.016,,,1934-04-08 12:00,18.172,,,1934-10-04 12:00,190.78,,,1935-04-08 12:00,17.939,,,1935-10-04 12:00,190.542,,,,,,
,,,,1927-04-09 12:00,18.853,,,1927-10-05 12:00,191.46,,,1928-04-09 12:00,19.595,,,1928-10-05 12:00,192.202,,,1929-04-09 12:00,19.354,,,1929-10-05 12:00,191.97,,,1930-04-09 12:00,19.116,,,1930-10-05 12:00,191.733,,,1931-04-09 12:00,18.882,,,1931-10-05 12:00,191.491,,,1932-04-09 12:00,19.631,,,1932-10-05 12:00,192.243,,,1933-04-09 12:00,19.393,,,1933-10-05 12:00,192.001,,,1934-04-09 12:00,19.154,,,1934-10-05 12:00,191.766,,,1935-04-09 12:00,18.921,,,1935-10-05 12:00,191.528,,,,,,
,,,,1927-04-10 12:00,19.834,,,1927-10-06 12:00,192.446,,,1928-04-10 12:00,20.576,,,1928-10-06 12:00,193.188,,,1929-04-10 12:00,20.336,,,1929-10-06 12:00,192.957,,,1930-04-10 12:00,20.098,,,1930-10-06 12:00,192.718,,,1931-04-10 12:00,19.864,,,1931-10-06 12:00,192.478,,,1932-04-10 12:00,20.612,,,1932-10-06 12:00,193.23,,,1933-04-10 12:00,20.374,,,1933-10-06 12:00,192.988,,,1934-04-10 12:00,20.136,,,1934-10-06 12:00,192.753,,,1935-04-10 12:00,19.903,,,1935-10-06 12:00,192.514,,,,,,
,,,,1927-04-11 12:00,20.815,,,1927-10-07 12:00,193.432,,,1928-04-11 12:00,21.556,,,1928-10-07 12:00,194.176,,,1929-04-11 12:00,21.317,,,1929-10-07 12:00,193.944,,,1930-04-11 12:00,21.078,,,1930-10-07 12:00,193.705,,,1931-04-11 12:00,20.845,,,1931-10-07 12:00,193.465,,,1932-04-11 12:00,21.593,,,1932-10-07 12:00,194.217,,,1933-04-11 12:00,21.354,,,1933-10-07 12:00,193.974,,,1934-04-11 12:00,21.117,,,1934-10-07 12:00,193.74,,,1935-04-11 12:00,20.884,,,1935-10-07 12:00,193.5,,,,,,
,,,,1927-04-12 12:00,21.796,,,1927-10-08 12:00,194.419,,,1928-04-12 12:00,22.537,,,1928-10-08 12:00,195.164,,,1929-04-12 12:00,22.298,,,1929-10-08 12:00,194.932,,,1930-04-12 12:00,22.058,,,1930-10-08 12:00,194.692,,,1931-04-12 12:00,21.826,,,1931-10-08 12:00,194.452,,,1932-04-12 12:00,22.573,,,1932-10-08 12:00,195.205,,,1933-04-12 12:00,22.334,,,1933-10-08 12:00,194.962,,,1934-04-12 12:00,22.098,,,1934-10-08 12:00,194.728,,,1935-04-12 12:00,21.865,,,1935-10-08 12:00,194.488,,,,,,
,,,,1927-04-13 12:00,22.776,,,1927-10-09 12:00,195.407,,,1928-04-13 12:00,23.516,,,1928-10-09 12:00,196.152,,,1929-04-13 12:00,23.278,,,1929-10-09 12:00,195.921,,,1930-04-13 12:00,23.038,,,1930-10-09 12:00,195.68,,,1931-04-13 12:00,22.806,,,1931-10-09 12:00,195.44,,,1932-04-13 12:00,23.553,,,1932-10-09 12:00,196.193,,,1933-04-13 12:00,23.313,,,1933-10-09 12:00,195.95,,,1934-04-13 12:00,23.078,,,1934-10-09 12:00,195.716,,,1935-04-13 12:00,22.845,,,1935-10-09 12:00,195.475,,,,,,
,,,,1927-04-14 12:00,23.755,,,1927-10-10 12:00,196.395,,,1928-04-14 12:00,24.496,,,1928-10-10 12:00,197.141,,,1929-04-14 12:00,24.257,,,1929-10-10 12:00,196.909,,,1930-04-14 12:00,24.017,,,1930-10-10 12:00,196.668,,,1931-04-14 12:00,23.786,,,1931-10-10 12:00,196.429,,,1932-04-14 12:00,24.532,,,1932-10-10 12:00,197.182,,,1933-04-14 12:00,24.292,,,1933-10-10 12:00,196.939,,,1934-04-14 12:00,24.058,,,1934-10-10 12:00,196.705,,,1935-04-14 12:00,23.824,,,1935-10-10 12:00,196.463,,,,,,
,,,,1927-04-15 12:00,24.733,,,1927-10-11 12:00,197.383,,,1928-04-15 12:00,25.474,,,1928-10-11 12:00,198.131,,,1929-04-15 12:00,25.236,,,1929-10-11 12:00,197.899,,,1930-04-15 12:00,24.995,,,1930-10-11 12:00,197.657,,,1931-04-15 12:00,24.765,,,1931-10-11 12:00,197.418,,,1932-04-15 12:00,25.51,,,1932-10-11 12:00,198.171,,,1933-04-15 12:00,25.271,,,1933-10-11 12:00,197.928,,,1934-04-15 12:00,25.037,,,1934-10-11 12:00,197.695,,,1935-04-15 12:00,24.802,,,1935-10-11 12:00,197.452,,,,,,
,,,,1927-04-16 12:00,25.711,,,1927-10-12 12:00,198.373,,,1928-04-16 12:00,26.452,,,1928-10-12 12:00,199.121,,,1929-04-16 12:00,26.214,,,1929-10-12 12:00,198.888,,,1930-04-16 12:00,25.973,,,1930-10-12 12:00,198.646,,,1931-04-16 12:00,25.744,,,1931-10-12 12:00,198.408,,,1932-04-16 12:00,26.488,,,1932-10-12 12:00,199.161,,,1933-04-16 12:00,26.249,,,1933-10-12 12:00,198.918,,,1934-04-16 12:00,26.016,,,1934-10-12 12:00,198.685,,,1935-04-16 12:00,25.781,,,1935-10-12 12:00,198.441,,,,,,
,,,,1927-04-17 12:00,26.689,,,1927-10-13 12:00,199.362,,,1928-04-17 12:00,27.43,,,1928-10-13 12:00,200.112,,,1929-04-17 12:00,27.192,,,1929-10-13 12:00,199.879,,,1930-04-17 12:00,26.95,,,1930-10-13 12:00,199.636,,,1931-04-17 12:00,26.722,,,1931-10-13 12:00,199.399,,,1932-04-17 12:00,27.465,,,1932-10-13 12:00,200.151,,,1933-04-17 12:00,27.226,,,1933-10-13 12:00,199.909,,,1934-04-17 12:00,26.994,,,1934-10-13 12:00,199.675,,,1935-04-17 12:00,26.758,,,1935-10-13 12:00,199.431,,,,,,
,,,,1927-04-18 12:00,27.666,,,1927-10-14 12:00,200.353,,,1928-04-18 12:00,28.407,,,1928-10-14 12:00,201.104,,,1929-04-18 12:00,28.169,,,1929-10-14 12:00,200.87,,,1930-04-18 12:00,27.927,,,1930-10-14 12:00,200.627,,,1931-04-18 12:00,27.7,,,1931-10-14 12:00,200.39,,,1932-04-18 12:00,28.442,,,1932-10-14 12:00,201.142,,,1933-04-18 12:00,28.203,,,1933-10-14 12:00,200.9,,,1934-04-18 12:00,27.971,,,1934-10-14 12:00,200.666,,,1935-04-18 12:00,27.735,,,1935-10-14 12:00,200.421,,,,,,
,,,,1927-04-19 12:00,28.642,,,1927-10-15 12:00,201.344,,,1928-04-19 12:00,29.384,,,1928-10-15 12:00,202.096,,,1929-04-19 12:00,29.145,,,1929-10-15 12:00,201.861,,,1930-04-19 12:00,28.904,,,1930-10-15 12:00,201.619,,,1931-04-19 12:00,28.677,,,1931-10-15 12:00,201.381,,,1932-04-19 12:00,29.418,,,1932-10-15 12:00,202.133,,,1933-04-19 12:00,29.18,,,1933-10-15 12:00,201.892,,,1934-04-19 12:00,28.948,,,1934-10-15 12:00,201.658,,,1935-04-19 12:00,28.711,,,1935-10-15 12:00,201.412,,,,,,
,,,,,,,,1927-10-16 12:00,202.336,,,,,,,1928-10-16 12:00,203.089,,,,,,,1929-10-16 12:00,202.853,,,,,,,1930-10-16 12:00,202.611,,,,,,,1931-10-16 12:00,202.373,,,,,,,1932-10-16 12:00,203.125,,,,,,,1933-10-16 12:00,202.884,,,,,,,1934-10-16 12:00,202.65,,,,,,,1935-10-16 12:00,202.404,,,,,,
,,,,,,,,1927-10-17 12:00,203.328,,,,,,,1928-10-17 12:00,204.082,,,,,,,1929-10-17 12:00,203.845,,,,,,,1930-10-17 12:00,203.604,,,,,,,1931-10-17 12:00,203.366,,,,,,,1932-10-17 12:00,204.118,,,,,,,1933-10-17 12:00,203.877,,,,,,,1934-10-17 12:00,203.642,,,,,,,1935-10-17 12:00,203.396,,,,,,
,,,,,,,,1927-10-18 12:00,204.321,,,,,,,1928-10-18 12:00,205.075,,,,,,,1929-10-18 12:00,204.838,,,,,,,1930-10-18 12:00,204.597,,,,,,,1931-10-18 12:00,204.359,,,,,,,1932-10-18 12:00,205.111,,,,,,,1933-10-18 12:00,204.871,,,,,,,1934-10-18 12:00,204.635,,,,,,,1935-10-18 12:00,204.389,,,,,,
,,,,,,,,1927-10-19 12:00,205.315,,,,,,,1928-10-19 12:00,206.07,,,,,,,1929-10-19 12:00,205.831,,,,,,,1930-10-19 12:00,205.591,,,,,,,1931-10-19 12:00,205.352,,,,,,,1932-10-19 12:00,206.105,,,,,,,1933-10-19 12:00,205.865,,,,,,,1934-10-19 12:00,205.628,,,,,,,1935-10-19 12:00,205.382,,,,,,
,,,,,,,,1927-10-20 12:00,206.309,,,,,,,1928-10-20 12:00,207.064,,,,,,,1929-10-20 12:00,206.825,,,,,,,1930-10-20 12:00,206.585,,,,,,,1931-10-20 12:00,206.346,,,,,,,1932-10-20 12:00,207.099,,,,,,,1933-10-20 12:00,206.86,,,,,,,1934-10-20 12:00,206.622,,,,,,,1935-10-20 12:00,206.377,,,,,,
,,,,,,,,1927-10-21 12:00,207.304,,,,,,,1928-10-21 12:00,208.059,,,,,,,1929-10-21 12:00,207.82,,,,,,,1930-10-21 12:00,207.581,,,,,,,1931-10-21 12:00,207.341,,,,,,,1932-10-21 12:00,208.094,,,,,,,1933-10-21 12:00,207.856,,,,,,,1934-10-21 12:00,207.617,,,,,,,1935-10-21 12:00,207.371,,,,,,
,,,,,,,,1927-10-22 12:00,208.299,,,,,,,1928-10-22 12:00,209.055,,,,,,,1929-10-22 12:00,208.815,,,,,,,1930-10-22 12:00,208.576,,,,,,,1931-10-22 12:00,208.336,,,,,,,1932-10-22 12:00,209.09,,,,,,,1933-10-22 12:00,208.852,,,,,,,1934-10-22 12:00,208.612,,,,,,,1935-10-22 12:00,208.367,,,,,,
,,,,,,,,1927-10-23 12:00,209.295,,,,,,,,,,,,,,,,,,,,,,,,,,,,,,,1931-10-23 12:00,209.331,,,,,,,,,,,,,,,,,,,,,,,,,,,,,,,1935-10-23 12:00,209.363,,,,,,
,,,,,,,,,,,,,,,,,,,,,,,,,,,,,,,,,,,,,,,,,,,,,,,,,,,,,,,,,,,,,,,,,,,,,,,,,,,,,,,
