Timestamp,H.Earth,HighPrice,LowPrice,Timestamp,H.Earth,HighPrice,LowPrice,Timestamp,H.Earth,HighPrice,LowPrice,Timestamp,H.Earth,HighPrice,LowPrice,Timestamp,H.Earth,HighPrice,LowPrice,Timestamp,H.Earth,HighPrice,LowPrice,Timestamp,H.Earth,HighPrice,LowPrice,Timestamp,H.Earth,HighPrice,LowPrice,Timestamp,H.Earth,HighPrice,LowPrice,Timestamp,H.Earth,HighPrice,LowPrice,Timestamp,H.Earth,HighPrice,LowPrice,Timestamp,H.Earth,HighPrice,LowPrice,Timestamp,H.Earth,HighPrice,LowPrice,Timestamp,H.Earth,HighPrice,LowPrice,Timestamp,H.Earth,HighPrice,LowPrice,Timestamp,H.Earth,HighPrice,LowPrice,Timestamp,H.Earth,HighPrice,LowPrice,Timestamp,H.Earth,HighPrice,LowPrice,Timestamp,H.Earth,HighPrice,LowPrice,Timestamp,H.Earth,HighPrice,LowPrice
,,,,1926-10-23 12:00,29.537,,,1927-04-20 12:00,209.618,,,1927-10-24 12:00,30.292,,,1928-04-20 12:00,210.36,,,1928-10-23 12:00,30.051,,,1929-04-20 12:00,210.121,,,1929-10-23 12:00,29.811,,,1930-04-20 12:00,209.88,,,1930-10-23 12:00,29.573,,,1931-04-20 12:00,209.653,,,1931-10-24 12:00,30.327,,,1932-04-20 12:00,210.393,,,1932-10-23 12:00,30.086,,,1933-04-20 12:00,210.156,,,1933-10-23 12:00,29.848,,,1934-04-20 12:00,209.924,,,1934-10-23 12:00,29.607,,,1935-04-20 12:00,209.687,,,1935-10-24 12:00,30.359,,
,,,,1926-10-24 12:00,30.533,,,1927-04-21 12:00,210.594,,,1927-10-25 12:00,31.289,,,1928-04-21 12:00,211.336,,,1928-10-24 12:00,31.048,,,1929-04-21 12:00,211.096,,,1929-10-24 12:00,30.808,,,1930-04-21 12:00,210.855,,,1930-10-24 12:00,30.569,,,1931-04-21 12:00,210.629,,,1931-10-25 12:00,31.324,,,1932-04-21 12:00,211.368,,,1932-10-24 12:00,31.083,,,1933-04-21 12:00,211.132,,,1933-10-24 12:00,30.845,,,1934-04-21 12:00,210.9,,,1934-10-24 12:00,30.603,,,1935-04-21 12:00,210.663,,,1935-10-25 12:00,31.357,,
,,,,1926-10-25 12:00,31.529,,,1927-04-22 12:00,211.569,,,1927-10-26 12:00,32.287,,,1928-04-22 12:00,212.311,,,1928-10-25 12:00,32.045,,,1929-04-22 12:00,212.07,,,1929-10-25 12:00,31.805,,,1930-04-22 12:00,211.83,,,1930-10-25 12:00,31.567,,,1931-04-22 12:00,211.605,,,1931-10-26 12:00,32.321,,,1932-04-22 12:00,212.342,,,1932-10-25 12:00,32.081,,,1933-04-22 12:00,212.107,,,1933-10-25 12:00,31.842,,,1934-04-22 12:00,211.875,,,1934-10-25 12:00,31.6,,,1935-04-22 12:00,211.638,,,1935-10-26 12:00,32.354,,
,,,,1926-10-26 12:00,32.527,,,1927-04-23 12:00,212.543,,,1927-10-27 12:00,33.285,,,1928-04-23 12:00,213.286,,,1928-10-26 12:00,33.042,,,1929-04-23 12:00,213.044,,,1929-10-26 12:00,32.802,,,1930-04-23 12:00,212.805,,,1930-10-26 12:00,32.564,,,1931-04-23 12:00,212.58,,,1931-10-27 12:00,33.318,,,1932-04-23 12:00,213.316,,,1932-10-26 12:00,33.079,,,1933-04-23 12:00,213.081,,,1933-10-26 12:00,32.84,,,1934-04-23 12:00,212.849,,,1934-10-26 12:00,32.597,,,1935-04-23 12:00,212.612,,,1935-10-27 12:00,33.353,,
,,,,1926-10-27 12:00,33.525,,,1927-04-24 12:00,213.518,,,1927-10-28 12:00,34.284,,,1928-04-24 12:00,214.26,,,1928-10-27 12:00,34.04,,,1929-04-24 12:00,214.018,,,1929-10-27 12:00,33.801,,,1930-04-24 12:00,213.779,,,1930-10-27 12:00,33.563,,,1931-04-24 12:00,213.554,,,1931-10-28 12:00,34.316,,,1932-04-24 12:00,214.29,,,1932-10-27 12:00,34.077,,,1933-04-24 12:00,214.055,,,1933-10-27 12:00,33.838,,,1934-04-24 12:00,213.823,,,1934-10-27 12:00,33.595,,,1935-04-24 12:00,213.586,,,1935-10-28 12:00,34.352,,
,,,,1926-10-28 12:00,34.523,,,1927-04-25 12:00,214.491,,,1927-10-29 12:00,35.283,,,1928-04-25 12:00,215.233,,,1928-10-28 12:00,35.039,,,1929-04-25 12:00,214.991,,,1929-10-28 12:00,34.8,,,1930-04-25 12:00,214.753,,,1930-10-28 12:00,34.561,,,1931-04-25 12:00,214.527,,,1931-10-29 12:00,35.315,,,1932-04-25 12:00,215.263,,,1932-10-28 12:00,35.077,,,1933-04-25 12:00,215.029,,,1933-10-28 12:00,34.837,,,1934-04-25 12:00,214.796,,,1934-10-28 12:00,34.594,,,1935-04-25 12:00,214.56,,,1935-10-29 12:00,35.351,,
,,,,1926-10-29 12:00,35.522,,,1927-04-26 12:00,215.465,,,1927-10-30 12:00,36.283,,,1928-04-26 12:00,216.206,,,1928-10-29 12:00,36.038,,,1929-04-26 12:00,215.963,,,1929-10-29 12:00,35.799,,,1930-04-26 12:00,215.726,,,1930-10-29 12:00,35.56,,,1931-04-26 12:00,215.5,,,1931-10-30 12:00,36.314,,,1932-04-26 12:00,216.235,,,1932-10-29 12:00,36.076,,,1933-04-26 12:00,216.002,,,1933-10-29 12:00,35.836,,,1934-04-26 12:00,215.769,,,1934-10-29 12:00,35.593,,,1935-04-26 12:00,215.533,,,1935-10-30 12:00,36.351,,
,,,,1926-10-30 12:00,36.522,,,1927-04-27 12:00,216.437,,,1927-10-31 12:00,37.283,,,1928-04-27 12:00,217.178,,,1928-10-30 12:00,37.037,,,1929-04-27 12:00,216.935,,,1929-10-30 12:00,36.8,,,1930-04-27 12:00,216.699,,,1930-10-30 12:00,36.56,,,1931-04-27 12:00,216.473,,,1931-10-31 12:00,37.314,,,1932-04-27 12:00,217.207,,,1932-10-30 12:00,37.077,,,1933-04-27 12:00,216.975,,,1933-10-30 12:00,36.835,,,1934-04-27 12:00,216.741,,,1934-10-30 12:00,36.592,,,1935-04-27 12:00,216.505,,,1935-10-31 12:00,37.351,,
,,,,1926-10-31 12:00,37.522,,,1927-04-28 12:00,217.41,,,1927-11-01 12:00,38.284,,,1928-04-28 12:00,218.15,,,1928-10-31 12:00,38.037,,,1929-04-28 12:00,217.907,,,1929-10-31 12:00,37.8,,,1930-04-28 12:00,217.671,,,1930-10-31 12:00,37.56,,,1931-04-28 12:00,217.445,,,1931-11-01 12:00,38.314,,,1932-04-28 12:00,218.179,,,1932-10-31 12:00,38.078,,,1933-04-28 12:00,217.947,,,1933-10-31 12:00,37.835,,,1934-04-28 12:00,217.713,,,1934-10-31 12:00,37.593,,,1935-04-28 12:00,217.478,,,1935-11-01 12:00,38.352,,
,,,,1926-11-01 12:00,38.523,,,1927-04-29 12:00,218.382,,,1927-11-02 12:00,39.285,,,1928-04-29 12:00,219.121,,,1928-11-01 12:00,39.038,,,1929-04-29 12:00,218.878,,,1929-11-01 12:00,38.801,,,1930-04-29 12:00,218.643,,,1930-11-01 12:00,38.561,,,1931-04-29 12:00,218.416,,,1931-11-02 12:00,39.315,,,1932-04-29 12:00,219.15,,,1932-11-01 12:00,39.079,,,1933-04-29 12:00,218.918,,,1933-11-01 12:00,38.836,,,1934-04-29 12:00,218.684,,,1934-11-01 12:00,38.594,,,1935-04-29 12:00,218.45,,,1935-11-02 12:00,39.353,,
,,,,1926-11-02 12:00,39.525,,,1927-04-30 12:00,219.353,,,1927-11-03 12:00,40.287,,,1928-04-30 12:00,220.091,,,1928-11-02 12:00,40.039,,,1929-04-30 12:00,219.849,,,1929-11-02 12:00,39.803,,,1930-04-30 12:00,219.614,,,1930-11-02 12:00,39.562,,,1931-04-30 12:00,219.387,,,1931-11-03 12:00,40.317,,,1932-04-30 12:00,220.121,,,1932-11-02 12:00,40.081,,,1933-04-30 12:00,219.889,,,1933-11-02 12:00,39.837,,,1934-04-30 12:00,219.654,,,1934-11-02 12:00,39.595,,,1935-04-30 12:00,219.421,,,1935-11-03 12:00,40.355,,
,,,,1926-11-03 12:00,40.527,,,1927-05-01 12:00,220.324,,,1927-11-04 12:00,41.289,,,1928-05-01 12:00,221.061,,,1928-11-03 12:00,41.041,,,1929-05-01 12:00,220.819,,,1929-11-03 12:00,40.805,,,1930-05-01 12:00,220.585,,,1930-11-03 12:00,40.563,,,1931-05-01 12:00,220.357,,,1931-11-04 12:00,41.319,,,1932-05-01 12:00,221.091,,,1932-11-03 12:00,41.083,,,1933-05-01 12:00,220.86,,,1933-11-03 12:00,40.838,,,1934-05-01 12:00,220.625,,,1934-11-03 12:00,40.597,,,1935-05-01 12:00,220.392,,,1935-11-04 12:00,41.357,,
,,,,1926-11-04 12:00,41.529,,,1927-05-02 12:00,221.295,,,1927-11-05 12:00,42.291,,,1928-05-02 12:00,222.031,,,1928-11-04 12:00,42.044,,,1929-05-02 12:00,221.789,,,1929-11-04 12:00,41.808,,,1930-05-02 12:00,221.556,,,1930-11-04 12:00,41.565,,,1931-05-02 12:00,221.326,,,1931-11-05 12:00,42.322,,,1932-05-02 12:00,222.061,,,1932-11-04 12:00,42.086,,,1933-05-02 12:00,221.83,,,1933-11-04 12:00,41.841,,,1934-05-02 12:00,221.594,,,1934-11-04 12:00,41.6,,,1935-05-02 12:00,221.362,,,1935-11-05 12:00,42.36,,
,,,,1926-11-05 12:00,42.532,,,1927-05-03 12:00,222.265,,,1927-11-06 12:00,43.294,,,1928-05-03 12:00,223.0,,,1928-11-05 12:00,43.047,,,1929-05-03 12:00,222.758,,,1929-11-05 12:00,42.811,,,1930-05-03 12:00,222.525,,,1930-11-05 12:00,42.567,,,1931-05-03 12:00,222.296,,,1931-11-06 12:00,43.325,,,1932-05-03 12:00,223.031,,,1932-11-05 12:00,43.089,,,1933-05-03 12:00,222.799,,,1933-11-05 12:00,42.843,,,1934-05-03 12:00,222.564,,,1934-11-05 12:00,42.603,,,1935-05-03 12:00,222.332,,,1935-11-06 12:00,43.363,,
,,,,1926-11-06 12:00,43.536,,,1927-05-04 12:00,223.234,,,1927-11-07 12:00,44.297,,,1928-05-04 12:00,223.968,,,1928-11-06 12:00,44.051,,,1929-05-04 12:00,223.727,,,1929-11-06 12:00,43.815,,,1930-05-04 12:00,223.494,,,1930-11-06 12:00,43.57,,,1931-05-04 12:00,223.264,,,1931-11-07 12:00,44.329,,,1932-05-04 12:00,224.0,,,1932-11-06 12:00,44.093,,,1933-05-04 12:00,223.768,,,1933-11-06 12:00,43.847,,,1934-05-04 12:00,223.532,,,1934-11-06 12:00,43.606,,,1935-05-04 12:00,223.302,,,1935-11-07 12:00,44.366,,
,,,,1926-11-07 12:00,44.54,,,1927-05-05 12:00,224.203,,,1927-11-08 12:00,45.301,,,1928-05-05 12:00,224.936,,,1928-11-07 12:00,45.055,,,1929-05-05 12:00,224.696,,,1929-11-07 12:00,44.819,,,1930-05-05 12:00,224.463,,,1930-11-07 12:00,44.573,,,1931-05-05 12:00,224.233,,,1931-11-08 12:00,45.334,,,1932-05-05 12:00,224.969,,,1932-11-07 12:00,45.097,,,1933-05-05 12:00,224.736,,,1933-11-07 12:00,44.85,,,1934-05-05 12:00,224.501,,,1934-11-07 12:00,44.61,,,1935-05-05 12:00,224.271,,,1935-11-08 12:00,45.37,,
,,,,1926-11-08 12:00,45.545,,,1927-05-06 12:00,225.172,,,1927-11-09 12:00,46.305,,,1928-05-06 12:00,225.904,,,1928-11-08 12:00,46.06,,,1929-05-06 12:00,225.664,,,1929-11-08 12:00,45.824,,,1930-05-06 12:00,225.431,,,1930-11-08 12:00,45.577,,,1931-05-06 12:00,225.201,,,1931-11-09 12:00,46.339,,,1932-05-06 12:00,225.937,,,1932-11-08 12:00,46.101,,,1933-05-06 12:00,225.703,,,1933-11-08 12:00,45.855,,,1934-05-06 12:00,225.469,,,1934-11-08 12:00,45.615,,,1935-05-06 12:00,225.24,,,1935-11-09 12:00,46.374,,
,,,,1926-11-09 12:00,46.55,,,1927-05-07 12:00,226.14,,,1927-11-10 12:00,47.31,,,1928-05-07 12:00,226.871,,,1928-11-09 12:00,47.065,,,1929-05-07 12:00,226.632,,,1929-11-09 12:00,46.829,,,1930-05-07 12:00,226.399,,,1930-11-09 12:00,46.582,,,1931-05-07 12:00,226.168,,,1931-11-10 12:00,47.344,,,1932-05-07 12:00,226.904,,,1932-11-09 12:00,47.106,,,1933-05-07 12:00,226.67,,,1933-11-09 12:00,46.859,,,1934-05-07 12:00,226.437,,,1934-11-09 12:00,46.62,,,1935-05-07 12:00,226.208,,,1935-11-10 12:00,47.379,,
,,,,1926-11-10 12:00,47.555,,,1927-05-08 12:00,227.107,,,1927-11-11 12:00,48.315,,,1928-05-08 12:00,227.837,,,1928-11-10 12:00,48.071,,,1929-05-08 12:00,227.6,,,1929-11-10 12:00,47.834,,,1930-05-08 12:00,227.366,,,1930-11-10 12:00,47.587,,,1931-05-08 12:00,227.136,,,1931-11-11 12:00,48.35,,,1932-05-08 12:00,227.872,,,1932-11-10 12:00,48.111,,,1933-05-08 12:00,227.637,,,1933-11-10 12:00,47.865,,,1934-05-08 12:00,227.404,,,1934-11-10 12:00,47.626,,,1935-05-08 12:00,227.175,,,1935-11-11 12:00,48.384,,
,,,,1926-11-11 12:00,48.561,,,1927-05-09 12:00,228.074,,,1927-11-12 12:00,49.321,,,1928-05-09 12:00,228.804,,,1928-11-11 12:00,49.077,,,1929-05-09 12:00,228.567,,,1929-11-11 12:00,48.84,,,1930-05-09 12:00,228.332,,,1930-11-11 12:00,48.592,,,1931-05-09 12:00,228.102,,,1931-11-12 12:00,49.357,,,1932-05-09 12:00,228.838,,,1932-11-11 12:00,49.117,,,1933-05-09 12:00,228.603,,,1933-11-11 12:00,48.871,,,1934-05-09 12:00,228.371,,,1934-11-11 12:00,48.632,,,1935-05-09 12:00,228.142,,,1935-11-12 12:00,49.39,,
,,,,1926-11-12 12:00,49.567,,,1927-05-10 12:00,229.04,,,1927-11-13 12:00,50.327,,,1928-05-10 12:00,229.77,,,1928-11-12 12:00,50.084,,,1929-05-10 12:00,229.533,,,1929-11-12 12:00,49.846,,,1930-05-10 12:00,229.298,,,1930-11-12 12:00,49.598,,,1931-05-10 12:00,229.069,,,1931-11-13 12:00,50.363,,,1932-05-10 12:00,229.805,,,1932-11-12 12:00,50.123,,,1933-05-10 12:00,229.569,,,1933-11-12 12:00,49.877,,,1934-05-10 12:00,229.338,,,1934-11-12 12:00,49.638,,,1935-05-10 12:00,229.109,,,1935-11-13 12:00,50.396,,
,,,,1926-11-13 12:00,50.574,,,1927-05-11 12:00,230.006,,,1927-11-14 12:00,51.334,,,1928-05-11 12:00,230.735,,,1928-11-13 12:00,51.091,,,1929-05-11 12:00,230.499,,,1929-11-13 12:00,50.852,,,1930-05-11 12:00,230.263,,,1930-11-13 12:00,50.605,,,1931-05-11 12:00,230.035,,,1931-11-14 12:00,51.371,,,1932-05-11 12:00,230.771,,,1932-11-13 12:00,51.129,,,1933-05-11 12:00,230.534,,,1933-11-13 12:00,50.884,,,1934-05-11 12:00,230.304,,,1934-11-13 12:00,50.645,,,1935-05-11 12:00,230.075,,,1935-11-14 12:00,51.403,,
,,,,1926-11-14 12:00,51.58,,,1927-05-12 12:00,230.971,,,1927-11-15 12:00,52.341,,,1928-05-12 12:00,231.7,,,1928-11-14 12:00,52.099,,,1929-05-12 12:00,231.465,,,1929-11-14 12:00,51.859,,,1930-05-12 12:00,231.228,,,1930-11-14 12:00,51.612,,,1931-05-12 12:00,231.001,,,1931-11-15 12:00,52.378,,,1932-05-12 12:00,231.736,,,1932-11-14 12:00,52.136,,,1933-05-12 12:00,231.499,,,1933-11-14 12:00,51.892,,,1934-05-12 12:00,231.269,,,1934-11-14 12:00,51.652,,,1935-05-12 12:00,231.04,,,1935-11-15 12:00,52.41,,
,,,,1926-11-15 12:00,52.588,,,1927-05-13 12:00,231.936,,,1927-11-16 12:00,53.349,,,1928-05-13 12:00,232.665,,,1928-11-15 12:00,53.107,,,1929-05-13 12:00,232.43,,,1929-11-15 12:00,52.866,,,1930-05-13 12:00,232.193,,,1930-11-15 12:00,52.62,,,1931-05-13 12:00,231.966,,,1931-11-16 12:00,53.386,,,1932-05-13 12:00,232.701,,,1932-11-15 12:00,53.144,,,1933-05-13 12:00,232.464,,,1933-11-15 12:00,52.9,,,1934-05-13 12:00,232.235,,,1934-11-15 12:00,52.659,,,1935-05-13 12:00,232.005,,,1935-11-16 12:00,53.418,,
,,,,1926-11-16 12:00,53.595,,,1927-05-14 12:00,232.9,,,1927-11-17 12:00,54.357,,,1928-05-14 12:00,233.63,,,1928-11-16 12:00,54.116,,,1929-05-14 12:00,233.395,,,1929-11-16 12:00,53.874,,,1930-05-14 12:00,233.157,,,1930-11-16 12:00,53.628,,,1931-05-14 12:00,232.931,,,1931-11-17 12:00,54.395,,,1932-05-14 12:00,233.665,,,1932-11-16 12:00,54.152,,,1933-05-14 12:00,233.428,,,1933-11-16 12:00,53.908,,,1934-05-14 12:00,233.2,,,1934-11-16 12:00,53.667,,,1935-05-14 12:00,232.969,,,1935-11-17 12:00,54.427,,
,,,,1926-11-17 12:00,54.603,,,1927-05-15 12:00,233.864,,,1927-11-18 12:00,55.366,,,1928-05-15 12:00,234.594,,,1928-11-17 12:00,55.124,,,1929-05-15 12:00,234.359,,,1929-11-17 12:00,54.882,,,1930-05-15 12:00,234.121,,,1930-11-17 12:00,54.636,,,1931-05-15 12:00,233.895,,,1931-11-18 12:00,55.403,,,1932-05-15 12:00,234.629,,,1932-11-17 12:00,55.16,,,1933-05-15 12:00,234.392,,,1933-11-17 12:00,54.917,,,1934-05-15 12:00,234.164,,,1934-11-17 12:00,54.675,,,1935-05-15 12:00,233.933,,,1935-11-18 12:00,55.435,,
,,,,1926-11-18 12:00,55.612,,,1927-05-16 12:00,234.828,,,1927-11-19 12:00,56.375,,,1928-05-16 12:00,235.558,,,1928-11-18 12:00,56.134,,,1929-05-16 12:00,235.323,,,1929-11-18 12:00,55.891,,,1930-05-16 12:00,235.085,,,1930-11-18 12:00,55.646,,,1931-05-16 12:00,234.86,,,1931-11-19 12:00,56.412,,,1932-05-16 12:00,235.592,,,1932-11-18 12:00,56.169,,,1933-05-16 12:00,235.355,,,1933-11-18 12:00,55.927,,,1934-05-16 12:00,235.128,,,1934-11-18 12:00,55.684,,,1935-05-16 12:00,234.897,,,1935-11-19 12:00,56.445,,
,,,,1926-11-19 12:00,56.621,,,1927-05-17 12:00,235.791,,,1927-11-20 12:00,57.385,,,1928-05-17 12:00,236.521,,,1928-11-19 12:00,57.143,,,1929-05-17 12:00,236.286,,,1929-11-19 12:00,56.9,,,1930-05-17 12:00,236.048,,,1930-11-19 12:00,56.655,,,1931-05-17 12:00,235.823,,,1931-11-20 12:00,57.421,,,1932-05-17 12:00,236.555,,,1932-11-19 12:00,57.178,,,1933-05-17 12:00,236.318,,,1933-11-19 12:00,56.937,,,1934-05-17 12:00,236.092,,,1934-11-19 12:00,56.693,,,1935-05-17 12:00,235.86,,,1935-11-20 12:00,57.454,,
,,,,1926-11-20 12:00,57.63,,,1927-05-18 12:00,236.754,,,1927-11-21 12:00,58.395,,,1928-05-18 12:00,237.484,,,1928-11-20 12:00,58.153,,,1929-05-18 12:00,237.249,,,1929-11-20 12:00,57.909,,,1930-05-18 12:00,237.011,,,1930-11-20 12:00,57.665,,,1931-05-18 12:00,236.787,,,1931-11-21 12:00,58.431,,,1932-05-18 12:00,237.517,,,1932-11-20 12:00,58.188,,,1933-05-18 12:00,237.281,,,1933-11-20 12:00,57.947,,,1934-05-18 12:00,237.055,,,1934-11-20 12:00,57.702,,,1935-05-18 12:00,236.823,,,1935-11-21 12:00,58.465,,
,,,,1926-11-21 12:00,58.639,,,1927-05-19 12:00,237.716,,,1927-11-22 12:00,59.406,,,1928-05-19 12:00,238.447,,,1928-11-21 12:00,59.164,,,1929-05-19 12:00,238.211,,,1929-11-21 12:00,58.919,,,1930-05-19 12:00,237.973,,,1930-11-21 12:00,58.676,,,1931-05-19 12:00,237.75,,,1931-11-22 12:00,59.441,,,1932-05-19 12:00,238.479,,,1932-11-21 12:00,59.199,,,1933-05-19 12:00,238.244,,,1933-11-21 12:00,58.957,,,1934-05-19 12:00,238.018,,,1934-11-21 12:00,58.712,,,1935-05-19 12:00,237.785,,,1935-11-22 12:00,59.475,,
,,,,1926-11-22 12:00,59.65,,,1927-05-20 12:00,238.678,,,1927-11-23 12:00,60.417,,,1928-05-20 12:00,239.409,,,1928-11-22 12:00,60.174,,,1929-05-20 12:00,239.173,,,1929-11-22 12:00,59.93,,,1930-05-20 12:00,238.936,,,1930-11-22 12:00,59.687,,,1931-05-20 12:00,238.712,,,1931-11-23 12:00,60.452,,,1932-05-20 12:00,239.44,,,1932-11-22 12:00,60.209,,,1933-05-20 12:00,239.206,,,1933-11-22 12:00,59.968,,,1934-05-20 12:00,238.98,,,1934-11-22 12:00,59.722,,,1935-05-20 12:00,238.747,,,1935-11-23 12:00,60.487,,
,,,,1926-11-23 12:00,60.66,,,1927-05-21 12:00,239.64,,,1927-11-24 12:00,61.429,,,1928-05-21 12:00,240.371,,,1928-11-23 12:00,61.185,,,1929-05-21 12:00,240.134,,,1929-11-23 12:00,60.941,,,1930-05-21 12:00,239.897,,,1930-11-23 12:00,60.698,,,1931-05-21 12:00,239.675,,,1931-11-24 12:00,61.462,,,1932-05-21 12:00,240.402,,,1932-11-23 12:00,61.221,,,1933-05-21 12:00,240.168,,,1933-11-23 12:00,60.979,,,1934-05-21 12:00,239.942,,,1934-11-23 12:00,60.733,,,1935-05-21 12:00,239.709,,,1935-11-24 12:00,61.498,,
,,,,1926-11-24 12:00,61.671,,,1927-05-22 12:00,240.601,,,1927-11-25 12:00,62.441,,,1928-05-22 12:00,241.333,,,1928-11-24 12:00,62.196,,,1929-05-22 12:00,241.095,,,1929-11-24 12:00,61.952,,,1930-05-22 12:00,240.859,,,1930-11-24 12:00,61.709,,,1931-05-22 12:00,240.637,,,1931-11-25 12:00,62.474,,,1932-05-22 12:00,241.363,,,1932-11-24 12:00,62.232,,,1933-05-22 12:00,241.13,,,1933-11-24 12:00,61.991,,,1934-05-22 12:00,240.904,,,1934-11-24 12:00,61.744,,,1935-05-22 12:00,240.67,,,1935-11-25 12:00,62.51,,
,,,,1926-11-25 12:00,62.683,,,1927-05-23 12:00,241.562,,,1927-11-26 12:00,63.453,,,1928-05-23 12:00,242.294,,,1928-11-25 12:00,63.208,,,1929-05-23 12:00,242.056,,,1929-11-25 12:00,62.964,,,1930-05-23 12:00,241.82,,,1930-11-25 12:00,62.721,,,1931-05-23 12:00,241.598,,,1931-11-26 12:00,63.485,,,1932-05-23 12:00,242.323,,,1932-11-25 12:00,63.245,,,1933-05-23 12:00,242.091,,,1933-11-25 12:00,63.003,,,1934-05-23 12:00,241.865,,,1934-11-25 12:00,62.755,,,1935-05-23 12:00,241.631,,,1935-11-26 12:00,63.523,,
,,,,1926-11-26 12:00,63.695,,,1927-05-24 12:00,242.523,,,1927-11-27 12:00,64.466,,,1928-05-24 12:00,243.255,,,1928-11-26 12:00,64.219,,,1929-05-24 12:00,243.016,,,1929-11-26 12:00,63.976,,,1930-05-24 12:00,242.781,,,1930-11-26 12:00,63.734,,,1931-05-24 12:00,242.559,,,1931-11-27 12:00,64.497,,,1932-05-24 12:00,243.284,,,1932-11-26 12:00,64.257,,,1933-05-24 12:00,243.052,,,1933-11-26 12:00,64.015,,,1934-05-24 12:00,242.825,,,1934-11-26 12:00,63.767,,,1935-05-24 12:00,242.592,,,1935-11-27 12:00,64.535,,
,,,,1926-11-27 12:00,64.707,,,1927-05-25 12:00,243.484,,,1927-11-28 12:00,65.479,,,1928-05-25 12:00,244.215,,,1928-11-27 12:00,65.232,,,1929-05-25 12:00,243.976,,,1929-11-27 12:00,64.989,,,1930-05-25 12:00,243.742,,,1930-11-27 12:00,64.746,,,1931-05-25 12:00,243.519,,,1931-11-28 12:00,65.51,,,1932-05-25 12:00,244.244,,,1932-11-27 12:00,65.27,,,1933-05-25 12:00,244.013,,,1933-11-27 12:00,65.027,,,1934-05-25 12:00,243.785,,,1934-11-27 12:00,64.779,,,1935-05-25 12:00,243.552,,,1935-11-28 12:00,65.549,,
,,,,1926-11-28 12:00,65.72,,,1927-05-26 12:00,244.444,,,1927-11-29 12:00,66.492,,,1928-05-26 12:00,245.175,,,1928-11-28 12:00,66.244,,,1929-05-26 12:00,244.936,,,1929-11-28 12:00,66.002,,,1930-05-26 12:00,244.703,,,1930-11-28 12:00,65.759,,,1931-05-26 12:00,244.479,,,1931-11-29 12:00,66.522,,,1932-05-26 12:00,245.203,,,1932-11-28 12:00,66.284,,,1933-05-26 12:00,244.973,,,1933-11-28 12:00,66.04,,,1934-05-26 12:00,244.745,,,1934-11-28 12:00,65.792,,,1935-05-26 12:00,244.513,,,1935-11-29 12:00,66.562,,
,,,,1926-11-29 12:00,66.733,,,1927-05-27 12:00,245.404,,,1927-11-30 12:00,67.506,,,1928-05-27 12:00,246.135,,,1928-11-29 12:00,67.257,,,1929-05-27 12:00,245.895,,,1929-11-29 12:00,67.016,,,1930-05-27 12:00,245.663,,,1930-11-29 12:00,66.772,,,1931-05-27 12:00,245.439,,,1931-11-30 12:00,67.536,,,1932-05-27 12:00,246.163,,,1932-11-29 12:00,67.297,,,1933-05-27 12:00,245.933,,,1933-11-29 12:00,67.052,,,1934-05-27 12:00,245.704,,,1934-11-29 12:00,66.805,,,1935-05-27 12:00,245.473,,,1935-11-30 12:00,67.576,,
,,,,1926-11-30 12:00,67.746,,,1927-05-28 12:00,246.364,,,1927-12-01 12:00,68.519,,,1928-05-28 12:00,247.094,,,1928-11-30 12:00,68.271,,,1929-05-28 12:00,246.855,,,1929-11-30 12:00,68.03,,,1930-05-28 12:00,246.623,,,1930-11-30 12:00,67.785,,,1931-05-28 12:00,246.398,,,1931-12-01 12:00,68.549,,,1932-05-28 12:00,247.122,,,1932-11-30 12:00,68.311,,,1933-05-28 12:00,246.892,,,1933-11-30 12:00,68.066,,,1934-05-28 12:00,246.664,,,1934-11-30 12:00,67.818,,,1935-05-28 12:00,246.432,,,1935-12-01 12:00,68.59,,
,,,,1926-12-01 12:00,68.76,,,1927-05-29 12:00,247.324,,,1927-12-02 12:00,69.533,,,1928-05-29 12:00,248.053,,,1928-12-01 12:00,69.284,,,1929-05-29 12:00,247.814,,,1929-12-01 12:00,69.044,,,1930-05-29 12:00,247.582,,,1930-12-01 12:00,68.798,,,1931-05-29 12:00,247.357,,,1931-12-02 12:00,69.563,,,1932-05-29 12:00,248.081,,,1932-12-01 12:00,69.326,,,1933-05-29 12:00,247.852,,,1933-12-01 12:00,69.079,,,1934-05-29 12:00,247.622,,,1934-12-01 12:00,68.832,,,1935-05-29 12:00,247.392,,,1935-12-02 12:00,69.604,,
,,,,1926-12-02 12:00,69.775,,,1927-05-30 12:00,248.283,,,1927-12-03 12:00,70.547,,,1928-05-30 12:00,249.011,,,1928-12-02 12:00,70.299,,,1929-05-30 12:00,248.772,,,1929-12-02 12:00,70.059,,,1930-05-30 12:00,248.541,,,1930-12-02 12:00,69.812,,,1931-05-30 12:00,248.315,,,1931-12-03 12:00,70.577,,,1932-05-30 12:00,249.04,,,1932-12-02 12:00,70.34,,,1933-05-30 12:00,248.81,,,1933-12-02 12:00,70.093,,,1934-05-30 12:00,248.581,,,1934-12-02 12:00,69.847,,,1935-05-30 12:00,248.351,,,1935-12-03 12:00,70.618,,
,,,,1926-12-03 12:00,70.789,,,1927-05-31 12:00,249.242,,,1927-12-04 12:00,71.562,,,1928-05-31 12:00,249.969,,,1928-12-03 12:00,71.313,,,1929-05-31 12:00,249.731,,,1929-12-03 12:00,71.073,,,1930-05-31 12:00,249.5,,,1930-12-03 12:00,70.826,,,1931-05-31 12:00,249.274,,,1931-12-04 12:00,71.592,,,1932-05-31 12:00,249.999,,,1932-12-03 12:00,71.355,,,1933-05-31 12:00,249.769,,,1933-12-03 12:00,71.107,,,1934-05-31 12:00,249.539,,,1934-12-03 12:00,70.861,,,1935-05-31 12:00,249.31,,,1935-12-04 12:00,71.633,,
,,,,1926-12-04 12:00,71.805,,,1927-06-01 12:00,250.201,,,1927-12-05 12:00,72.576,,,1928-06-01 12:00,250.927,,,1928-12-04 12:00,72.328,,,1929-06-01 12:00,250.689,,,1929-12-04 12:00,72.089,,,1930-06-01 12:00,250.459,,,1930-12-04 12:00,71.841,,,1931-06-01 12:00,250.232,,,1931-12-05 12:00,72.607,,,1932-06-01 12:00,250.957,,,1932-12-04 12:00,72.37,,,1933-06-01 12:00,250.727,,,1933-12-04 12:00,72.122,,,1934-06-01 12:00,250.497,,,1934-12-04 12:00,71.876,,,1935-06-01 12:00,250.269,,,1935-12-05 12:00,72.648,,
,,,,1926-12-05 12:00,72.82,,,1927-06-02 12:00,251.159,,,1927-12-06 12:00,73.591,,,1928-06-02 12:00,251.884,,,1928-12-05 12:00,73.343,,,1929-06-02 12:00,251.647,,,1929-12-05 12:00,73.104,,,1930-06-02 12:00,251.417,,,1930-12-05 12:00,72.855,,,1931-06-02 12:00,251.189,,,1931-12-06 12:00,73.623,,,1932-06-02 12:00,251.915,,,1932-12-05 12:00,73.385,,,1933-06-02 12:00,251.685,,,1933-12-05 12:00,73.137,,,1934-06-02 12:00,251.455,,,1934-12-05 12:00,72.892,,,1935-06-02 12:00,251.227,,,1935-12-06 12:00,73.663,,
,,,,1926-12-06 12:00,73.836,,,1927-06-03 12:00,252.117,,,1927-12-07 12:00,74.606,,,1928-06-03 12:00,252.842,,,1928-12-06 12:00,74.359,,,1929-06-03 12:00,252.605,,,1929-12-06 12:00,74.12,,,1930-06-03 12:00,252.375,,,1930-12-06 12:00,73.87,,,1931-06-03 12:00,252.147,,,1931-12-07 12:00,74.639,,,1932-06-03 12:00,252.873,,,1932-12-06 12:00,74.4,,,1933-06-03 12:00,252.642,,,1933-12-06 12:00,74.152,,,1934-06-03 12:00,252.412,,,1934-12-06 12:00,73.908,,,1935-06-03 12:00,252.185,,,1935-12-07 12:00,74.678,,
,,,,1926-12-07 12:00,74.852,,,1927-06-04 12:00,253.075,,,1927-12-08 12:00,75.622,,,1928-06-04 12:00,253.798,,,1928-12-07 12:00,75.375,,,1929-06-04 12:00,253.562,,,1929-12-07 12:00,75.135,,,1930-06-04 12:00,253.332,,,1930-12-07 12:00,74.885,,,1931-06-04 12:00,253.104,,,1931-12-08 12:00,75.655,,,1932-06-04 12:00,253.83,,,1932-12-07 12:00,75.416,,,1933-06-04 12:00,253.599,,,1933-12-07 12:00,75.167,,,1934-06-04 12:00,253.37,,,1934-12-07 12:00,74.924,,,1935-06-04 12:00,253.143,,,1935-12-08 12:00,75.694,,
,,,,1926-12-08 12:00,75.868,,,1927-06-05 12:00,254.032,,,1927-12-09 12:00,76.638,,,1928-06-05 12:00,254.755,,,1928-12-08 12:00,76.391,,,1929-06-05 12:00,254.52,,,1929-12-08 12:00,76.151,,,1930-06-05 12:00,254.289,,,1930-12-08 12:00,75.901,,,1931-06-05 12:00,254.061,,,1931-12-09 12:00,76.671,,,1932-06-05 12:00,254.788,,,1932-12-08 12:00,76.432,,,1933-06-05 12:00,254.556,,,1933-12-08 12:00,76.183,,,1934-06-05 12:00,254.327,,,1934-12-08 12:00,75.94,,,1935-06-05 12:00,254.101,,,1935-12-09 12:00,76.709,,
,,,,1926-12-09 12:00,76.884,,,1927-06-06 12:00,254.989,,,1927-12-10 12:00,77.654,,,1928-06-06 12:00,255.712,,,1928-12-09 12:00,77.407,,,1929-06-06 12:00,255.477,,,1929-12-09 12:00,77.167,,,1930-06-06 12:00,255.246,,,1930-12-09 12:00,76.917,,,1931-06-06 12:00,255.018,,,1931-12-10 12:00,77.688,,,1932-06-06 12:00,255.745,,,1932-12-09 12:00,77.448,,,1933-06-06 12:00,255.512,,,1933-12-09 12:00,77.199,,,1934-06-06 12:00,255.284,,,1934-12-09 12:00,76.956,,,1935-06-06 12:00,255.058,,,1935-12-10 12:00,77.725,,
,,,,1926-12-10 12:00,77.9,,,1927-06-07 12:00,255.946,,,1927-12-11 12:00,78.67,,,1928-06-07 12:00,256.668,,,1928-12-10 12:00,78.424,,,1929-06-07 12:00,256.434,,,1929-12-10 12:00,78.184,,,1930-06-07 12:00,256.203,,,1930-12-10 12:00,77.933,,,1931-06-07 12:00,255.974,,,1931-12-11 12:00,78.705,,,1932-06-07 12:00,256.702,,,1932-12-10 12:00,78.464,,,1933-06-07 12:00,256.468,,,1933-12-10 12:00,78.216,,,1934-06-07 12:00,256.241,,,1934-12-10 12:00,77.973,,,1935-06-07 12:00,256.015,,,1935-12-11 12:00,78.742,,
,,,,1926-12-11 12:00,78.917,,,1927-06-08 12:00,256.902,,,1927-12-12 12:00,79.686,,,1928-06-08 12:00,257.624,,,1928-12-11 12:00,79.441,,,1929-06-08 12:00,257.391,,,1929-12-11 12:00,79.2,,,1930-06-08 12:00,257.159,,,1930-12-11 12:00,78.949,,,1931-06-08 12:00,256.931,,,1931-12-12 12:00,79.722,,,1932-06-08 12:00,257.658,,,1932-12-11 12:00,79.48,,,1933-06-08 12:00,257.424,,,1933-12-11 12:00,79.232,,,1934-06-08 12:00,257.197,,,1934-12-11 12:00,78.99,,,1935-06-08 12:00,256.971,,,1935-12-12 12:00,79.758,,
,,,,1926-12-12 12:00,79.934,,,1927-06-09 12:00,257.858,,,1927-12-13 12:00,80.703,,,1928-06-09 12:00,258.58,,,1928-12-12 12:00,80.459,,,1929-06-09 12:00,258.348,,,1929-12-12 12:00,80.217,,,1930-06-09 12:00,258.115,,,1930-12-12 12:00,79.966,,,1931-06-09 12:00,257.887,,,1931-12-13 12:00,80.739,,,1932-06-09 12:00,258.614,,,1932-12-12 12:00,80.497,,,1933-06-09 12:00,258.38,,,1933-12-12 12:00,80.249,,,1934-06-09 12:00,258.154,,,1934-12-12 12:00,80.007,,,1935-06-09 12:00,257.927,,,1935-12-13 12:00,80.775,,
,,,,1926-12-13 12:00,80.951,,,1927-06-10 12:00,258.814,,,1927-12-14 12:00,81.72,,,1928-06-10 12:00,259.536,,,1928-12-13 12:00,81.476,,,1929-06-10 12:00,259.304,,,1929-12-13 12:00,81.234,,,1930-06-10 12:00,259.07,,,1930-12-13 12:00,80.983,,,1931-06-10 12:00,258.843,,,1931-12-14 12:00,81.757,,,1932-06-10 12:00,259.57,,,1932-12-13 12:00,81.514,,,1933-06-10 12:00,259.336,,,1933-12-13 12:00,81.267,,,1934-06-10 12:00,259.11,,,1934-12-13 12:00,81.024,,,1935-06-10 12:00,258.883,,,1935-12-14 12:00,81.792,,
,,,,1926-12-14 12:00,81.968,,,1927-06-11 12:00,259.77,,,1927-12-15 12:00,82.737,,,1928-06-11 12:00,260.491,,,1928-12-14 12:00,82.494,,,1929-06-11 12:00,260.26,,,1929-12-14 12:00,82.251,,,1930-06-11 12:00,260.026,,,1930-12-14 12:00,82.0,,,1931-06-11 12:00,259.799,,,1931-12-15 12:00,82.774,,,1932-06-11 12:00,260.526,,,1932-12-14 12:00,82.531,,,1933-06-11 12:00,260.291,,,1933-12-14 12:00,82.284,,,1934-06-11 12:00,260.066,,,1934-12-14 12:00,82.041,,,1935-06-11 12:00,259.839,,,1935-12-15 12:00,82.809,,
,,,,1926-12-15 12:00,82.985,,,1927-06-12 12:00,260.725,,,1927-12-16 12:00,83.755,,,1928-06-12 12:00,261.447,,,1928-12-15 12:00,83.512,,,1929-06-12 12:00,261.216,,,1929-12-15 12:00,83.268,,,1930-06-12 12:00,260.981,,,1930-12-15 12:00,83.018,,,1931-06-12 12:00,260.755,,,1931-12-16 12:00,83.792,,,1932-06-12 12:00,261.481,,,1932-12-15 12:00,83.548,,,1933-06-12 12:00,261.246,,,1933-12-15 12:00,83.302,,,1934-06-12 12:00,261.022,,,1934-12-15 12:00,83.058,,,1935-06-12 12:00,260.794,,,1935-12-16 12:00,83.827,,
,,,,1926-12-16 12:00,84.002,,,1927-06-13 12:00,261.68,,,1927-12-17 12:00,84.773,,,1928-06-13 12:00,262.402,,,1928-12-16 12:00,84.53,,,1929-06-13 12:00,262.171,,,1929-12-16 12:00,84.285,,,1930-06-13 12:00,261.936,,,1930-12-16 12:00,84.036,,,1931-06-13 12:00,261.711,,,1931-12-17 12:00,84.81,,,1932-06-13 12:00,262.436,,,1932-12-16 12:00,84.566,,,1933-06-13 12:00,262.201,,,1933-12-16 12:00,84.32,,,1934-06-13 12:00,261.978,,,1934-12-16 12:00,84.076,,,1935-06-13 12:00,261.749,,,1935-12-17 12:00,84.845,,
,,,,1926-12-17 12:00,85.02,,,1927-06-14 12:00,262.635,,,1927-12-18 12:00,85.791,,,1928-06-14 12:00,263.357,,,1928-12-17 12:00,85.548,,,1929-06-14 12:00,263.126,,,1929-12-17 12:00,85.303,,,1930-06-14 12:00,262.891,,,1930-12-17 12:00,85.054,,,1931-06-14 12:00,262.666,,,1931-12-18 12:00,85.828,,,1932-06-14 12:00,263.391,,,1932-12-17 12:00,85.583,,,1933-06-14 12:00,263.156,,,1933-12-17 12:00,85.339,,,1934-06-14 12:00,262.934,,,1934-12-17 12:00,85.093,,,1935-06-14 12:00,262.704,,,1935-12-18 12:00,85.863,,
,,,,1926-12-18 12:00,86.037,,,1927-06-15 12:00,263.59,,,1927-12-19 12:00,86.809,,,1928-06-15 12:00,264.313,,,1928-12-18 12:00,86.566,,,1929-06-15 12:00,264.081,,,1929-12-18 12:00,86.32,,,1930-06-15 12:00,263.846,,,1930-12-18 12:00,86.073,,,1931-06-15 12:00,263.622,,,1931-12-19 12:00,86.846,,,1932-06-15 12:00,264.346,,,1932-12-18 12:00,86.601,,,1933-06-15 12:00,264.111,,,1933-12-18 12:00,86.357,,,1934-06-15 12:00,263.889,,,1934-12-18 12:00,86.111,,,1935-06-15 12:00,263.659,,,1935-12-19 12:00,86.881,,
,,,,1926-12-19 12:00,87.055,,,1927-06-16 12:00,264.544,,,1927-12-20 12:00,87.828,,,1928-06-16 12:00,265.268,,,1928-12-19 12:00,87.585,,,1929-06-16 12:00,265.036,,,1929-12-19 12:00,87.338,,,1930-06-16 12:00,264.801,,,1930-12-19 12:00,87.091,,,1931-06-16 12:00,264.577,,,1931-12-20 12:00,87.864,,,1932-06-16 12:00,265.3,,,1932-12-19 12:00,87.619,,,1933-06-16 12:00,265.066,,,1933-12-19 12:00,87.376,,,1934-06-16 12:00,264.844,,,1934-12-19 12:00,87.129,,,1935-06-16 12:00,264.614,,,1935-12-20 12:00,87.899,,
,,,,1926-12-20 12:00,88.073,,,1927-06-17 12:00,265.499,,,1927-12-21 12:00,88.846,,,1928-06-17 12:00,266.223,,,1928-12-20 12:00,88.603,,,1929-06-17 12:00,265.99,,,1929-12-20 12:00,88.356,,,1930-06-17 12:00,265.755,,,1930-12-20 12:00,88.11,,,1931-06-17 12:00,265.532,,,1931-12-21 12:00,88.882,,,1932-06-17 12:00,266.255,,,1932-12-20 12:00,88.638,,,1933-06-17 12:00,266.021,,,1933-12-20 12:00,88.395,,,1934-06-17 12:00,265.799,,,1934-12-20 12:00,88.147,,,1935-06-17 12:00,265.568,,,1935-12-21 12:00,88.918,,
,,,,1926-12-21 12:00,89.091,,,1927-06-18 12:00,266.453,,,1927-12-22 12:00,89.865,,,1928-06-18 12:00,267.178,,,1928-12-21 12:00,89.621,,,1929-06-18 12:00,266.945,,,1929-12-21 12:00,89.374,,,1930-06-18 12:00,266.71,,,1930-12-21 12:00,89.129,,,1931-06-18 12:00,266.487,,,1931-12-22 12:00,89.9,,,1932-06-18 12:00,267.209,,,1932-12-21 12:00,89.656,,,1933-06-18 12:00,266.975,,,1933-12-21 12:00,89.413,,,1934-06-18 12:00,266.753,,,1934-12-21 12:00,89.165,,,1935-06-18 12:00,266.522,,,1935-12-22 12:00,89.937,,
,,,,1926-12-22 12:00,90.11,,,1927-06-19 12:00,267.407,,,1927-12-23 12:00,90.884,,,1928-06-19 12:00,268.132,,,1928-12-22 12:00,90.64,,,1929-06-19 12:00,267.899,,,1929-12-22 12:00,90.393,,,1930-06-19 12:00,267.664,,,1930-12-22 12:00,90.148,,,1931-06-19 12:00,267.442,,,1931-12-23 12:00,90.918,,,1932-06-19 12:00,268.163,,,1932-12-22 12:00,90.675,,,1933-06-19 12:00,267.93,,,1933-12-22 12:00,90.432,,,1934-06-19 12:00,267.708,,,1934-12-22 12:00,90.183,,,1935-06-19 12:00,267.476,,,1935-12-23 12:00,90.956,,
,,,,1926-12-23 12:00,91.128,,,1927-06-20 12:00,268.361,,,1927-12-24 12:00,91.904,,,1928-06-20 12:00,269.087,,,1928-12-23 12:00,91.658,,,1929-06-20 12:00,268.853,,,1929-12-23 12:00,91.412,,,1930-06-20 12:00,268.619,,,1930-12-23 12:00,91.167,,,1931-06-20 12:00,268.397,,,1931-12-24 12:00,91.937,,,1932-06-20 12:00,269.116,,,1932-12-23 12:00,91.694,,,1933-06-20 12:00,268.884,,,1933-12-23 12:00,91.451,,,1934-06-20 12:00,268.662,,,1934-12-23 12:00,91.201,,,1935-06-20 12:00,268.43,,,1935-12-24 12:00,91.976,,
,,,,1926-12-24 12:00,92.147,,,1927-06-21 12:00,269.315,,,1927-12-25 12:00,92.923,,,1928-06-21 12:00,270.041,,,1928-12-24 12:00,92.677,,,1929-06-21 12:00,269.807,,,1929-12-24 12:00,92.43,,,1930-06-21 12:00,269.573,,,1930-12-24 12:00,92.186,,,1931-06-21 12:00,269.351,,,1931-12-25 12:00,92.955,,,1932-06-21 12:00,270.07,,,1932-12-24 12:00,92.713,,,1933-06-21 12:00,269.839,,,1933-12-24 12:00,92.47,,,1934-06-21 12:00,269.616,,,1934-12-24 12:00,92.22,,,1935-06-21 12:00,269.384,,,1935-12-25 12:00,92.995,,
,,,,1926-12-25 12:00,93.165,,,1927-06-22 12:00,270.269,,,1927-12-26 12:00,93.942,,,1928-06-22 12:00,270.995,,,1928-12-25 12:00,93.695,,,1929-06-22 12:00,270.76,,,1929-12-25 12:00,93.449,,,1930-06-22 12:00,270.527,,,1930-12-25 12:00,93.205,,,1931-06-22 12:00,270.305,,,1931-12-26 12:00,93.974,,,1932-06-22 12:00,271.024,,,1932-12-25 12:00,93.732,,,1933-06-22 12:00,270.793,,,1933-12-25 12:00,93.488,,,1934-06-22 12:00,270.57,,,1934-12-25 12:00,93.239,,,1935-06-22 12:00,270.338,,,1935-12-26 12:00,94.014,,
,,,,1926-12-26 12:00,94.184,,,1927-06-23 12:00,271.223,,,1927-12-27 12:00,94.962,,,1928-06-23 12:00,271.949,,,1928-12-26 12:00,94.714,,,1929-06-23 12:00,271.714,,,1929-12-26 12:00,94.469,,,1930-06-23 12:00,271.482,,,1930-12-26 12:00,94.224,,,1931-06-23 12:00,271.259,,,1931-12-27 12:00,94.993,,,1932-06-23 12:00,271.977,,,1932-12-26 12:00,94.752,,,1933-06-23 12:00,271.747,,,1933-12-26 12:00,94.507,,,1934-06-23 12:00,271.524,,,1934-12-26 12:00,94.257,,,1935-06-23 12:00,271.292,,,1935-12-27 12:00,95.034,,
,,,,1926-12-27 12:00,95.203,,,1927-06-24 12:00,272.177,,,1927-12-28 12:00,95.981,,,1928-06-24 12:00,272.903,,,1928-12-27 12:00,95.733,,,1929-06-24 12:00,272.667,,,1929-12-27 12:00,95.488,,,1930-06-24 12:00,272.436,,,1930-12-27 12:00,95.243,,,1931-06-24 12:00,272.213,,,1931-12-28 12:00,96.012,,,1932-06-24 12:00,272.931,,,1932-12-27 12:00,95.772,,,1933-06-24 12:00,272.701,,,1933-12-27 12:00,95.526,,,1934-06-24 12:00,272.477,,,1934-12-27 12:00,95.276,,,1935-06-24 12:00,272.246,,,1935-12-28 12:00,96.054,,
,,,,1926-12-28 12:00,96.222,,,1927-06-25 12:00,273.131,,,1927-12-29 12:00,97.0,,,1928-06-25 12:00,273.857,,,1928-12-28 12:00,96.752,,,1929-06-25 12:00,273.621,,,1929-12-28 12:00,96.508,,,1930-06-25 12:00,273.39,,,1930-12-28 12:00,96.262,,,1931-06-25 12:00,273.166,,,1931-12-29 12:00,97.031,,,1932-06-25 12:00,273.885,,,1932-12-28 12:00,96.791,,,1933-06-25 12:00,273.655,,,1933-12-28 12:00,96.545,,,1934-06-25 12:00,273.431,,,1934-12-28 12:00,96.295,,,1935-06-25 12:00,273.2,,,1935-12-29 12:00,97.073,,
,,,,1926-12-29 12:00,97.242,,,1927-06-26 12:00,274.085,,,1927-12-30 12:00,98.02,,,1928-06-26 12:00,274.81,,,1928-12-29 12:00,97.771,,,1929-06-26 12:00,274.574,,,1929-12-29 12:00,97.527,,,1930-06-26 12:00,274.344,,,1930-12-29 12:00,97.281,,,1931-06-26 12:00,274.12,,,1931-12-30 12:00,98.05,,,1932-06-26 12:00,274.838,,,1932-12-29 12:00,97.811,,,1933-06-26 12:00,274.609,,,1933-12-29 12:00,97.564,,,1934-06-26 12:00,274.384,,,1934-12-29 12:00,97.315,,,1935-06-26 12:00,274.154,,,1935-12-30 12:00,98.093,,
,,,,1926-12-30 12:00,98.261,,,1927-06-27 12:00,275.039,,,1927-12-31 12:00,99.039,,,1928-06-27 12:00,275.763,,,1928-12-30 12:00,98.79,,,1929-06-27 12:00,275.528,,,1929-12-30 12:00,98.547,,,1930-06-27 12:00,275.298,,,1930-12-30 12:00,98.3,,,1931-06-27 12:00,275.073,,,1931-12-31 12:00,99.069,,,1932-06-27 12:00,275.792,,,1932-12-30 12:00,98.83,,,1933-06-27 12:00,275.563,,,1933-12-30 12:00,98.583,,,1934-06-27 12:00,275.337,,,1934-12-30 12:00,98.334,,,1935-06-27 12:00,275.108,,,,,,
,,,,1926-12-31 12:00,99.281,,,1927-06-28 12:00,275.993,,,1928-01-01 12:00,100.058,,,1928-06-28 12:00,276.717,,,1928-12-31 12:00,99.809,,,1929-06-28 12:00,276.481,,,1929-12-31 12:00,99.566,,,1930-06-28 12:00,276.252,,,1930-12-31 12:00,99.32,,,1931-06-28 12:00,276.026,,,1932-01-01 12:00,100.088,,,1932-06-28 12:00,276.745,,,1932-12-31 12:00,99.85,,,1933-06-28 12:00,276.517,,,1933-12-31 12:00,99.602,,,1934-06-28 12:00,276.29,,,1934-12-31 12:00,99.353,,,1935-06-28 12:00,276.061,,,,,,
,,,,1927-01-01 12:00,100.3,,,1927-06-29 12:00,276.947,,,1928-01-02 12:00,101.077,,,1928-06-29 12:00,277.67,,,1929-01-01 12:00,100.828,,,1929-06-29 12:00,277.435,,,1930-01-01 12:00,100.586,,,1930-06-29 12:00,277.206,,,1931-01-01 12:00,100.339,,,1931-06-29 12:00,276.979,,,1932-01-02 12:00,101.108,,,1932-06-29 12:00,277.699,,,1933-01-01 12:00,100.87,,,1933-06-29 12:00,277.47,,,1934-01-01 12:00,100.621,,,1934-06-29 12:00,277.244,,,1935-01-01 12:00,100.373,,,1935-06-29 12:00,277.015,,,,,,
,,,,1927-01-02 12:00,101.32,,,1927-06-30 12:00,277.901,,,1928-01-03 12:00,102.097,,,1928-06-30 12:00,278.623,,,1929-01-02 12:00,101.847,,,1929-06-30 12:00,278.388,,,1930-01-02 12:00,101.606,,,1930-06-30 12:00,278.16,,,1931-01-02 12:00,101.358,,,1931-06-30 12:00,277.933,,,1932-01-03 12:00,102.127,,,1932-06-30 12:00,278.653,,,1933-01-02 12:00,101.889,,,1933-06-30 12:00,278.424,,,1934-01-02 12:00,101.64,,,1934-06-30 12:00,278.197,,,1935-01-02 12:00,101.393,,,1935-06-30 12:00,277.969,,,,,,
,,,,1927-01-03 12:00,102.34,,,1927-07-01 12:00,278.854,,,1928-01-04 12:00,103.116,,,1928-07-01 12:00,279.576,,,1929-01-03 12:00,102.866,,,1929-07-01 12:00,279.342,,,1930-01-03 12:00,102.625,,,1930-07-01 12:00,279.114,,,1931-01-03 12:00,102.377,,,1931-07-01 12:00,278.886,,,1932-01-04 12:00,103.147,,,1932-07-01 12:00,279.606,,,1933-01-03 12:00,102.908,,,1933-07-01 12:00,279.377,,,1934-01-03 12:00,102.659,,,1934-07-01 12:00,279.15,,,1935-01-03 12:00,102.412,,,1935-07-01 12:00,278.923,,,,,,
,,,,1927-01-04 12:00,103.36,,,1927-07-02 12:00,279.808,,,1928-01-05 12:00,104.135,,,1928-07-02 12:00,280.529,,,1929-01-04 12:00,103.886,,,1929-07-02 12:00,280.295,,,1930-01-04 12:00,103.645,,,1930-07-02 12:00,280.067,,,1931-01-04 12:00,103.396,,,1931-07-02 12:00,279.839,,,1932-01-05 12:00,104.167,,,1932-07-02 12:00,280.56,,,1933-01-04 12:00,103.928,,,1933-07-02 12:00,280.33,,,1934-01-04 12:00,103.678,,,1934-07-02 12:00,280.103,,,1935-01-04 12:00,103.432,,,1935-07-02 12:00,279.877,,,,,,
,,,,1927-01-05 12:00,104.379,,,1927-07-03 12:00,280.762,,,1928-01-06 12:00,105.154,,,1928-07-03 12:00,281.482,,,1929-01-05 12:00,104.905,,,1929-07-03 12:00,281.249,,,1930-01-05 12:00,104.664,,,1930-07-03 12:00,281.021,,,1931-01-05 12:00,104.415,,,1931-07-03 12:00,280.792,,,1932-01-06 12:00,105.186,,,1932-07-03 12:00,281.514,,,1933-01-05 12:00,104.947,,,1933-07-03 12:00,281.283,,,1934-01-05 12:00,104.697,,,1934-07-03 12:00,281.056,,,1935-01-05 12:00,104.452,,,1935-07-03 12:00,280.83,,,,,,
,,,,1927-01-06 12:00,105.399,,,1927-07-04 12:00,281.715,,,1928-01-07 12:00,106.172,,,1928-07-04 12:00,282.435,,,1929-01-06 12:00,105.925,,,1929-07-04 12:00,282.203,,,1930-01-06 12:00,105.684,,,1930-07-04 12:00,281.974,,,1931-01-06 12:00,105.433,,,1931-07-04 12:00,281.745,,,1932-01-07 12:00,106.206,,,1932-07-04 12:00,282.468,,,1933-01-06 12:00,105.966,,,1933-07-04 12:00,282.236,,,1934-01-06 12:00,105.716,,,1934-07-04 12:00,282.01,,,1935-01-06 12:00,105.472,,,1935-07-04 12:00,281.784,,,,,,
,,,,1927-01-07 12:00,106.419,,,1927-07-05 12:00,282.669,,,1928-01-08 12:00,107.191,,,1928-07-05 12:00,283.388,,,1929-01-07 12:00,106.944,,,1929-07-05 12:00,283.156,,,1930-01-07 12:00,106.703,,,1930-07-05 12:00,282.927,,,1931-01-07 12:00,106.452,,,1931-07-05 12:00,282.698,,,1932-01-08 12:00,107.226,,,1932-07-05 12:00,283.421,,,1933-01-07 12:00,106.985,,,1933-07-05 12:00,283.189,,,1934-01-07 12:00,106.735,,,1934-07-05 12:00,282.963,,,1935-01-07 12:00,106.491,,,1935-07-05 12:00,282.737,,,,,,
,,,,1927-01-08 12:00,107.438,,,1927-07-06 12:00,283.622,,,1928-01-09 12:00,108.21,,,1928-07-06 12:00,284.341,,,1929-01-08 12:00,107.964,,,1929-07-06 12:00,284.11,,,1930-01-08 12:00,107.722,,,1930-07-06 12:00,283.88,,,1931-01-08 12:00,107.471,,,1931-07-06 12:00,283.651,,,1932-01-09 12:00,108.245,,,1932-07-06 12:00,284.375,,,1933-01-08 12:00,108.004,,,1933-07-06 12:00,284.142,,,1934-01-08 12:00,107.754,,,1934-07-06 12:00,283.917,,,1935-01-08 12:00,107.511,,,1935-07-06 12:00,283.691,,,,,,
,,,,1927-01-09 12:00,108.457,,,1927-07-07 12:00,284.575,,,1928-01-10 12:00,109.229,,,1928-07-07 12:00,285.294,,,1929-01-09 12:00,108.983,,,1929-07-07 12:00,285.064,,,1930-01-09 12:00,108.741,,,1930-07-07 12:00,284.834,,,1931-01-09 12:00,108.49,,,1931-07-07 12:00,284.605,,,1932-01-10 12:00,109.265,,,1932-07-07 12:00,285.329,,,1933-01-09 12:00,109.023,,,1933-07-07 12:00,285.095,,,1934-01-09 12:00,108.773,,,1934-07-07 12:00,284.87,,,1935-01-09 12:00,108.53,,,1935-07-07 12:00,284.644,,,,,,
,,,,1927-01-10 12:00,109.476,,,1927-07-08 12:00,285.529,,,1928-01-11 12:00,110.248,,,1928-07-08 12:00,286.247,,,1929-01-10 12:00,110.003,,,1929-07-08 12:00,286.018,,,1930-01-10 12:00,109.76,,,1930-07-08 12:00,285.787,,,1931-01-10 12:00,109.509,,,1931-07-08 12:00,285.558,,,1932-01-11 12:00,110.284,,,1932-07-08 12:00,286.282,,,1933-01-10 12:00,110.041,,,1933-07-08 12:00,286.048,,,1934-01-10 12:00,109.792,,,1934-07-08 12:00,285.824,,,1935-01-10 12:00,109.549,,,1935-07-08 12:00,285.598,,,,,,
,,,,1927-01-11 12:00,110.495,,,1927-07-09 12:00,286.482,,,1928-01-12 12:00,111.266,,,1928-07-09 12:00,287.2,,,1929-01-11 12:00,111.022,,,1929-07-09 12:00,286.972,,,1930-01-11 12:00,110.778,,,1930-07-09 12:00,286.74,,,1931-01-11 12:00,110.528,,,1931-07-09 12:00,286.512,,,1932-01-12 12:00,111.303,,,1932-07-09 12:00,287.236,,,1933-01-11 12:00,111.06,,,1933-07-09 12:00,287.002,,,1934-01-11 12:00,110.812,,,1934-07-09 12:00,286.778,,,1935-01-11 12:00,110.568,,,1935-07-09 12:00,286.551,,,,,,
,,,,1927-01-12 12:00,111.514,,,1927-07-10 12:00,287.435,,,1928-01-13 12:00,112.285,,,1928-07-10 12:00,288.154,,,1929-01-12 12:00,112.041,,,1929-07-10 12:00,287.926,,,1930-01-12 12:00,111.797,,,1930-07-10 12:00,287.693,,,1931-01-12 12:00,111.547,,,1931-07-10 12:00,287.465,,,1932-01-13 12:00,112.322,,,1932-07-10 12:00,288.189,,,1933-01-12 12:00,112.078,,,1933-07-10 12:00,287.955,,,1934-01-12 12:00,111.831,,,1934-07-10 12:00,287.732,,,1935-01-12 12:00,111.587,,,1935-07-10 12:00,287.505,,,,,,
,,,,1927-01-13 12:00,112.533,,,1927-07-11 12:00,288.388,,,1928-01-14 12:00,113.304,,,1928-07-11 12:00,289.107,,,1929-01-13 12:00,113.06,,,1929-07-11 12:00,288.879,,,1930-01-13 12:00,112.815,,,1930-07-11 12:00,288.647,,,1931-01-13 12:00,112.566,,,1931-07-11 12:00,288.419,,,1932-01-14 12:00,113.341,,,1932-07-11 12:00,289.143,,,1933-01-13 12:00,113.097,,,1933-07-11 12:00,288.908,,,1934-01-13 12:00,112.85,,,1934-07-11 12:00,288.686,,,1935-01-13 12:00,112.606,,,1935-07-11 12:00,288.458,,,,,,
,,,,1927-01-14 12:00,113.551,,,1927-07-12 12:00,289.342,,,1928-01-15 12:00,114.322,,,1928-07-12 12:00,290.061,,,1929-01-14 12:00,114.079,,,1929-07-12 12:00,289.833,,,1930-01-14 12:00,113.833,,,1930-07-12 12:00,289.6,,,1931-01-14 12:00,113.585,,,1931-07-12 12:00,289.373,,,1932-01-15 12:00,114.36,,,1932-07-12 12:00,290.096,,,1933-01-14 12:00,114.115,,,1933-07-12 12:00,289.861,,,1934-01-14 12:00,113.869,,,1934-07-12 12:00,289.64,,,1935-01-14 12:00,113.624,,,1935-07-12 12:00,289.411,,,,,,
,,,,1927-01-15 12:00,114.569,,,1927-07-13 12:00,290.295,,,1928-01-16 12:00,115.341,,,1928-07-13 12:00,291.015,,,1929-01-15 12:00,115.098,,,1929-07-13 12:00,290.787,,,1930-01-15 12:00,114.851,,,1930-07-13 12:00,290.553,,,1931-01-15 12:00,114.604,,,1931-07-13 12:00,290.327,,,1932-01-16 12:00,115.378,,,1932-07-13 12:00,291.05,,,1933-01-15 12:00,115.133,,,1933-07-13 12:00,290.815,,,1934-01-15 12:00,114.888,,,1934-07-13 12:00,290.594,,,1935-01-15 12:00,114.643,,,1935-07-13 12:00,290.365,,,,,,
,,,,1927-01-16 12:00,115.587,,,1927-07-14 12:00,291.248,,,1928-01-17 12:00,116.359,,,1928-07-14 12:00,291.969,,,1929-01-16 12:00,116.116,,,1929-07-14 12:00,291.741,,,1930-01-16 12:00,115.869,,,1930-07-14 12:00,291.507,,,1931-01-16 12:00,115.623,,,1931-07-14 12:00,291.281,,,1932-01-17 12:00,116.396,,,1932-07-14 12:00,292.004,,,1933-01-16 12:00,116.151,,,1933-07-14 12:00,291.769,,,1934-01-16 12:00,115.907,,,1934-07-14 12:00,291.548,,,1935-01-16 12:00,115.661,,,1935-07-14 12:00,291.318,,,,,,
,,,,1927-01-17 12:00,116.605,,,1927-07-15 12:00,292.202,,,1928-01-18 12:00,117.378,,,1928-07-15 12:00,292.924,,,1929-01-17 12:00,117.135,,,1929-07-15 12:00,292.695,,,1930-01-17 12:00,116.887,,,1930-07-15 12:00,292.461,,,1931-01-17 12:00,116.641,,,1931-07-15 12:00,292.236,,,1932-01-18 12:00,117.414,,,1932-07-15 12:00,292.957,,,1933-01-17 12:00,117.169,,,1933-07-15 12:00,292.723,,,1934-01-17 12:00,116.925,,,1934-07-15 12:00,292.502,,,1935-01-17 12:00,116.679,,,1935-07-15 12:00,292.271,,,,,,
,,,,1927-01-18 12:00,117.623,,,1927-07-16 12:00,293.155,,,1928-01-19 12:00,118.396,,,1928-07-16 12:00,293.878,,,1929-01-18 12:00,118.153,,,1929-07-16 12:00,293.649,,,1930-01-18 12:00,117.905,,,1930-07-16 12:00,293.415,,,1931-01-18 12:00,117.66,,,1931-07-16 12:00,293.19,,,1932-01-19 12:00,118.432,,,1932-07-16 12:00,293.911,,,1933-01-18 12:00,118.187,,,1933-07-16 12:00,293.677,,,1934-01-18 12:00,117.944,,,1934-07-16 12:00,293.456,,,1935-01-18 12:00,117.696,,,1935-07-16 12:00,293.225,,,,,,
,,,,1927-01-19 12:00,118.641,,,1927-07-17 12:00,294.109,,,1928-01-20 12:00,119.414,,,1928-07-17 12:00,294.832,,,1929-01-19 12:00,119.17,,,1929-07-17 12:00,294.603,,,1930-01-19 12:00,118.923,,,1930-07-17 12:00,294.369,,,1931-01-19 12:00,118.678,,,1931-07-17 12:00,294.144,,,1932-01-20 12:00,119.45,,,1932-07-17 12:00,294.865,,,1933-01-19 12:00,119.205,,,1933-07-17 12:00,294.631,,,1934-01-19 12:00,118.962,,,1934-07-17 12:00,294.41,,,1935-01-19 12:00,118.714,,,1935-07-17 12:00,294.179,,,,,,
,,,,1927-01-20 12:00,119.658,,,1927-07-18 12:00,295.063,,,1928-01-21 12:00,120.432,,,1928-07-18 12:00,295.787,,,1929-01-20 12:00,120.188,,,1929-07-18 12:00,295.557,,,1930-01-20 12:00,119.94,,,1930-07-18 12:00,295.323,,,1931-01-20 12:00,119.697,,,1931-07-18 12:00,295.099,,,1932-01-21 12:00,120.467,,,1932-07-18 12:00,295.819,,,1933-01-20 12:00,120.223,,,1933-07-18 12:00,295.585,,,1934-01-20 12:00,119.98,,,1934-07-18 12:00,295.364,,,1935-01-20 12:00,119.731,,,1935-07-18 12:00,295.132,,,,,,
,,,,1927-01-21 12:00,120.676,,,1927-07-19 12:00,296.017,,,1928-01-22 12:00,121.45,,,1928-07-19 12:00,296.742,,,1929-01-21 12:00,121.205,,,1929-07-19 12:00,296.511,,,1930-01-21 12:00,120.958,,,1930-07-19 12:00,296.277,,,1931-01-21 12:00,120.714,,,1931-07-19 12:00,296.053,,,1932-01-22 12:00,121.484,,,1932-07-19 12:00,296.773,,,1933-01-21 12:00,121.241,,,1933-07-19 12:00,296.54,,,1934-01-21 12:00,120.997,,,1934-07-19 12:00,296.319,,,1935-01-21 12:00,120.749,,,1935-07-19 12:00,296.086,,,,,,
,,,,1927-01-22 12:00,121.693,,,1927-07-20 12:00,296.971,,,1928-01-23 12:00,122.468,,,1928-07-20 12:00,297.696,,,1929-01-22 12:00,122.222,,,1929-07-20 12:00,297.465,,,1930-01-22 12:00,121.975,,,1930-07-20 12:00,297.232,,,1931-01-22 12:00,121.732,,,1931-07-20 12:00,297.008,,,1932-01-23 12:00,122.501,,,1932-07-20 12:00,297.727,,,1933-01-22 12:00,122.258,,,1933-07-20 12:00,297.495,,,1934-01-22 12:00,122.015,,,1934-07-20 12:00,297.273,,,1935-01-22 12:00,121.766,,,1935-07-20 12:00,297.04,,,,,,
,,,,1927-01-23 12:00,122.71,,,1927-07-21 12:00,297.926,,,1928-01-24 12:00,123.485,,,1928-07-21 12:00,298.651,,,1929-01-23 12:00,123.239,,,1929-07-21 12:00,298.419,,,1930-01-23 12:00,122.992,,,1930-07-21 12:00,298.187,,,1931-01-23 12:00,122.75,,,1931-07-21 12:00,297.963,,,1932-01-24 12:00,123.518,,,1932-07-21 12:00,298.681,,,1933-01-23 12:00,123.276,,,1933-07-21 12:00,298.45,,,1934-01-23 12:00,123.032,,,1934-07-21 12:00,298.228,,,1935-01-23 12:00,122.783,,,1935-07-21 12:00,297.995,,,,,,
,,,,1927-01-24 12:00,123.727,,,1927-07-22 12:00,298.88,,,1928-01-25 12:00,124.503,,,1928-07-22 12:00,299.606,,,1929-01-24 12:00,124.256,,,1929-07-22 12:00,299.374,,,1930-01-24 12:00,124.009,,,1930-07-22 12:00,299.142,,,1931-01-24 12:00,123.767,,,1931-07-22 12:00,298.917,,,1932-01-25 12:00,124.535,,,1932-07-22 12:00,299.636,,,1933-01-24 12:00,124.293,,,1933-07-22 12:00,299.405,,,1934-01-24 12:00,124.049,,,1934-07-22 12:00,299.182,,,1935-01-24 12:00,123.799,,,1935-07-22 12:00,298.949,,,,,,
,,,,1927-01-25 12:00,124.743,,,1927-07-23 12:00,299.835,,,1928-01-26 12:00,125.519,,,1928-07-23 12:00,300.561,,,1929-01-25 12:00,125.272,,,1929-07-23 12:00,300.328,,,1930-01-25 12:00,125.026,,,1930-07-23 12:00,300.097,,,1931-01-25 12:00,124.784,,,1931-07-23 12:00,299.872,,,1932-01-26 12:00,125.551,,,1932-07-23 12:00,300.59,,,1933-01-25 12:00,125.31,,,1933-07-23 12:00,300.36,,,1934-01-25 12:00,125.065,,,1934-07-23 12:00,300.137,,,1935-01-25 12:00,124.816,,,1935-07-23 12:00,299.904,,,,,,
,,,,1927-01-26 12:00,125.76,,,1927-07-24 12:00,300.791,,,1928-01-27 12:00,126.536,,,1928-07-24 12:00,301.516,,,1929-01-26 12:00,126.288,,,1929-07-24 12:00,301.283,,,1930-01-26 12:00,126.043,,,1930-07-24 12:00,301.053,,,1931-01-26 12:00,125.8,,,1931-07-24 12:00,300.827,,,1932-01-27 12:00,126.567,,,1932-07-24 12:00,301.545,,,1933-01-26 12:00,126.327,,,1933-07-24 12:00,301.316,,,1934-01-26 12:00,126.081,,,1934-07-24 12:00,301.092,,,1935-01-26 12:00,125.832,,,1935-07-24 12:00,300.859,,,,,,
,,,,1927-01-27 12:00,126.776,,,1927-07-25 12:00,301.746,,,1928-01-28 12:00,127.552,,,1928-07-25 12:00,302.472,,,1929-01-27 12:00,127.304,,,1929-07-25 12:00,302.238,,,1930-01-27 12:00,127.059,,,1930-07-25 12:00,302.009,,,1931-01-27 12:00,126.817,,,1931-07-25 12:00,301.782,,,1932-01-28 12:00,127.583,,,1932-07-25 12:00,302.501,,,1933-01-27 12:00,127.344,,,1933-07-25 12:00,302.271,,,1934-01-27 12:00,127.097,,,1934-07-25 12:00,302.046,,,1935-01-27 12:00,126.849,,,1935-07-25 12:00,301.815,,,,,,
,,,,1927-01-28 12:00,127.793,,,1927-07-26 12:00,302.702,,,1928-01-29 12:00,128.568,,,1928-07-26 12:00,303.427,,,1929-01-28 12:00,128.319,,,1929-07-26 12:00,303.193,,,1930-01-28 12:00,128.076,,,1930-07-26 12:00,302.965,,,1931-01-28 12:00,127.832,,,1931-07-26 12:00,302.737,,,1932-01-29 12:00,128.599,,,1932-07-26 12:00,303.456,,,1933-01-28 12:00,128.36,,,1933-07-26 12:00,303.227,,,1934-01-28 12:00,128.113,,,1934-07-26 12:00,303.002,,,1935-01-28 12:00,127.865,,,1935-07-26 12:00,302.77,,,,,,
,,,,1927-01-29 12:00,128.809,,,1927-07-27 12:00,303.658,,,1928-01-30 12:00,129.584,,,1928-07-27 12:00,304.383,,,1929-01-29 12:00,129.335,,,1929-07-27 12:00,304.149,,,1930-01-29 12:00,129.092,,,1930-07-27 12:00,303.921,,,1931-01-29 12:00,128.848,,,1931-07-27 12:00,303.693,,,1932-01-30 12:00,129.614,,,1932-07-27 12:00,304.412,,,1933-01-29 12:00,129.376,,,1933-07-27 12:00,304.183,,,1934-01-29 12:00,129.128,,,1934-07-27 12:00,303.957,,,1935-01-29 12:00,128.881,,,1935-07-27 12:00,303.726,,,,,,
,,,,1927-01-30 12:00,129.825,,,1927-07-28 12:00,304.614,,,1928-01-31 12:00,130.599,,,1928-07-28 12:00,305.338,,,1929-01-30 12:00,130.35,,,1929-07-28 12:00,305.105,,,1930-01-30 12:00,130.107,,,1930-07-28 12:00,304.877,,,1931-01-30 12:00,129.863,,,1931-07-28 12:00,304.648,,,1932-01-31 12:00,130.63,,,1932-07-28 12:00,305.368,,,1933-01-30 12:00,130.391,,,1933-07-28 12:00,305.139,,,1934-01-30 12:00,130.143,,,1934-07-28 12:00,304.912,,,1935-01-30 12:00,129.896,,,1935-07-28 12:00,304.682,,,,,,
,,,,1927-01-31 12:00,130.84,,,1927-07-29 12:00,305.57,,,1928-02-01 12:00,131.614,,,1928-07-29 12:00,306.294,,,1929-01-31 12:00,131.365,,,1929-07-29 12:00,306.061,,,1930-01-31 12:00,131.123,,,1930-07-29 12:00,305.833,,,1931-01-31 12:00,130.878,,,1931-07-29 12:00,305.604,,,1932-02-01 12:00,131.645,,,1932-07-29 12:00,306.325,,,1933-01-31 12:00,131.407,,,1933-07-29 12:00,306.095,,,1934-01-31 12:00,131.158,,,1934-07-29 12:00,305.868,,,1935-01-31 12:00,130.912,,,1935-07-29 12:00,305.639,,,,,,
,,,,1927-02-01 12:00,131.856,,,1927-07-30 12:00,306.527,,,1928-02-02 12:00,132.628,,,1928-07-30 12:00,307.25,,,1929-02-01 12:00,132.379,,,1929-07-30 12:00,307.017,,,1930-02-01 12:00,132.138,,,1930-07-30 12:00,306.79,,,1931-02-01 12:00,131.893,,,1931-07-30 12:00,306.56,,,1932-02-02 12:00,132.66,,,1932-07-30 12:00,307.282,,,1933-02-01 12:00,132.421,,,1933-07-30 12:00,307.052,,,1934-02-01 12:00,132.173,,,1934-07-30 12:00,306.824,,,1935-02-01 12:00,131.927,,,1935-07-30 12:00,306.595,,,,,,
,,,,1927-02-02 12:00,132.871,,,1927-07-31 12:00,307.484,,,1928-02-03 12:00,133.643,,,1928-07-31 12:00,308.206,,,1929-02-02 12:00,133.394,,,1929-07-31 12:00,307.974,,,1930-02-02 12:00,133.153,,,1930-07-31 12:00,307.746,,,1931-02-02 12:00,132.907,,,1931-07-31 12:00,307.516,,,1932-02-03 12:00,133.675,,,1932-07-31 12:00,308.239,,,1933-02-02 12:00,133.436,,,1933-07-31 12:00,308.008,,,1934-02-02 12:00,133.187,,,1934-07-31 12:00,307.78,,,1935-02-02 12:00,132.942,,,1935-07-31 12:00,307.552,,,,,,
,,,,1927-02-03 12:00,133.886,,,1927-08-01 12:00,308.44,,,1928-02-04 12:00,134.656,,,1928-08-01 12:00,309.163,,,1929-02-03 12:00,134.408,,,1929-08-01 12:00,308.931,,,1930-02-03 12:00,134.167,,,1930-08-01 12:00,308.703,,,1931-02-03 12:00,133.921,,,1931-08-01 12:00,308.472,,,1932-02-04 12:00,134.689,,,1932-08-01 12:00,309.196,,,1933-02-03 12:00,134.45,,,1933-08-01 12:00,308.965,,,1934-02-03 12:00,134.201,,,1934-08-01 12:00,308.737,,,1935-02-03 12:00,133.957,,,1935-08-01 12:00,308.509,,,,,,
,,,,1927-02-04 12:00,134.9,,,1927-08-02 12:00,309.398,,,1928-02-05 12:00,135.67,,,1928-08-02 12:00,310.119,,,1929-02-04 12:00,135.422,,,1929-08-02 12:00,309.889,,,1930-02-04 12:00,135.181,,,1930-08-02 12:00,309.66,,,1931-02-04 12:00,134.935,,,1931-08-02 12:00,309.429,,,1932-02-05 12:00,135.703,,,1932-08-02 12:00,310.153,,,1933-02-04 12:00,135.464,,,1933-08-02 12:00,309.922,,,1934-02-04 12:00,135.214,,,1934-08-02 12:00,309.694,,,1935-02-04 12:00,134.971,,,1935-08-02 12:00,309.466,,,,,,
,,,,1927-02-05 12:00,135.914,,,1927-08-03 12:00,310.355,,,1928-02-06 12:00,136.683,,,1928-08-03 12:00,311.076,,,1929-02-05 12:00,136.436,,,1929-08-03 12:00,310.847,,,1930-02-05 12:00,136.195,,,1930-08-03 12:00,310.618,,,1931-02-05 12:00,135.948,,,1931-08-03 12:00,310.386,,,1932-02-06 12:00,136.717,,,1932-08-03 12:00,311.111,,,1933-02-05 12:00,136.477,,,1933-08-03 12:00,310.879,,,1934-02-05 12:00,136.228,,,1934-08-03 12:00,310.651,,,1935-02-05 12:00,135.986,,,1935-08-03 12:00,310.423,,,,,,
,,,,1927-02-06 12:00,136.928,,,1927-08-04 12:00,311.312,,,1928-02-07 12:00,137.696,,,1928-08-04 12:00,312.034,,,1929-02-06 12:00,137.449,,,1929-08-04 12:00,311.805,,,1930-02-06 12:00,137.208,,,1930-08-04 12:00,311.575,,,1931-02-06 12:00,136.961,,,1931-08-04 12:00,311.343,,,1932-02-07 12:00,137.731,,,1932-08-04 12:00,312.069,,,1933-02-06 12:00,137.49,,,1933-08-04 12:00,311.836,,,1934-02-06 12:00,137.241,,,1934-08-04 12:00,311.609,,,1935-02-06 12:00,136.999,,,1935-08-04 12:00,311.381,,,,,,
,,,,1927-02-07 12:00,137.941,,,1927-08-05 12:00,312.27,,,1928-02-08 12:00,138.708,,,1928-08-05 12:00,312.991,,,1929-02-07 12:00,138.463,,,1929-08-05 12:00,312.763,,,1930-02-07 12:00,138.221,,,1930-08-05 12:00,312.533,,,1931-02-07 12:00,137.974,,,1931-08-05 12:00,312.3,,,1932-02-08 12:00,138.744,,,1932-08-05 12:00,313.027,,,1933-02-07 12:00,138.503,,,1933-08-05 12:00,312.793,,,1934-02-07 12:00,138.254,,,1934-08-05 12:00,312.567,,,1935-02-07 12:00,138.012,,,1935-08-05 12:00,312.339,,,,,,
,,,,1927-02-08 12:00,138.954,,,1927-08-06 12:00,313.228,,,1928-02-09 12:00,139.72,,,1928-08-06 12:00,313.949,,,1929-02-08 12:00,139.475,,,1929-08-06 12:00,313.721,,,1930-02-08 12:00,139.233,,,1930-08-06 12:00,313.491,,,1931-02-08 12:00,138.987,,,1931-08-06 12:00,313.258,,,1932-02-09 12:00,139.757,,,1932-08-06 12:00,313.986,,,1933-02-08 12:00,139.515,,,1933-08-06 12:00,313.751,,,1934-02-08 12:00,139.267,,,1934-08-06 12:00,313.525,,,1935-02-08 12:00,139.025,,,1935-08-06 12:00,313.297,,,,,,
,,,,1927-02-09 12:00,139.966,,,1927-08-07 12:00,314.186,,,1928-02-10 12:00,140.732,,,1928-08-07 12:00,314.907,,,1929-02-09 12:00,140.488,,,1929-08-07 12:00,314.68,,,1930-02-09 12:00,140.245,,,1930-08-07 12:00,314.449,,,1931-02-09 12:00,139.999,,,1931-08-07 12:00,314.217,,,1932-02-10 12:00,140.769,,,1932-08-07 12:00,314.944,,,1933-02-09 12:00,140.527,,,1933-08-07 12:00,314.709,,,1934-02-09 12:00,140.279,,,1934-08-07 12:00,314.484,,,1935-02-09 12:00,140.038,,,1935-08-07 12:00,314.255,,,,,,
,,,,1927-02-10 12:00,140.978,,,1927-08-08 12:00,315.144,,,1928-02-11 12:00,141.744,,,1928-08-08 12:00,315.866,,,1929-02-10 12:00,141.5,,,1929-08-08 12:00,315.639,,,1930-02-10 12:00,141.257,,,1930-08-08 12:00,315.407,,,1931-02-10 12:00,141.011,,,1931-08-08 12:00,315.175,,,1932-02-11 12:00,141.781,,,1932-08-08 12:00,315.903,,,1933-02-10 12:00,141.538,,,1933-08-08 12:00,315.668,,,1934-02-10 12:00,141.291,,,1934-08-08 12:00,315.443,,,1935-02-10 12:00,141.05,,,1935-08-08 12:00,315.213,,,,,,
,,,,1927-02-11 12:00,141.99,,,1927-08-09 12:00,316.103,,,1928-02-12 12:00,142.755,,,1928-08-09 12:00,316.825,,,1929-02-11 12:00,142.512,,,1929-08-09 12:00,316.598,,,1930-02-11 12:00,142.268,,,1930-08-09 12:00,316.366,,,1931-02-11 12:00,142.023,,,1931-08-09 12:00,316.135,,,1932-02-12 12:00,142.793,,,1932-08-09 12:00,316.863,,,1933-02-11 12:00,142.549,,,1933-08-09 12:00,316.626,,,1934-02-11 12:00,142.303,,,1934-08-09 12:00,316.402,,,1935-02-11 12:00,142.061,,,1935-08-09 12:00,316.172,,,,,,
,,,,1927-02-12 12:00,143.001,,,1927-08-10 12:00,317.062,,,1928-02-13 12:00,143.766,,,1928-08-10 12:00,317.785,,,1929-02-12 12:00,143.523,,,1929-08-10 12:00,317.558,,,1930-02-12 12:00,143.278,,,1930-08-10 12:00,317.325,,,1931-02-12 12:00,143.034,,,1931-08-10 12:00,317.094,,,1932-02-13 12:00,143.804,,,1932-08-10 12:00,317.822,,,1933-02-12 12:00,143.56,,,1933-08-10 12:00,317.585,,,1934-02-12 12:00,143.314,,,1934-08-10 12:00,317.362,,,1935-02-12 12:00,143.072,,,1935-08-10 12:00,317.131,,,,,,
,,,,1927-02-13 12:00,144.011,,,1927-08-11 12:00,318.021,,,1928-02-14 12:00,144.776,,,1928-08-11 12:00,318.745,,,1929-02-13 12:00,144.534,,,1929-08-11 12:00,318.518,,,1930-02-13 12:00,144.289,,,1930-08-11 12:00,318.284,,,1931-02-13 12:00,144.045,,,1931-08-11 12:00,318.054,,,1932-02-14 12:00,144.814,,,1932-08-11 12:00,318.782,,,1933-02-13 12:00,144.57,,,1933-08-11 12:00,318.545,,,1934-02-13 12:00,144.325,,,1934-08-11 12:00,318.322,,,1935-02-13 12:00,144.083,,,1935-08-11 12:00,318.09,,,,,,
,,,,1927-02-14 12:00,145.021,,,1927-08-12 12:00,318.98,,,1928-02-15 12:00,145.787,,,1928-08-12 12:00,319.705,,,1929-02-14 12:00,145.544,,,1929-08-12 12:00,319.478,,,1930-02-14 12:00,145.298,,,1930-08-12 12:00,319.243,,,1931-02-14 12:00,145.056,,,1931-08-12 12:00,319.014,,,1932-02-15 12:00,145.824,,,1932-08-12 12:00,319.741,,,1933-02-14 12:00,145.58,,,1933-08-12 12:00,319.505,,,1934-02-14 12:00,145.336,,,1934-08-12 12:00,319.282,,,1935-02-14 12:00,145.093,,,1935-08-12 12:00,319.05,,,,,,
,,,,1927-02-15 12:00,146.031,,,1927-08-13 12:00,319.94,,,1928-02-16 12:00,146.797,,,1928-08-13 12:00,320.666,,,1929-02-15 12:00,146.554,,,1929-08-13 12:00,320.438,,,1930-02-15 12:00,146.308,,,1930-08-13 12:00,320.203,,,1931-02-15 12:00,146.066,,,1931-08-13 12:00,319.975,,,1932-02-16 12:00,146.834,,,1932-08-13 12:00,320.702,,,1933-02-15 12:00,146.589,,,1933-08-13 12:00,320.465,,,1934-02-15 12:00,146.346,,,1934-08-13 12:00,320.242,,,1935-02-15 12:00,146.103,,,1935-08-13 12:00,320.009,,,,,,
,,,,1927-02-16 12:00,147.04,,,1927-08-14 12:00,320.9,,,1928-02-17 12:00,147.806,,,1928-08-14 12:00,321.627,,,1929-02-16 12:00,147.564,,,1929-08-14 12:00,321.399,,,1930-02-16 12:00,147.317,,,1930-08-14 12:00,321.164,,,1931-02-16 12:00,147.076,,,1931-08-14 12:00,320.936,,,1932-02-17 12:00,147.843,,,1932-08-14 12:00,321.662,,,1933-02-16 12:00,147.599,,,1933-08-14 12:00,321.426,,,1934-02-16 12:00,147.356,,,1934-08-14 12:00,321.203,,,1935-02-16 12:00,147.112,,,1935-08-14 12:00,320.969,,,,,,
,,,,1927-02-17 12:00,148.049,,,1927-08-15 12:00,321.861,,,1928-02-18 12:00,148.815,,,1928-08-15 12:00,322.588,,,1929-02-17 12:00,148.573,,,1929-08-15 12:00,322.359,,,1930-02-17 12:00,148.326,,,1930-08-15 12:00,322.125,,,1931-02-17 12:00,148.086,,,1931-08-15 12:00,321.897,,,1932-02-18 12:00,148.852,,,1932-08-15 12:00,322.623,,,1933-02-17 12:00,148.608,,,1933-08-15 12:00,322.387,,,1934-02-17 12:00,148.366,,,1934-08-15 12:00,322.164,,,1935-02-17 12:00,148.121,,,1935-08-15 12:00,321.93,,,,,,
,,,,1927-02-18 12:00,149.058,,,1927-08-16 12:00,322.821,,,1928-02-19 12:00,149.824,,,1928-08-16 12:00,323.55,,,1929-02-18 12:00,149.581,,,1929-08-16 12:00,323.321,,,1930-02-18 12:00,149.334,,,1930-08-16 12:00,323.086,,,1931-02-18 12:00,149.095,,,1931-08-16 12:00,322.858,,,1932-02-19 12:00,149.86,,,1932-08-16 12:00,323.584,,,1933-02-18 12:00,149.616,,,1933-08-16 12:00,323.349,,,1934-02-18 12:00,149.374,,,1934-08-16 12:00,323.125,,,1935-02-18 12:00,149.129,,,1935-08-16 12:00,322.89,,,,,,
,,,,1927-02-19 12:00,150.066,,,1927-08-17 12:00,323.783,,,1928-02-20 12:00,150.833,,,1928-08-17 12:00,324.512,,,1929-02-19 12:00,150.589,,,1929-08-17 12:00,324.282,,,1930-02-19 12:00,150.342,,,1930-08-17 12:00,324.048,,,1931-02-19 12:00,150.104,,,1931-08-17 12:00,323.82,,,1932-02-20 12:00,150.868,,,1932-08-17 12:00,324.545,,,1933-02-19 12:00,150.625,,,1933-08-17 12:00,324.311,,,1934-02-19 12:00,150.383,,,1934-08-17 12:00,324.087,,,1935-02-19 12:00,150.137,,,1935-08-17 12:00,323.852,,,,,,
,,,,1927-02-20 12:00,151.073,,,1927-08-18 12:00,324.744,,,1928-02-21 12:00,151.841,,,1928-08-18 12:00,325.474,,,1929-02-20 12:00,151.596,,,1929-08-18 12:00,325.244,,,1930-02-20 12:00,151.35,,,1930-08-18 12:00,325.01,,,1931-02-20 12:00,151.112,,,1931-08-18 12:00,324.782,,,1932-02-21 12:00,151.875,,,1932-08-18 12:00,325.507,,,1933-02-20 12:00,151.632,,,1933-08-18 12:00,325.273,,,1934-02-20 12:00,151.391,,,1934-08-18 12:00,325.049,,,1935-02-20 12:00,151.145,,,1935-08-18 12:00,324.813,,,,,,
,,,,1927-02-21 12:00,152.081,,,1927-08-19 12:00,325.707,,,1928-02-22 12:00,152.848,,,1928-08-19 12:00,326.437,,,1929-02-21 12:00,152.603,,,1929-08-19 12:00,326.206,,,1930-02-21 12:00,152.357,,,1930-08-19 12:00,325.972,,,1931-02-21 12:00,152.12,,,1931-08-19 12:00,325.744,,,1932-02-22 12:00,152.882,,,1932-08-19 12:00,326.469,,,1933-02-21 12:00,152.64,,,1933-08-19 12:00,326.236,,,1934-02-21 12:00,152.398,,,1934-08-19 12:00,326.011,,,1935-02-21 12:00,152.152,,,1935-08-19 12:00,325.775,,,,,,
,,,,1927-02-22 12:00,153.088,,,1927-08-20 12:00,326.669,,,1928-02-23 12:00,153.855,,,1928-08-20 12:00,327.4,,,1929-02-22 12:00,153.61,,,1929-08-20 12:00,327.168,,,1930-02-22 12:00,153.364,,,1930-08-20 12:00,326.935,,,1931-02-22 12:00,153.127,,,1931-08-20 12:00,326.707,,,1932-02-23 12:00,153.888,,,1932-08-20 12:00,327.432,,,1933-02-22 12:00,153.647,,,1933-08-20 12:00,327.199,,,1934-02-22 12:00,153.405,,,1934-08-20 12:00,326.974,,,1935-02-22 12:00,153.159,,,1935-08-20 12:00,326.738,,,,,,
,,,,1927-02-23 12:00,154.094,,,1927-08-21 12:00,327.632,,,1928-02-24 12:00,154.862,,,1928-08-21 12:00,328.364,,,1929-02-23 12:00,154.615,,,1929-08-21 12:00,328.131,,,1930-02-23 12:00,154.37,,,1930-08-21 12:00,327.899,,,1931-02-23 12:00,154.133,,,1931-08-21 12:00,327.67,,,1932-02-24 12:00,154.894,,,1932-08-21 12:00,328.395,,,1933-02-23 12:00,154.654,,,1933-08-21 12:00,328.163,,,1934-02-23 12:00,154.411,,,1934-08-21 12:00,327.937,,,1935-02-23 12:00,154.165,,,1935-08-21 12:00,327.701,,,,,,
,,,,1927-02-24 12:00,155.1,,,1927-08-22 12:00,328.596,,,1928-02-25 12:00,155.868,,,1928-08-22 12:00,329.327,,,1929-02-24 12:00,155.621,,,1929-08-22 12:00,329.095,,,1930-02-24 12:00,155.376,,,1930-08-22 12:00,328.863,,,1931-02-24 12:00,155.14,,,1931-08-22 12:00,328.633,,,1932-02-25 12:00,155.899,,,1932-08-22 12:00,329.359,,,1933-02-24 12:00,155.66,,,1933-08-22 12:00,329.127,,,1934-02-24 12:00,155.417,,,1934-08-22 12:00,328.9,,,1935-02-24 12:00,155.171,,,1935-08-22 12:00,328.664,,,,,,
,,,,1927-02-25 12:00,156.106,,,1927-08-23 12:00,329.56,,,1928-02-26 12:00,156.873,,,1928-08-23 12:00,330.291,,,1929-02-25 12:00,156.626,,,1929-08-23 12:00,330.058,,,1930-02-25 12:00,156.382,,,1930-08-23 12:00,329.827,,,1931-02-25 12:00,156.145,,,1931-08-23 12:00,329.597,,,1932-02-26 12:00,156.904,,,1932-08-23 12:00,330.323,,,1933-02-25 12:00,156.666,,,1933-08-23 12:00,330.091,,,1934-02-25 12:00,156.422,,,1934-08-23 12:00,329.864,,,1935-02-25 12:00,156.176,,,1935-08-23 12:00,329.628,,,,,,
,,,,1927-02-26 12:00,157.111,,,1927-08-24 12:00,330.525,,,1928-02-27 12:00,157.878,,,1928-08-24 12:00,331.256,,,1929-02-26 12:00,157.63,,,1929-08-24 12:00,331.023,,,1930-02-26 12:00,157.387,,,1930-08-24 12:00,330.792,,,1931-02-26 12:00,157.15,,,1931-08-24 12:00,330.561,,,1932-02-27 12:00,157.909,,,1932-08-24 12:00,331.288,,,1933-02-26 12:00,157.671,,,1933-08-24 12:00,331.056,,,1934-02-26 12:00,157.427,,,1934-08-24 12:00,330.828,,,1935-02-26 12:00,157.182,,,1935-08-24 12:00,330.592,,,,,,
,,,,1927-02-27 12:00,158.116,,,1927-08-25 12:00,331.489,,,1928-02-28 12:00,158.882,,,1928-08-25 12:00,332.221,,,1929-02-27 12:00,158.634,,,1929-08-25 12:00,331.987,,,1930-02-27 12:00,158.392,,,1930-08-25 12:00,331.757,,,1931-02-27 12:00,158.155,,,1931-08-25 12:00,331.526,,,1932-02-28 12:00,158.913,,,1932-08-25 12:00,332.253,,,1933-02-27 12:00,158.675,,,1933-08-25 12:00,332.021,,,1934-02-27 12:00,158.431,,,1934-08-25 12:00,331.792,,,1935-02-27 12:00,158.186,,,1935-08-25 12:00,331.557,,,,,,
,,,,1927-02-28 12:00,159.121,,,1927-08-26 12:00,332.455,,,1928-02-29 12:00,159.886,,,1928-08-26 12:00,333.186,,,1929-02-28 12:00,159.638,,,1929-08-26 12:00,332.952,,,1930-02-28 12:00,159.397,,,1930-08-26 12:00,332.723,,,1931-02-28 12:00,159.159,,,1931-08-26 12:00,332.49,,,1932-02-29 12:00,159.917,,,1932-08-26 12:00,333.218,,,1933-02-28 12:00,159.68,,,1933-08-26 12:00,332.987,,,1934-02-28 12:00,159.434,,,1934-08-26 12:00,332.757,,,1935-02-28 12:00,159.191,,,1935-08-26 12:00,332.523,,,,,,
,,,,1927-03-01 12:00,160.125,,,1927-08-27 12:00,333.421,,,1928-03-01 12:00,160.889,,,1928-08-27 12:00,334.151,,,1929-03-01 12:00,160.641,,,1929-08-27 12:00,333.918,,,1930-03-01 12:00,160.4,,,1930-08-27 12:00,333.689,,,1931-03-01 12:00,160.162,,,1931-08-27 12:00,333.455,,,1932-03-01 12:00,160.92,,,1932-08-27 12:00,334.184,,,1933-03-01 12:00,160.683,,,1933-08-27 12:00,333.952,,,1934-03-01 12:00,160.438,,,1934-08-27 12:00,333.722,,,1935-03-01 12:00,160.195,,,1935-08-27 12:00,333.488,,,,,,
,,,,1927-03-02 12:00,161.128,,,1927-08-28 12:00,334.387,,,1928-03-02 12:00,161.892,,,1928-08-28 12:00,335.117,,,1929-03-02 12:00,161.644,,,1929-08-28 12:00,334.884,,,1930-03-02 12:00,161.404,,,1930-08-28 12:00,334.655,,,1931-03-02 12:00,161.165,,,1931-08-28 12:00,334.421,,,1932-03-02 12:00,161.923,,,1932-08-28 12:00,335.151,,,1933-03-02 12:00,161.686,,,1933-08-28 12:00,334.919,,,1934-03-02 12:00,161.44,,,1934-08-28 12:00,334.688,,,1935-03-02 12:00,161.198,,,1935-08-28 12:00,334.455,,,,,,
,,,,1927-03-03 12:00,162.131,,,1927-08-29 12:00,335.354,,,1928-03-03 12:00,162.894,,,1928-08-29 12:00,336.084,,,1929-03-03 12:00,162.646,,,1929-08-29 12:00,335.851,,,1930-03-03 12:00,162.406,,,1930-08-29 12:00,335.622,,,1931-03-03 12:00,162.167,,,1931-08-29 12:00,335.387,,,1932-03-03 12:00,162.926,,,1932-08-29 12:00,336.118,,,1933-03-03 12:00,162.689,,,1933-08-29 12:00,335.885,,,1934-03-03 12:00,162.442,,,1934-08-29 12:00,335.654,,,1935-03-03 12:00,162.201,,,1935-08-29 12:00,335.421,,,,,,
,,,,1927-03-04 12:00,163.134,,,1927-08-30 12:00,336.321,,,1928-03-04 12:00,163.896,,,1928-08-30 12:00,337.05,,,1929-03-04 12:00,163.648,,,1929-08-30 12:00,336.818,,,1930-03-04 12:00,163.409,,,1930-08-30 12:00,336.589,,,1931-03-04 12:00,163.169,,,1931-08-30 12:00,336.353,,,1932-03-04 12:00,163.928,,,1932-08-30 12:00,337.086,,,1933-03-04 12:00,163.691,,,1933-08-30 12:00,336.852,,,1934-03-04 12:00,163.444,,,1934-08-30 12:00,336.621,,,1935-03-04 12:00,163.204,,,1935-08-30 12:00,336.388,,,,,,
,,,,1927-03-05 12:00,164.136,,,1927-08-31 12:00,337.288,,,1928-03-05 12:00,164.896,,,1928-08-31 12:00,338.018,,,1929-03-05 12:00,164.65,,,1929-08-31 12:00,337.786,,,1930-03-05 12:00,164.41,,,1930-08-31 12:00,337.556,,,1931-03-05 12:00,164.17,,,1931-08-31 12:00,337.32,,,1932-03-05 12:00,164.93,,,1932-08-31 12:00,338.054,,,1933-03-05 12:00,164.692,,,1933-08-31 12:00,337.82,,,1934-03-05 12:00,164.445,,,1934-08-31 12:00,337.588,,,1935-03-05 12:00,164.206,,,1935-08-31 12:00,337.356,,,,,,
,,,,1927-03-06 12:00,165.138,,,1927-09-01 12:00,338.256,,,1928-03-06 12:00,165.897,,,1928-09-01 12:00,338.985,,,1929-03-06 12:00,165.651,,,1929-09-01 12:00,338.755,,,1930-03-06 12:00,165.411,,,1930-09-01 12:00,338.524,,,1931-03-06 12:00,165.171,,,1931-09-01 12:00,338.288,,,1932-03-06 12:00,165.931,,,1932-09-01 12:00,339.022,,,1933-03-06 12:00,165.693,,,1933-09-01 12:00,338.787,,,1934-03-06 12:00,165.446,,,1934-09-01 12:00,338.556,,,1935-03-06 12:00,165.207,,,1935-09-01 12:00,338.324,,,,,,
,,,,1927-03-07 12:00,166.139,,,1927-09-02 12:00,339.224,,,1928-03-07 12:00,166.897,,,1928-09-02 12:00,339.953,,,1929-03-07 12:00,166.651,,,1929-09-02 12:00,339.723,,,1930-03-07 12:00,166.412,,,1930-09-02 12:00,339.492,,,1931-03-07 12:00,166.171,,,1931-09-02 12:00,339.256,,,1932-03-07 12:00,166.931,,,1932-09-02 12:00,339.991,,,1933-03-07 12:00,166.693,,,1933-09-02 12:00,339.755,,,1934-03-07 12:00,166.446,,,1934-09-02 12:00,339.524,,,1935-03-07 12:00,166.208,,,1935-09-02 12:00,339.292,,,,,,
,,,,1927-03-08 12:00,167.139,,,1927-09-03 12:00,340.193,,,1928-03-08 12:00,167.896,,,1928-09-03 12:00,340.922,,,1929-03-08 12:00,167.652,,,1929-09-03 12:00,340.693,,,1930-03-08 12:00,167.412,,,1930-09-03 12:00,340.461,,,1931-03-08 12:00,167.171,,,1931-09-03 12:00,340.224,,,1932-03-08 12:00,167.931,,,1932-09-03 12:00,340.96,,,1933-03-08 12:00,167.692,,,1933-09-03 12:00,340.724,,,1934-03-08 12:00,167.446,,,1934-09-03 12:00,340.493,,,1935-03-08 12:00,167.209,,,1935-09-03 12:00,340.261,,,,,,
,,,,1927-03-09 12:00,168.139,,,1927-09-04 12:00,341.162,,,1928-03-09 12:00,168.895,,,1928-09-04 12:00,341.891,,,1929-03-09 12:00,168.651,,,1929-09-04 12:00,341.662,,,1930-03-09 12:00,168.411,,,1930-09-04 12:00,341.43,,,1931-03-09 12:00,168.171,,,1931-09-04 12:00,341.193,,,1932-03-09 12:00,168.931,,,1932-09-04 12:00,341.93,,,1933-03-09 12:00,168.691,,,1933-09-04 12:00,341.693,,,1934-03-09 12:00,168.446,,,1934-09-04 12:00,341.463,,,1935-03-09 12:00,168.208,,,1935-09-04 12:00,341.23,,,,,,
,,,,1927-03-10 12:00,169.138,,,1927-09-05 12:00,342.131,,,1928-03-10 12:00,169.893,,,1928-09-05 12:00,342.861,,,1929-03-10 12:00,169.65,,,1929-09-05 12:00,342.633,,,1930-03-10 12:00,169.41,,,1930-09-05 12:00,342.399,,,1931-03-10 12:00,169.169,,,1931-09-05 12:00,342.163,,,1932-03-10 12:00,169.93,,,1932-09-05 12:00,342.9,,,1933-03-10 12:00,169.69,,,1933-09-05 12:00,342.662,,,1934-03-10 12:00,169.445,,,1934-09-05 12:00,342.433,,,1935-03-10 12:00,169.208,,,1935-09-05 12:00,342.2,,,,,,
,,,,1927-03-11 12:00,170.136,,,1927-09-06 12:00,343.101,,,1928-03-11 12:00,170.891,,,1928-09-06 12:00,343.831,,,1929-03-11 12:00,170.649,,,1929-09-06 12:00,343.603,,,1930-03-11 12:00,170.408,,,1930-09-06 12:00,343.369,,,1931-03-11 12:00,170.168,,,1931-09-06 12:00,343.133,,,1932-03-11 12:00,170.928,,,1932-09-06 12:00,343.871,,,1933-03-11 12:00,170.688,,,1933-09-06 12:00,343.632,,,1934-03-11 12:00,170.444,,,1934-09-06 12:00,343.403,,,1935-03-11 12:00,170.206,,,1935-09-06 12:00,343.17,,,,,,
,,,,1927-03-12 12:00,171.134,,,1927-09-07 12:00,344.072,,,1928-03-12 12:00,171.889,,,1928-09-07 12:00,344.802,,,1929-03-12 12:00,171.647,,,1929-09-07 12:00,344.574,,,1930-03-12 12:00,171.405,,,1930-09-07 12:00,344.339,,,1931-03-12 12:00,171.166,,,1931-09-07 12:00,344.104,,,1932-03-12 12:00,171.926,,,1932-09-07 12:00,344.842,,,1933-03-12 12:00,171.685,,,1933-09-07 12:00,344.603,,,1934-03-12 12:00,171.442,,,1934-09-07 12:00,344.374,,,1935-03-12 12:00,171.204,,,1935-09-07 12:00,344.14,,,,,,
,,,,1927-03-13 12:00,172.132,,,1927-09-08 12:00,345.042,,,1928-03-13 12:00,172.886,,,1928-09-08 12:00,345.774,,,1929-03-13 12:00,172.644,,,1929-09-08 12:00,345.546,,,1930-03-13 12:00,172.402,,,1930-09-08 12:00,345.31,,,1931-03-13 12:00,172.164,,,1931-09-08 12:00,345.075,,,1932-03-13 12:00,172.923,,,1932-09-08 12:00,345.813,,,1933-03-13 12:00,172.681,,,1933-09-08 12:00,345.574,,,1934-03-13 12:00,172.439,,,1934-09-08 12:00,345.346,,,1935-03-13 12:00,172.202,,,1935-09-08 12:00,345.111,,,,,,
,,,,1927-03-14 12:00,173.128,,,1927-09-09 12:00,346.014,,,1928-03-14 12:00,173.882,,,1928-09-09 12:00,346.746,,,1929-03-14 12:00,173.641,,,1929-09-09 12:00,346.518,,,1930-03-14 12:00,173.398,,,1930-09-09 12:00,346.281,,,1931-03-14 12:00,173.161,,,1931-09-09 12:00,346.047,,,1932-03-14 12:00,173.92,,,1932-09-09 12:00,346.785,,,1933-03-14 12:00,173.678,,,1933-09-09 12:00,346.546,,,1934-03-14 12:00,173.436,,,1934-09-09 12:00,346.318,,,1935-03-14 12:00,173.198,,,1935-09-09 12:00,346.082,,,,,,
,,,,1927-03-15 12:00,174.125,,,1927-09-10 12:00,346.985,,,1928-03-15 12:00,174.878,,,1928-09-10 12:00,347.718,,,1929-03-15 12:00,174.637,,,1929-09-10 12:00,347.49,,,1930-03-15 12:00,174.394,,,1930-09-10 12:00,347.253,,,1931-03-15 12:00,174.157,,,1931-09-10 12:00,347.019,,,1932-03-15 12:00,174.916,,,1932-09-10 12:00,347.757,,,1933-03-15 12:00,174.673,,,1933-09-10 12:00,347.518,,,1934-03-15 12:00,174.433,,,1934-09-10 12:00,347.29,,,1935-03-15 12:00,174.195,,,1935-09-10 12:00,347.054,,,,,,
,,,,1927-03-16 12:00,175.12,,,1927-09-11 12:00,347.957,,,1928-03-16 12:00,175.874,,,1928-09-11 12:00,348.692,,,1929-03-16 12:00,175.633,,,1929-09-11 12:00,348.463,,,1930-03-16 12:00,175.389,,,1930-09-11 12:00,348.226,,,1931-03-16 12:00,175.153,,,1931-09-11 12:00,347.992,,,1932-03-16 12:00,175.911,,,1932-09-11 12:00,348.73,,,1933-03-16 12:00,175.669,,,1933-09-11 12:00,348.491,,,1934-03-16 12:00,175.429,,,1934-09-11 12:00,348.263,,,1935-03-16 12:00,175.19,,,1935-09-11 12:00,348.026,,,,,,
,,,,1927-03-17 12:00,176.115,,,1927-09-12 12:00,348.93,,,1928-03-17 12:00,176.869,,,1928-09-12 12:00,349.665,,,1929-03-17 12:00,176.628,,,1929-09-12 12:00,349.436,,,1930-03-17 12:00,176.384,,,1930-09-12 12:00,349.199,,,1931-03-17 12:00,176.149,,,1931-09-12 12:00,348.965,,,1932-03-17 12:00,176.906,,,1932-09-12 12:00,349.703,,,1933-03-17 12:00,176.663,,,1933-09-12 12:00,349.464,,,1934-03-17 12:00,176.424,,,1934-09-12 12:00,349.237,,,1935-03-17 12:00,176.185,,,1935-09-12 12:00,348.998,,,,,,
,,,,1927-03-18 12:00,177.109,,,1927-09-13 12:00,349.903,,,1928-03-18 12:00,177.863,,,1928-09-13 12:00,350.64,,,1929-03-18 12:00,177.623,,,1929-09-13 12:00,350.41,,,1930-03-18 12:00,177.378,,,1930-09-13 12:00,350.172,,,1931-03-18 12:00,177.144,,,1931-09-13 12:00,349.939,,,1932-03-18 12:00,177.9,,,1932-09-13 12:00,350.677,,,1933-03-18 12:00,177.658,,,1933-09-13 12:00,350.438,,,1934-03-18 12:00,177.419,,,1934-09-13 12:00,350.21,,,1935-03-18 12:00,177.179,,,1935-09-13 12:00,349.971,,,,,,
,,,,1927-03-19 12:00,178.103,,,1927-09-14 12:00,350.877,,,1928-03-19 12:00,178.858,,,1928-09-14 12:00,351.614,,,1929-03-19 12:00,178.616,,,1929-09-14 12:00,351.384,,,1930-03-19 12:00,178.372,,,1930-09-14 12:00,351.146,,,1931-03-19 12:00,178.138,,,1931-09-14 12:00,350.914,,,1932-03-19 12:00,178.893,,,1932-09-14 12:00,351.651,,,1933-03-19 12:00,178.652,,,1933-09-14 12:00,351.413,,,1934-03-19 12:00,178.414,,,1934-09-14 12:00,351.185,,,1935-03-19 12:00,178.173,,,1935-09-14 12:00,350.945,,,,,,
,,,,1927-03-20 12:00,179.096,,,1927-09-15 12:00,351.851,,,1928-03-20 12:00,179.851,,,1928-09-15 12:00,352.59,,,1929-03-20 12:00,179.609,,,1929-09-15 12:00,352.359,,,1930-03-20 12:00,179.365,,,1930-09-15 12:00,352.121,,,1931-03-20 12:00,179.132,,,1931-09-15 12:00,351.889,,,1932-03-20 12:00,179.886,,,1932-09-15 12:00,352.626,,,1933-03-20 12:00,179.645,,,1933-09-15 12:00,352.388,,,1934-03-20 12:00,179.407,,,1934-09-15 12:00,352.16,,,1935-03-20 12:00,179.166,,,1935-09-15 12:00,351.919,,,,,,
,,,,1927-03-21 12:00,180.089,,,1927-09-16 12:00,352.826,,,1928-03-21 12:00,180.844,,,1928-09-16 12:00,353.566,,,1929-03-21 12:00,180.602,,,1929-09-16 12:00,353.334,,,1930-03-21 12:00,180.357,,,1930-09-16 12:00,353.096,,,1931-03-21 12:00,180.126,,,1931-09-16 12:00,352.864,,,1932-03-21 12:00,180.878,,,1932-09-16 12:00,353.601,,,1933-03-21 12:00,180.638,,,1933-09-16 12:00,353.364,,,1934-03-21 12:00,180.4,,,1934-09-16 12:00,353.135,,,1935-03-21 12:00,180.159,,,1935-09-16 12:00,352.894,,,,,,
,,,,1927-03-22 12:00,181.081,,,1927-09-17 12:00,353.802,,,1928-03-22 12:00,181.837,,,1928-09-17 12:00,354.542,,,1929-03-22 12:00,181.594,,,1929-09-17 12:00,354.309,,,1930-03-22 12:00,181.35,,,1930-09-17 12:00,354.072,,,1931-03-22 12:00,181.118,,,1931-09-17 12:00,353.84,,,1932-03-22 12:00,181.87,,,1932-09-17 12:00,354.577,,,1933-03-22 12:00,181.63,,,1933-09-17 12:00,354.34,,,1934-03-22 12:00,181.393,,,1934-09-17 12:00,354.111,,,1935-03-22 12:00,181.151,,,1935-09-17 12:00,353.869,,,,,,
,,,,1927-03-23 12:00,182.073,,,1927-09-18 12:00,354.778,,,1928-03-23 12:00,182.828,,,1928-09-18 12:00,355.519,,,1929-03-23 12:00,182.585,,,1929-09-18 12:00,355.285,,,1930-03-23 12:00,182.341,,,1930-09-18 12:00,355.049,,,1931-03-23 12:00,182.11,,,1931-09-18 12:00,354.816,,,1932-03-23 12:00,182.861,,,1932-09-18 12:00,355.553,,,1933-03-23 12:00,182.622,,,1933-09-18 12:00,355.317,,,1934-03-23 12:00,182.384,,,1934-09-18 12:00,355.087,,,1935-03-23 12:00,182.143,,,1935-09-18 12:00,354.846,,,,,,
,,,,1927-03-24 12:00,183.064,,,1927-09-19 12:00,355.755,,,1928-03-24 12:00,183.82,,,1928-09-19 12:00,356.496,,,1929-03-24 12:00,183.576,,,1929-09-19 12:00,356.262,,,1930-03-24 12:00,183.333,,,1930-09-19 12:00,356.026,,,1931-03-24 12:00,183.102,,,1931-09-19 12:00,355.793,,,1932-03-24 12:00,183.851,,,1932-09-19 12:00,356.53,,,1933-03-24 12:00,183.613,,,1933-09-19 12:00,356.294,,,1934-03-24 12:00,183.375,,,1934-09-19 12:00,356.064,,,1935-03-24 12:00,183.134,,,1935-09-19 12:00,355.822,,,,,,
,,,,1927-03-25 12:00,184.055,,,1927-09-20 12:00,356.732,,,1928-03-25 12:00,184.81,,,1928-09-20 12:00,357.474,,,1929-03-25 12:00,184.566,,,1929-09-20 12:00,357.239,,,1930-03-25 12:00,184.323,,,1930-09-20 12:00,357.004,,,1931-03-25 12:00,184.093,,,1931-09-20 12:00,356.77,,,1932-03-25 12:00,184.841,,,1932-09-20 12:00,357.508,,,1933-03-25 12:00,184.604,,,1933-09-20 12:00,357.272,,,1934-03-25 12:00,184.366,,,1934-09-20 12:00,357.041,,,1935-03-25 12:00,184.124,,,1935-09-20 12:00,356.799,,,,,,
,,,,1927-03-26 12:00,185.045,,,1927-09-21 12:00,357.71,,,1928-03-26 12:00,185.8,,,1928-09-21 12:00,358.452,,,1929-03-26 12:00,185.555,,,1929-09-21 12:00,358.217,,,1930-03-26 12:00,185.314,,,1930-09-21 12:00,357.982,,,1931-03-26 12:00,185.083,,,1931-09-21 12:00,357.748,,,1932-03-26 12:00,185.831,,,1932-09-21 12:00,358.486,,,1933-03-26 12:00,185.594,,,1933-09-21 12:00,358.251,,,1934-03-26 12:00,185.356,,,1934-09-21 12:00,358.018,,,1935-03-26 12:00,185.114,,,1935-09-21 12:00,357.777,,,,,,
,,,,1927-03-27 12:00,186.035,,,1927-09-22 12:00,358.689,,,1928-03-27 12:00,186.79,,,1928-09-22 12:00,359.431,,,1929-03-27 12:00,186.544,,,1929-09-22 12:00,359.195,,,1930-03-27 12:00,186.303,,,1930-09-22 12:00,358.961,,,1931-03-27 12:00,186.073,,,1931-09-22 12:00,358.726,,,1932-03-27 12:00,186.82,,,1932-09-22 12:00,359.464,,,1933-03-27 12:00,186.584,,,1933-09-22 12:00,359.23,,,1934-03-27 12:00,186.345,,,1934-09-22 12:00,358.996,,,1935-03-27 12:00,186.104,,,1935-09-22 12:00,358.756,,,,,,
,,,,1927-03-28 12:00,187.024,,,1927-09-23 12:00,359.668,,,1928-03-28 12:00,187.778,,,1928-09-23 12:00,0.41,,,1929-03-28 12:00,187.532,,,1929-09-23 12:00,0.174000000001,,,1930-03-28 12:00,187.293,,,1930-09-23 12:00,359.94,,,1931-03-28 12:00,187.062,,,1931-09-23 12:00,359.704,,,1932-03-28 12:00,187.809,,,1932-09-23 12:00,0.444,,,1933-03-28 12:00,187.573,,,1933-09-23 12:00,0.209000000001,,,1934-03-28 12:00,187.334,,,1934-09-23 12:00,359.975,,,1935-03-28 12:00,187.093,,,1935-09-23 12:00,359.735,,,,,,
,,,,1927-03-29 12:00,188.013,,,1927-09-24 12:00,0.647,,,1928-03-29 12:00,188.766,,,1928-09-24 12:00,1.39,,,1929-03-29 12:00,188.52,,,1929-09-24 12:00,1.154,,,1930-03-29 12:00,188.281,,,1930-09-24 12:00,0.92,,,1931-03-29 12:00,188.05,,,1931-09-24 12:00,0.683000000001,,,1932-03-29 12:00,188.797,,,1932-09-24 12:00,1.424,,,1933-03-29 12:00,188.561,,,1933-09-24 12:00,1.189,,,1934-03-29 12:00,188.322,,,1934-09-24 12:00,0.954,,,1935-03-29 12:00,188.082,,,1935-09-24 12:00,0.715,,,,,,
,,,,1927-03-30 12:00,189.001,,,1927-09-25 12:00,1.628,,,1928-03-30 12:00,189.754,,,1928-09-25 12:00,2.37,,,1929-03-30 12:00,189.508,,,1929-09-25 12:00,2.134,,,1930-03-30 12:00,189.269,,,1930-09-25 12:00,1.901,,,1931-03-30 12:00,189.038,,,1931-09-25 12:00,1.663,,,1932-03-30 12:00,189.784,,,1932-09-25 12:00,2.405,,,1933-03-30 12:00,189.549,,,1933-09-25 12:00,2.17,,,1934-03-30 12:00,189.309,,,1934-09-25 12:00,1.934,,,1935-03-30 12:00,189.07,,,1935-09-25 12:00,1.695,,,,,,
,,,,1927-03-31 12:00,189.989,,,1927-09-26 12:00,2.609,,,1928-03-31 12:00,190.741,,,1928-09-26 12:00,3.351,,,1929-03-31 12:00,190.495,,,1929-09-26 12:00,3.115,,,1930-03-31 12:00,190.257,,,1930-09-26 12:00,2.882,,,1931-03-31 12:00,190.025,,,1931-09-26 12:00,2.643,,,1932-03-31 12:00,190.771,,,1932-09-26 12:00,3.386,,,1933-03-31 12:00,190.537,,,1933-09-26 12:00,3.151,,,1934-03-31 12:00,190.296,,,1934-09-26 12:00,2.914,,,1935-03-31 12:00,190.058,,,1935-09-26 12:00,2.676,,,,,,
,,,,1927-04-01 12:00,190.976,,,1927-09-27 12:00,3.59,,,1928-04-01 12:00,191.727,,,1928-09-27 12:00,4.332,,,1929-04-01 12:00,191.481,,,1929-09-27 12:00,4.096,,,1930-04-01 12:00,191.244,,,1930-09-27 12:00,3.863,,,1931-04-01 12:00,191.011,,,1931-09-27 12:00,3.624,,,1932-04-01 12:00,191.758,,,1932-09-27 12:00,4.368,,,1933-04-01 12:00,191.523,,,1933-09-27 12:00,4.132,,,1934-04-01 12:00,191.282,,,1934-09-27 12:00,3.895,,,1935-04-01 12:00,191.045,,,1935-09-27 12:00,3.657,,,,,,
,,,,1927-04-02 12:00,191.963,,,1927-09-28 12:00,4.572,,,1928-04-02 12:00,192.712,,,1928-09-28 12:00,5.313,,,1929-04-02 12:00,192.467,,,1929-09-28 12:00,5.079,,,1930-04-02 12:00,192.23,,,1930-09-28 12:00,4.845,,,1931-04-02 12:00,191.997,,,1931-09-28 12:00,4.605,,,1932-04-02 12:00,192.744,,,1932-09-28 12:00,5.35,,,1933-04-02 12:00,192.509,,,1933-09-28 12:00,5.114,,,1934-04-02 12:00,192.268,,,1934-09-28 12:00,4.877,,,1935-04-02 12:00,192.031,,,1935-09-28 12:00,4.639,,,,,,
,,,,1927-04-03 12:00,192.949,,,1927-09-29 12:00,5.554,,,1928-04-03 12:00,193.697,,,1928-09-29 12:00,6.296,,,1929-04-03 12:00,193.452,,,1929-09-29 12:00,6.061,,,1930-04-03 12:00,193.216,,,1930-09-29 12:00,5.828,,,1931-04-03 12:00,192.982,,,1931-09-29 12:00,5.587,,,1932-04-03 12:00,193.729,,,1932-09-29 12:00,6.333,,,1933-04-03 12:00,193.494,,,1933-09-29 12:00,6.096,,,1934-04-03 12:00,193.253,,,1934-09-29 12:00,5.859,,,1935-04-03 12:00,193.017,,,1935-09-29 12:00,5.622,,,,,,
,,,,1927-04-04 12:00,193.935,,,1927-09-30 12:00,6.537,,,1928-04-04 12:00,194.681,,,1928-09-30 12:00,7.278,,,1929-04-04 12:00,194.437,,,1929-09-30 12:00,7.045,,,1930-04-04 12:00,194.201,,,1930-09-30 12:00,6.811,,,1931-04-04 12:00,193.967,,,1931-09-30 12:00,6.569,,,1932-04-04 12:00,194.714,,,1932-09-30 12:00,7.317,,,1933-04-04 12:00,194.479,,,1933-09-30 12:00,7.079,,,1934-04-04 12:00,194.238,,,1934-09-30 12:00,6.842,,,1935-04-04 12:00,194.003,,,1935-09-30 12:00,6.605,,,,,,
,,,,1927-04-05 12:00,194.919,,,1927-10-01 12:00,7.521,,,1928-04-05 12:00,195.665,,,1928-10-01 12:00,8.262,,,1929-04-05 12:00,195.422,,,1929-10-01 12:00,8.029,,,1930-04-05 12:00,195.185,,,1930-10-01 12:00,7.794,,,1931-04-05 12:00,194.951,,,1931-10-01 12:00,7.553,,,1932-04-05 12:00,195.699,,,1932-10-01 12:00,8.301,,,1933-04-05 12:00,195.463,,,1933-10-01 12:00,8.063,,,1934-04-05 12:00,195.222,,,1934-10-01 12:00,7.826,,,1935-04-05 12:00,194.988,,,1935-10-01 12:00,7.588,,,,,,
,,,,1927-04-06 12:00,195.904,,,1927-10-02 12:00,8.505,,,1928-04-06 12:00,196.648,,,1928-10-02 12:00,9.246,,,1929-04-06 12:00,196.406,,,1929-10-02 12:00,9.013,,,1930-04-06 12:00,196.169,,,1930-10-02 12:00,8.778,,,1931-04-06 12:00,195.934,,,1931-10-02 12:00,8.536,,,1932-04-06 12:00,196.682,,,1932-10-02 12:00,9.286,,,1933-04-06 12:00,196.446,,,1933-10-02 12:00,9.046,,,1934-04-06 12:00,196.206,,,1934-10-02 12:00,8.81,,,1935-04-06 12:00,195.972,,,1935-10-02 12:00,8.572,,,,,,
,,,,1927-04-07 12:00,196.887,,,1927-10-03 12:00,9.489,,,1928-04-07 12:00,197.631,,,1928-10-03 12:00,10.23,,,1929-04-07 12:00,197.389,,,1929-10-03 12:00,9.998,,,1930-04-07 12:00,197.152,,,1930-10-03 12:00,9.762,,,1931-04-07 12:00,196.918,,,1931-10-03 12:00,9.521,,,1932-04-07 12:00,197.666,,,1932-10-03 12:00,10.271,,,1933-04-07 12:00,197.429,,,1933-10-03 12:00,10.031,,,1934-04-07 12:00,197.189,,,1934-10-03 12:00,9.795,,,1935-04-07 12:00,196.956,,,1935-10-03 12:00,9.557,,,,,,
,,,,1927-04-08 12:00,197.87,,,1927-10-04 12:00,10.475,,,1928-04-08 12:00,198.613,,,1928-10-04 12:00,11.216,,,1929-04-08 12:00,198.372,,,1929-10-04 12:00,10.984,,,1930-04-08 12:00,198.135,,,1930-10-04 12:00,10.747,,,1931-04-08 12:00,197.9,,,1931-10-04 12:00,10.506,,,1932-04-08 12:00,198.648,,,1932-10-04 12:00,11.257,,,1933-04-08 12:00,198.411,,,1933-10-04 12:00,11.016,,,1934-04-08 12:00,198.172,,,1934-10-04 12:00,10.78,,,1935-04-08 12:00,197.939,,,1935-10-04 12:00,10.542,,,,,,
,,,,1927-04-09 12:00,198.853,,,1927-10-05 12:00,11.46,,,1928-04-09 12:00,199.595,,,1928-10-05 12:00,12.202,,,1929-04-09 12:00,199.354,,,1929-10-05 12:00,11.97,,,1930-04-09 12:00,199.116,,,1930-10-05 12:00,11.733,,,1931-04-09 12:00,198.882,,,1931-10-05 12:00,11.491,,,1932-04-09 12:00,199.631,,,1932-10-05 12:00,12.243,,,1933-04-09 12:00,199.393,,,1933-10-05 12:00,12.001,,,1934-04-09 12:00,199.154,,,1934-10-05 12:00,11.766,,,1935-04-09 12:00,198.921,,,1935-10-05 12:00,11.528,,,,,,
,,,,1927-04-10 12:00,199.834,,,1927-10-06 12:00,12.446,,,1928-04-10 12:00,200.576,,,1928-10-06 12:00,13.188,,,1929-04-10 12:00,200.336,,,1929-10-06 12:00,12.957,,,1930-04-10 12:00,200.098,,,1930-10-06 12:00,12.718,,,1931-04-10 12:00,199.864,,,1931-10-06 12:00,12.478,,,1932-04-10 12:00,200.612,,,1932-10-06 12:00,13.23,,,1933-04-10 12:00,200.374,,,1933-10-06 12:00,12.988,,,1934-04-10 12:00,200.136,,,1934-10-06 12:00,12.753,,,1935-04-10 12:00,199.903,,,1935-10-06 12:00,12.514,,,,,,
,,,,1927-04-11 12:00,200.815,,,1927-10-07 12:00,13.432,,,1928-04-11 12:00,201.556,,,1928-10-07 12:00,14.176,,,1929-04-11 12:00,201.317,,,1929-10-07 12:00,13.944,,,1930-04-11 12:00,201.078,,,1930-10-07 12:00,13.705,,,1931-04-11 12:00,200.845,,,1931-10-07 12:00,13.465,,,1932-04-11 12:00,201.593,,,1932-10-07 12:00,14.217,,,1933-04-11 12:00,201.354,,,1933-10-07 12:00,13.974,,,1934-04-11 12:00,201.117,,,1934-10-07 12:00,13.74,,,1935-04-11 12:00,200.884,,,1935-10-07 12:00,13.5,,,,,,
,,,,1927-04-12 12:00,201.796,,,1927-10-08 12:00,14.419,,,1928-04-12 12:00,202.537,,,1928-10-08 12:00,15.164,,,1929-04-12 12:00,202.298,,,1929-10-08 12:00,14.932,,,1930-04-12 12:00,202.058,,,1930-10-08 12:00,14.692,,,1931-04-12 12:00,201.826,,,1931-10-08 12:00,14.452,,,1932-04-12 12:00,202.573,,,1932-10-08 12:00,15.205,,,1933-04-12 12:00,202.334,,,1933-10-08 12:00,14.962,,,1934-04-12 12:00,202.098,,,1934-10-08 12:00,14.728,,,1935-04-12 12:00,201.865,,,1935-10-08 12:00,14.488,,,,,,
,,,,1927-04-13 12:00,202.776,,,1927-10-09 12:00,15.407,,,1928-04-13 12:00,203.516,,,1928-10-09 12:00,16.152,,,1929-04-13 12:00,203.278,,,1929-10-09 12:00,15.921,,,1930-04-13 12:00,203.038,,,1930-10-09 12:00,15.68,,,1931-04-13 12:00,202.806,,,1931-10-09 12:00,15.44,,,1932-04-13 12:00,203.553,,,1932-10-09 12:00,16.193,,,1933-04-13 12:00,203.313,,,1933-10-09 12:00,15.95,,,1934-04-13 12:00,203.078,,,1934-10-09 12:00,15.716,,,1935-04-13 12:00,202.845,,,1935-10-09 12:00,15.475,,,,,,
,,,,1927-04-14 12:00,203.755,,,1927-10-10 12:00,16.395,,,1928-04-14 12:00,204.496,,,1928-10-10 12:00,17.141,,,1929-04-14 12:00,204.257,,,1929-10-10 12:00,16.909,,,1930-04-14 12:00,204.017,,,1930-10-10 12:00,16.668,,,1931-04-14 12:00,203.786,,,1931-10-10 12:00,16.429,,,1932-04-14 12:00,204.532,,,1932-10-10 12:00,17.182,,,1933-04-14 12:00,204.292,,,1933-10-10 12:00,16.939,,,1934-04-14 12:00,204.058,,,1934-10-10 12:00,16.705,,,1935-04-14 12:00,203.824,,,1935-10-10 12:00,16.463,,,,,,
,,,,1927-04-15 12:00,204.733,,,1927-10-11 12:00,17.383,,,1928-04-15 12:00,205.474,,,1928-10-11 12:00,18.131,,,1929-04-15 12:00,205.236,,,1929-10-11 12:00,17.899,,,1930-04-15 12:00,204.995,,,1930-10-11 12:00,17.657,,,1931-04-15 12:00,204.765,,,1931-10-11 12:00,17.418,,,1932-04-15 12:00,205.51,,,1932-10-11 12:00,18.171,,,1933-04-15 12:00,205.271,,,1933-10-11 12:00,17.928,,,1934-04-15 12:00,205.037,,,1934-10-11 12:00,17.695,,,1935-04-15 12:00,204.802,,,1935-10-11 12:00,17.452,,,,,,
,,,,1927-04-16 12:00,205.711,,,1927-10-12 12:00,18.373,,,1928-04-16 12:00,206.452,,,1928-10-12 12:00,19.121,,,1929-04-16 12:00,206.214,,,1929-10-12 12:00,18.888,,,1930-04-16 12:00,205.973,,,1930-10-12 12:00,18.646,,,1931-04-16 12:00,205.744,,,1931-10-12 12:00,18.408,,,1932-04-16 12:00,206.488,,,1932-10-12 12:00,19.161,,,1933-04-16 12:00,206.249,,,1933-10-12 12:00,18.918,,,1934-04-16 12:00,206.016,,,1934-10-12 12:00,18.685,,,1935-04-16 12:00,205.781,,,1935-10-12 12:00,18.441,,,,,,
,,,,1927-04-17 12:00,206.689,,,1927-10-13 12:00,19.362,,,1928-04-17 12:00,207.43,,,1928-10-13 12:00,20.112,,,1929-04-17 12:00,207.192,,,1929-10-13 12:00,19.879,,,1930-04-17 12:00,206.95,,,1930-10-13 12:00,19.636,,,1931-04-17 12:00,206.722,,,1931-10-13 12:00,19.399,,,1932-04-17 12:00,207.465,,,1932-10-13 12:00,20.151,,,1933-04-17 12:00,207.226,,,1933-10-13 12:00,19.909,,,1934-04-17 12:00,206.994,,,1934-10-13 12:00,19.675,,,1935-04-17 12:00,206.758,,,1935-10-13 12:00,19.431,,,,,,
,,,,1927-04-18 12:00,207.666,,,1927-10-14 12:00,20.353,,,1928-04-18 12:00,208.407,,,1928-10-14 12:00,21.104,,,1929-04-18 12:00,208.169,,,1929-10-14 12:00,20.87,,,1930-04-18 12:00,207.927,,,1930-10-14 12:00,20.627,,,1931-04-18 12:00,207.7,,,1931-10-14 12:00,20.39,,,1932-04-18 12:00,208.442,,,1932-10-14 12:00,21.142,,,1933-04-18 12:00,208.203,,,1933-10-14 12:00,20.9,,,1934-04-18 12:00,207.971,,,1934-10-14 12:00,20.666,,,1935-04-18 12:00,207.735,,,1935-10-14 12:00,20.421,,,,,,
,,,,1927-04-19 12:00,208.642,,,1927-10-15 12:00,21.344,,,1928-04-19 12:00,209.384,,,1928-10-15 12:00,22.096,,,1929-04-19 12:00,209.145,,,1929-10-15 12:00,21.861,,,1930-04-19 12:00,208.904,,,1930-10-15 12:00,21.619,,,1931-04-19 12:00,208.677,,,1931-10-15 12:00,21.381,,,1932-04-19 12:00,209.418,,,1932-10-15 12:00,22.133,,,1933-04-19 12:00,209.18,,,1933-10-15 12:00,21.892,,,1934-04-19 12:00,208.948,,,1934-10-15 12:00,21.658,,,1935-04-19 12:00,208.711,,,1935-10-15 12:00,21.412,,,,,,
,,,,,,,,1927-10-16 12:00,22.336,,,,,,,1928-10-16 12:00,23.089,,,,,,,1929-10-16 12:00,22.853,,,,,,,1930-10-16 12:00,22.611,,,,,,,1931-10-16 12:00,22.373,,,,,,,1932-10-16 12:00,23.125,,,,,,,1933-10-16 12:00,22.884,,,,,,,1934-10-16 12:00,22.65,,,,,,,1935-10-16 12:00,22.404,,,,,,
,,,,,,,,1927-10-17 12:00,23.328,,,,,,,1928-10-17 12:00,24.082,,,,,,,1929-10-17 12:00,23.845,,,,,,,1930-10-17 12:00,23.604,,,,,,,1931-10-17 12:00,23.366,,,,,,,1932-10-17 12:00,24.118,,,,,,,1933-10-17 12:00,23.877,,,,,,,1934-10-17 12:00,23.642,,,,,,,1935-10-17 12:00,23.396,,,,,,
,,,,,,,,1927-10-18 12:00,24.321,,,,,,,1928-10-18 12:00,25.075,,,,,,,1929-10-18 12:00,24.838,,,,,,,1930-10-18 12:00,24.597,,,,,,,1931-10-18 12:00,24.359,,,,,,,1932-10-18 12:00,25.111,,,,,,,1933-10-18 12:00,24.871,,,,,,,1934-10-18 12:00,24.635,,,,,,,1935-10-18 12:00,24.389,,,,,,
,,,,,,,,1927-10-19 12:00,25.315,,,,,,,1928-10-19 12:00,26.07,,,,,,,1929-10-19 12:00,25.831,,,,,,,1930-10-19 12:00,25.591,,,,,,,1931-10-19 12:00,25.352,,,,,,,1932-10-19 12:00,26.105,,,,,,,1933-10-19 12:00,25.865,,,,,,,1934-10-19 12:00,25.628,,,,,,,1935-10-19 12:00,25.382,,,,,,
,,,,,,,,1927-10-20 12:00,26.309,,,,,,,1928-10-20 12:00,27.064,,,,,,,1929-10-20 12:00,26.825,,,,,,,1930-10-20 12:00,26.585,,,,,,,1931-10-20 12:00,26.346,,,,,,,1932-10-20 12:00,27.099,,,,,,,1933-10-20 12:00,26.86,,,,,,,1934-10-20 12:00,26.622,,,,,,,1935-10-20 12:00,26.377,,,,,,
,,,,,,,,1927-10-21 12:00,27.304,,,,,,,1928-10-21 12:00,28.059,,,,,,,1929-10-21 12:00,27.82,,,,,,,1930-10-21 12:00,27.581,,,,,,,1931-10-21 12:00,27.341,,,,,,,1932-10-21 12:00,28.094,,,,,,,1933-10-21 12:00,27.856,,,,,,,1934-10-21 12:00,27.617,,,,,,,1935-10-21 12:00,27.371,,,,,,
,,,,,,,,1927-10-22 12:00,28.299,,,,,,,1928-10-22 12:00,29.055,,,,,,,1929-10-22 12:00,28.815,,,,,,,1930-10-22 12:00,28.576,,,,,,,1931-10-22 12:00,28.336,,,,,,,1932-10-22 12:00,29.09,,,,,,,1933-10-22 12:00,28.852,,,,,,,1934-10-22 12:00,28.612,,,,,,,1935-10-22 12:00,28.367,,,,,,
,,,,,,,,1927-10-23 12:00,29.295,,,,,,,,,,,,,,,,,,,,,,,,,,,,,,,1931-10-23 12:00,29.331,,,,,,,,,,,,,,,,,,,,,,,,,,,,,,,1935-10-23 12:00,29.363,,,,,,
,,,,,,,,,,,,,,,,,,,,,,,,,,,,,,,,,,,,,,,,,,,,,,,,,,,,,,,,,,,,,,,,,,,,,,,,,,,,,,,
