Timestamp,H.Mars,HighPrice,LowPrice,Timestamp,H.Mars,HighPrice,LowPrice,Timestamp,H.Mars,HighPrice,LowPrice,Timestamp,H.Mars,HighPrice,LowPrice,Timestamp,H.Mars,HighPrice,LowPrice,Timestamp,H.Mars,HighPrice,LowPrice,Timestamp,H.Mars,HighPrice,LowPrice,Timestamp,H.Mars,HighPrice,LowPrice,Timestamp,H.Mars,HighPrice,LowPrice,Timestamp,H.Mars,HighPrice,LowPrice,Timestamp,H.Mars,HighPrice,LowPrice
,,,,1926-10-23 12:00,34.478,,,1927-11-06 12:00,214.618,,,1928-09-09 12:00,34.508,,,1929-09-23 12:00,214.652,,,1930-07-28 12:00,34.56,,,1931-08-11 12:00,214.678,,,1932-06-14 12:00,34.614,,,1933-06-28 12:00,214.727,,,1934-05-02 12:00,34.636,,,1935-05-16 12:00,214.775,,
,,,,1926-10-24 12:00,35.059,,,1927-11-07 12:00,215.101,,,1928-09-10 12:00,35.089,,,1929-09-24 12:00,215.134,,,1930-07-29 12:00,35.141,,,1931-08-12 12:00,215.161,,,1932-06-15 12:00,35.196,,,1933-06-29 12:00,215.21,,,1934-05-03 12:00,35.218,,,1935-05-17 12:00,215.258,,
,,,,1926-10-25 12:00,35.639,,,1927-11-08 12:00,215.584,,,1928-09-11 12:00,35.669,,,1929-09-25 12:00,215.618,,,1930-07-30 12:00,35.721,,,1931-08-13 12:00,215.644,,,1932-06-16 12:00,35.776,,,1933-06-30 12:00,215.693,,,1934-05-04 12:00,35.798,,,1935-05-18 12:00,215.741,,
,,,,1926-10-26 12:00,36.219,,,1927-11-09 12:00,216.068,,,1928-09-12 12:00,36.249,,,1929-09-26 12:00,216.102,,,1930-07-31 12:00,36.3,,,1931-08-14 12:00,216.128,,,1932-06-17 12:00,36.356,,,1933-07-01 12:00,216.177,,,1934-05-05 12:00,36.378,,,1935-05-19 12:00,216.225,,
,,,,1926-10-27 12:00,36.797,,,1927-11-10 12:00,216.552,,,1928-09-13 12:00,36.828,,,1929-09-27 12:00,216.587,,,1930-08-01 12:00,36.879,,,1931-08-15 12:00,216.612,,,1932-06-18 12:00,36.934,,,1933-07-02 12:00,216.662,,,1934-05-06 12:00,36.957,,,1935-05-20 12:00,216.71,,
,,,,1926-10-28 12:00,37.375,,,1927-11-11 12:00,217.038,,,1928-09-14 12:00,37.405,,,1929-09-28 12:00,217.072,,,1930-08-02 12:00,37.456,,,1931-08-16 12:00,217.098,,,1932-06-19 12:00,37.512,,,1933-07-03 12:00,217.147,,,1934-05-07 12:00,37.535,,,1935-05-21 12:00,217.195,,
,,,,1926-10-29 12:00,37.952,,,1927-11-12 12:00,217.524,,,1928-09-15 12:00,37.982,,,1929-09-29 12:00,217.558,,,1930-08-03 12:00,38.033,,,1931-08-17 12:00,217.584,,,1932-06-20 12:00,38.089,,,1933-07-04 12:00,217.633,,,1934-05-08 12:00,38.112,,,1935-05-22 12:00,217.681,,
,,,,1926-10-30 12:00,38.527,,,1927-11-13 12:00,218.011,,,1928-09-16 12:00,38.558,,,1929-09-30 12:00,218.045,,,1930-08-04 12:00,38.609,,,1931-08-18 12:00,218.07,,,1932-06-21 12:00,38.665,,,1933-07-05 12:00,218.12,,,1934-05-09 12:00,38.687,,,1935-05-23 12:00,218.168,,
,,,,1926-10-31 12:00,39.102,,,1927-11-14 12:00,218.498,,,1928-09-17 12:00,39.133,,,1929-10-01 12:00,218.533,,,1930-08-05 12:00,39.184,,,1931-08-19 12:00,218.558,,,1932-06-22 12:00,39.239,,,1933-07-06 12:00,218.607,,,1934-05-10 12:00,39.262,,,1935-05-24 12:00,218.656,,
,,,,1926-11-01 12:00,39.676,,,1927-11-15 12:00,218.986,,,1928-09-18 12:00,39.707,,,1929-10-02 12:00,219.021,,,1930-08-06 12:00,39.757,,,1931-08-20 12:00,219.046,,,1932-06-23 12:00,39.813,,,1933-07-07 12:00,219.095,,,1934-05-11 12:00,39.836,,,1935-05-25 12:00,219.144,,
,,,,1926-11-02 12:00,40.249,,,1927-11-16 12:00,219.475,,,1928-09-19 12:00,40.28,,,1929-10-03 12:00,219.51,,,1930-08-07 12:00,40.33,,,1931-08-21 12:00,219.535,,,1932-06-24 12:00,40.386,,,1933-07-08 12:00,219.584,,,1934-05-12 12:00,40.41,,,1935-05-26 12:00,219.633,,
,,,,1926-11-03 12:00,40.821,,,1927-11-17 12:00,219.965,,,1928-09-20 12:00,40.852,,,1929-10-04 12:00,220.0,,,1930-08-08 12:00,40.902,,,1931-08-22 12:00,220.025,,,1932-06-25 12:00,40.958,,,1933-07-09 12:00,220.074,,,1934-05-13 12:00,40.982,,,1935-05-27 12:00,220.122,,
,,,,1926-11-04 12:00,41.392,,,1927-11-18 12:00,220.455,,,1928-09-21 12:00,41.423,,,1929-10-05 12:00,220.49,,,1930-08-09 12:00,41.473,,,1931-08-23 12:00,220.515,,,1932-06-26 12:00,41.529,,,1933-07-10 12:00,220.564,,,1934-05-14 12:00,41.553,,,1935-05-28 12:00,220.613,,
,,,,1926-11-05 12:00,41.962,,,1927-11-19 12:00,220.946,,,1928-09-22 12:00,41.994,,,1929-10-06 12:00,220.981,,,1930-08-10 12:00,42.043,,,1931-08-24 12:00,221.006,,,1932-06-27 12:00,42.1,,,1933-07-11 12:00,221.055,,,1934-05-15 12:00,42.123,,,1935-05-29 12:00,221.104,,
,,,,1926-11-06 12:00,42.532,,,1927-11-20 12:00,221.438,,,1928-09-23 12:00,42.563,,,1929-10-07 12:00,221.473,,,1930-08-11 12:00,42.612,,,1931-08-25 12:00,221.498,,,1932-06-28 12:00,42.669,,,1933-07-12 12:00,221.547,,,1934-05-16 12:00,42.693,,,1935-05-30 12:00,221.596,,
,,,,1926-11-07 12:00,43.1,,,1927-11-21 12:00,221.931,,,1928-09-24 12:00,43.131,,,1929-10-08 12:00,221.966,,,1930-08-12 12:00,43.181,,,1931-08-26 12:00,221.991,,,1932-06-29 12:00,43.237,,,1933-07-13 12:00,222.04,,,1934-05-17 12:00,43.261,,,1935-05-31 12:00,222.089,,
,,,,1926-11-08 12:00,43.667,,,1927-11-22 12:00,222.424,,,1928-09-25 12:00,43.699,,,1929-10-09 12:00,222.46,,,1930-08-13 12:00,43.748,,,1931-08-27 12:00,222.484,,,1932-06-30 12:00,43.804,,,1933-07-14 12:00,222.533,,,1934-05-18 12:00,43.829,,,1935-06-01 12:00,222.582,,
,,,,1926-11-09 12:00,44.234,,,1927-11-23 12:00,222.918,,,1928-09-26 12:00,44.265,,,1929-10-10 12:00,222.954,,,1930-08-14 12:00,44.314,,,1931-08-28 12:00,222.978,,,1932-07-01 12:00,44.371,,,1933-07-15 12:00,223.027,,,1934-05-19 12:00,44.395,,,1935-06-02 12:00,223.076,,
,,,,1926-11-10 12:00,44.799,,,1927-11-24 12:00,223.413,,,1928-09-27 12:00,44.831,,,1929-10-11 12:00,223.449,,,1930-08-15 12:00,44.879,,,1931-08-29 12:00,223.473,,,1932-07-02 12:00,44.936,,,1933-07-16 12:00,223.522,,,1934-05-20 12:00,44.961,,,1935-06-03 12:00,223.571,,
,,,,1926-11-11 12:00,45.364,,,1927-11-25 12:00,223.909,,,1928-09-28 12:00,45.395,,,1929-10-12 12:00,223.945,,,1930-08-16 12:00,45.444,,,1931-08-30 12:00,223.969,,,1932-07-03 12:00,45.501,,,1933-07-17 12:00,224.017,,,1934-05-21 12:00,45.525,,,1935-06-04 12:00,224.067,,
,,,,1926-11-12 12:00,45.927,,,1927-11-26 12:00,224.406,,,1928-09-29 12:00,45.959,,,1929-10-13 12:00,224.441,,,1930-08-17 12:00,46.007,,,1931-08-31 12:00,224.465,,,1932-07-04 12:00,46.064,,,1933-07-18 12:00,224.514,,,1934-05-22 12:00,46.089,,,1935-06-05 12:00,224.564,,
,,,,1926-11-13 12:00,46.49,,,1927-11-27 12:00,224.903,,,1928-09-30 12:00,46.522,,,1929-10-14 12:00,224.939,,,1930-08-18 12:00,46.57,,,1931-09-01 12:00,224.962,,,1932-07-05 12:00,46.627,,,1933-07-19 12:00,225.011,,,1934-05-23 12:00,46.652,,,1935-06-06 12:00,225.061,,
,,,,1926-11-14 12:00,47.051,,,1927-11-28 12:00,225.401,,,1928-10-01 12:00,47.083,,,1929-10-15 12:00,225.437,,,1930-08-19 12:00,47.131,,,1931-09-02 12:00,225.46,,,1932-07-06 12:00,47.189,,,1933-07-20 12:00,225.509,,,1934-05-24 12:00,47.214,,,1935-06-07 12:00,225.559,,
,,,,1926-11-15 12:00,47.612,,,1927-11-29 12:00,225.9,,,1928-10-02 12:00,47.644,,,1929-10-16 12:00,225.936,,,1930-08-20 12:00,47.692,,,1931-09-03 12:00,225.959,,,1932-07-07 12:00,47.749,,,1933-07-21 12:00,226.008,,,1934-05-25 12:00,47.774,,,1935-06-08 12:00,226.058,,
,,,,1926-11-16 12:00,48.172,,,1927-11-30 12:00,226.399,,,1928-10-03 12:00,48.204,,,1929-10-17 12:00,226.435,,,1930-08-21 12:00,48.252,,,1931-09-04 12:00,226.459,,,1932-07-08 12:00,48.309,,,1933-07-22 12:00,226.507,,,1934-05-26 12:00,48.334,,,1935-06-09 12:00,226.557,,
,,,,1926-11-17 12:00,48.73,,,1927-12-01 12:00,226.9,,,1928-10-04 12:00,48.763,,,1929-10-18 12:00,226.936,,,1930-08-22 12:00,48.81,,,1931-09-05 12:00,226.959,,,1932-07-09 12:00,48.868,,,1933-07-23 12:00,227.008,,,1934-05-27 12:00,48.893,,,1935-06-10 12:00,227.058,,
,,,,1926-11-18 12:00,49.288,,,1927-12-02 12:00,227.401,,,1928-10-05 12:00,49.321,,,1929-10-19 12:00,227.437,,,1930-08-23 12:00,49.368,,,1931-09-06 12:00,227.46,,,1932-07-10 12:00,49.425,,,1933-07-24 12:00,227.509,,,1934-05-28 12:00,49.451,,,1935-06-11 12:00,227.559,,
,,,,1926-11-19 12:00,49.845,,,1927-12-03 12:00,227.903,,,1928-10-06 12:00,49.878,,,1929-10-20 12:00,227.939,,,1930-08-24 12:00,49.925,,,1931-09-07 12:00,227.962,,,1932-07-11 12:00,49.982,,,1933-07-25 12:00,228.011,,,1934-05-29 12:00,50.008,,,1935-06-12 12:00,228.061,,
,,,,1926-11-20 12:00,50.401,,,1927-12-04 12:00,228.406,,,1928-10-07 12:00,50.434,,,1929-10-21 12:00,228.442,,,1930-08-25 12:00,50.481,,,1931-09-08 12:00,228.465,,,1932-07-12 12:00,50.538,,,1933-07-26 12:00,228.514,,,1934-05-30 12:00,50.564,,,1935-06-13 12:00,228.564,,
,,,,1926-11-21 12:00,50.956,,,1927-12-05 12:00,228.909,,,1928-10-08 12:00,50.989,,,1929-10-22 12:00,228.946,,,1930-08-26 12:00,51.036,,,1931-09-09 12:00,228.969,,,1932-07-13 12:00,51.093,,,1933-07-27 12:00,229.017,,,1934-05-31 12:00,51.12,,,1935-06-14 12:00,229.068,,
,,,,1926-11-22 12:00,51.51,,,1927-12-06 12:00,229.414,,,1928-10-09 12:00,51.543,,,1929-10-23 12:00,229.451,,,1930-08-27 12:00,51.589,,,1931-09-10 12:00,229.473,,,1932-07-14 12:00,51.647,,,1933-07-28 12:00,229.521,,,1934-06-01 12:00,51.674,,,1935-06-15 12:00,229.572,,
,,,,1926-11-23 12:00,52.063,,,1927-12-07 12:00,229.919,,,1928-10-10 12:00,52.096,,,1929-10-24 12:00,229.956,,,1930-08-28 12:00,52.142,,,1931-09-11 12:00,229.979,,,1932-07-15 12:00,52.2,,,1933-07-29 12:00,230.027,,,1934-06-02 12:00,52.227,,,1935-06-16 12:00,230.077,,
,,,,1926-11-24 12:00,52.615,,,1927-12-08 12:00,230.425,,,1928-10-11 12:00,52.648,,,1929-10-25 12:00,230.462,,,1930-08-29 12:00,52.694,,,1931-09-12 12:00,230.485,,,1932-07-16 12:00,52.752,,,1933-07-30 12:00,230.533,,,1934-06-03 12:00,52.779,,,1935-06-17 12:00,230.584,,
,,,,1926-11-25 12:00,53.166,,,1927-12-09 12:00,230.932,,,1928-10-12 12:00,53.199,,,1929-10-26 12:00,230.97,,,1930-08-30 12:00,53.246,,,1931-09-13 12:00,230.992,,,1932-07-17 12:00,53.304,,,1933-07-31 12:00,231.04,,,1934-06-04 12:00,53.33,,,1935-06-18 12:00,231.091,,
,,,,1926-11-26 12:00,53.717,,,1927-12-10 12:00,231.44,,,1928-10-13 12:00,53.75,,,1929-10-27 12:00,231.477,,,1930-08-31 12:00,53.796,,,1931-09-14 12:00,231.499,,,1932-07-18 12:00,53.854,,,1933-08-01 12:00,231.547,,,1934-06-05 12:00,53.881,,,1935-06-19 12:00,231.599,,
,,,,1926-11-27 12:00,54.266,,,1927-12-11 12:00,231.948,,,1928-10-14 12:00,54.299,,,1929-10-28 12:00,231.986,,,1930-09-01 12:00,54.345,,,1931-09-15 12:00,232.008,,,1932-07-19 12:00,54.403,,,1933-08-02 12:00,232.056,,,1934-06-06 12:00,54.43,,,1935-06-20 12:00,232.107,,
,,,,1926-11-28 12:00,54.814,,,1927-12-12 12:00,232.458,,,1928-10-15 12:00,54.847,,,1929-10-29 12:00,232.496,,,1930-09-02 12:00,54.893,,,1931-09-16 12:00,232.517,,,1932-07-20 12:00,54.951,,,1933-08-03 12:00,232.565,,,1934-06-07 12:00,54.979,,,1935-06-21 12:00,232.617,,
,,,,1926-11-29 12:00,55.362,,,1927-12-13 12:00,232.968,,,1928-10-16 12:00,55.395,,,1929-10-30 12:00,233.006,,,1930-09-03 12:00,55.441,,,1931-09-17 12:00,233.028,,,1932-07-21 12:00,55.499,,,1933-08-04 12:00,233.075,,,1934-06-08 12:00,55.526,,,1935-06-22 12:00,233.127,,
,,,,1926-11-30 12:00,55.908,,,1927-12-14 12:00,233.479,,,1928-10-17 12:00,55.941,,,1929-10-31 12:00,233.517,,,1930-09-04 12:00,55.987,,,1931-09-18 12:00,233.539,,,1932-07-22 12:00,56.045,,,1933-08-05 12:00,233.587,,,1934-06-09 12:00,56.073,,,1935-06-23 12:00,233.638,,
,,,,1926-12-01 12:00,56.453,,,1927-12-15 12:00,233.991,,,1928-10-18 12:00,56.487,,,1929-11-01 12:00,234.029,,,1930-09-05 12:00,56.532,,,1931-09-19 12:00,234.051,,,1932-07-23 12:00,56.59,,,1933-08-06 12:00,234.098,,,1934-06-10 12:00,56.618,,,1935-06-24 12:00,234.15,,
,,,,1926-12-02 12:00,56.998,,,1927-12-16 12:00,234.504,,,1928-10-19 12:00,57.032,,,1929-11-02 12:00,234.542,,,1930-09-06 12:00,57.077,,,1931-09-20 12:00,234.564,,,1932-07-24 12:00,57.135,,,1933-08-07 12:00,234.611,,,1934-06-11 12:00,57.163,,,1935-06-25 12:00,234.663,,
,,,,1926-12-03 12:00,57.542,,,1927-12-17 12:00,235.018,,,1928-10-20 12:00,57.575,,,1929-11-03 12:00,235.056,,,1930-09-07 12:00,57.62,,,1931-09-21 12:00,235.078,,,1932-07-25 12:00,57.678,,,1933-08-08 12:00,235.125,,,1934-06-12 12:00,57.707,,,1935-06-26 12:00,235.177,,
,,,,1926-12-04 12:00,58.084,,,1927-12-18 12:00,235.532,,,1928-10-21 12:00,58.118,,,1929-11-04 12:00,235.571,,,1930-09-08 12:00,58.163,,,1931-09-22 12:00,235.592,,,1932-07-26 12:00,58.221,,,1933-08-09 12:00,235.639,,,1934-06-13 12:00,58.25,,,1935-06-27 12:00,235.691,,
,,,,1926-12-05 12:00,58.626,,,1927-12-19 12:00,236.047,,,1928-10-22 12:00,58.66,,,1929-11-05 12:00,236.087,,,1930-09-09 12:00,58.704,,,1931-09-23 12:00,236.108,,,1932-07-27 12:00,58.763,,,1933-08-10 12:00,236.155,,,1934-06-14 12:00,58.791,,,1935-06-28 12:00,236.207,,
,,,,1926-12-06 12:00,59.167,,,1927-12-20 12:00,236.564,,,1928-10-23 12:00,59.201,,,1929-11-06 12:00,236.603,,,1930-09-10 12:00,59.245,,,1931-09-24 12:00,236.624,,,1932-07-28 12:00,59.303,,,1933-08-11 12:00,236.671,,,1934-06-15 12:00,59.332,,,1935-06-29 12:00,236.723,,
,,,,1926-12-07 12:00,59.707,,,1927-12-21 12:00,237.081,,,1928-10-24 12:00,59.741,,,1929-11-07 12:00,237.12,,,1930-09-11 12:00,59.785,,,1931-09-25 12:00,237.141,,,1932-07-29 12:00,59.843,,,1933-08-12 12:00,237.188,,,1934-06-16 12:00,59.872,,,1935-06-30 12:00,237.24,,
,,,,1926-12-08 12:00,60.246,,,1927-12-22 12:00,237.599,,,1928-10-25 12:00,60.28,,,1929-11-08 12:00,237.639,,,1930-09-12 12:00,60.324,,,1931-09-26 12:00,237.659,,,1932-07-30 12:00,60.382,,,1933-08-13 12:00,237.706,,,1934-06-17 12:00,60.411,,,1935-07-01 12:00,237.759,,
,,,,1926-12-09 12:00,60.784,,,1927-12-23 12:00,238.118,,,1928-10-26 12:00,60.818,,,1929-11-09 12:00,238.158,,,1930-09-13 12:00,60.862,,,1931-09-27 12:00,238.178,,,1932-07-31 12:00,60.92,,,1933-08-14 12:00,238.225,,,1934-06-18 12:00,60.949,,,1935-07-02 12:00,238.278,,
,,,,1926-12-10 12:00,61.321,,,1927-12-24 12:00,238.638,,,1928-10-27 12:00,61.355,,,1929-11-10 12:00,238.678,,,1930-09-14 12:00,61.399,,,1931-09-28 12:00,238.698,,,1932-08-01 12:00,61.457,,,1933-08-15 12:00,238.745,,,1934-06-19 12:00,61.487,,,1935-07-03 12:00,238.797,,
,,,,1926-12-11 12:00,61.857,,,1927-12-25 12:00,239.158,,,1928-10-28 12:00,61.891,,,1929-11-11 12:00,239.198,,,1930-09-15 12:00,61.935,,,1931-09-29 12:00,239.219,,,1932-08-02 12:00,61.993,,,1933-08-16 12:00,239.265,,,1934-06-20 12:00,62.023,,,1935-07-04 12:00,239.318,,
,,,,1926-12-12 12:00,62.392,,,1927-12-26 12:00,239.68,,,1928-10-29 12:00,62.426,,,1929-11-12 12:00,239.72,,,1930-09-16 12:00,62.47,,,1931-09-30 12:00,239.74,,,1932-08-03 12:00,62.528,,,1933-08-17 12:00,239.787,,,1934-06-21 12:00,62.558,,,1935-07-05 12:00,239.84,,
,,,,1926-12-13 12:00,62.926,,,1927-12-27 12:00,240.202,,,1928-10-30 12:00,62.96,,,1929-11-13 12:00,240.243,,,1930-09-17 12:00,63.004,,,1931-10-01 12:00,240.263,,,1932-08-04 12:00,63.062,,,1933-08-18 12:00,240.309,,,1934-06-22 12:00,63.092,,,1935-07-06 12:00,240.362,,
,,,,1926-12-14 12:00,63.459,,,1927-12-28 12:00,240.726,,,1928-10-31 12:00,63.494,,,1929-11-14 12:00,240.766,,,1930-09-18 12:00,63.537,,,1931-10-02 12:00,240.786,,,1932-08-05 12:00,63.596,,,1933-08-19 12:00,240.832,,,1934-06-23 12:00,63.626,,,1935-07-07 12:00,240.886,,
,,,,1926-12-15 12:00,63.992,,,1927-12-29 12:00,241.25,,,1928-11-01 12:00,64.026,,,1929-11-15 12:00,241.291,,,1930-09-19 12:00,64.07,,,1931-10-03 12:00,241.31,,,1932-08-06 12:00,64.128,,,1933-08-20 12:00,241.357,,,1934-06-24 12:00,64.158,,,1935-07-08 12:00,241.41,,
,,,,1926-12-16 12:00,64.523,,,1927-12-30 12:00,241.775,,,1928-11-02 12:00,64.558,,,1929-11-16 12:00,241.816,,,1930-09-20 12:00,64.601,,,1931-10-04 12:00,241.836,,,1932-08-07 12:00,64.659,,,1933-08-21 12:00,241.882,,,1934-06-25 12:00,64.69,,,1935-07-09 12:00,241.935,,
,,,,1926-12-17 12:00,65.054,,,1927-12-31 12:00,242.301,,,1928-11-03 12:00,65.089,,,1929-11-17 12:00,242.342,,,1930-09-21 12:00,65.132,,,1931-10-05 12:00,242.362,,,1932-08-08 12:00,65.19,,,1933-08-22 12:00,242.408,,,1934-06-26 12:00,65.221,,,1935-07-10 12:00,242.461,,
,,,,1926-12-18 12:00,65.584,,,1928-01-01 12:00,242.828,,,1928-11-04 12:00,65.619,,,1929-11-18 12:00,242.869,,,1930-09-22 12:00,65.661,,,1931-10-06 12:00,242.889,,,1932-08-09 12:00,65.72,,,1933-08-23 12:00,242.935,,,1934-06-27 12:00,65.751,,,1935-07-11 12:00,242.988,,
,,,,1926-12-19 12:00,66.112,,,1928-01-02 12:00,243.356,,,1928-11-05 12:00,66.147,,,1929-11-19 12:00,243.398,,,1930-09-23 12:00,66.19,,,1931-10-07 12:00,243.417,,,1932-08-10 12:00,66.248,,,1933-08-24 12:00,243.462,,,1934-06-28 12:00,66.279,,,1935-07-12 12:00,243.516,,
,,,,1926-12-20 12:00,66.64,,,1928-01-03 12:00,243.885,,,1928-11-06 12:00,66.675,,,1929-11-20 12:00,243.927,,,1930-09-24 12:00,66.718,,,1931-10-08 12:00,243.946,,,1932-08-11 12:00,66.776,,,1933-08-25 12:00,243.991,,,1934-06-29 12:00,66.807,,,1935-07-13 12:00,244.045,,
,,,,1926-12-21 12:00,67.167,,,1928-01-04 12:00,244.415,,,1928-11-07 12:00,67.202,,,1929-11-21 12:00,244.456,,,1930-09-25 12:00,67.245,,,1931-10-09 12:00,244.476,,,1932-08-12 12:00,67.303,,,1933-08-26 12:00,244.521,,,1934-06-30 12:00,67.334,,,1935-07-14 12:00,244.575,,
,,,,1926-12-22 12:00,67.693,,,1928-01-05 12:00,244.945,,,1928-11-08 12:00,67.728,,,1929-11-22 12:00,244.987,,,1930-09-26 12:00,67.771,,,1931-10-10 12:00,245.006,,,1932-08-13 12:00,67.829,,,1933-08-27 12:00,245.051,,,1934-07-01 12:00,67.861,,,1935-07-15 12:00,245.106,,
,,,,1926-12-23 12:00,68.218,,,1928-01-06 12:00,245.477,,,1928-11-09 12:00,68.253,,,1929-11-23 12:00,245.519,,,1930-09-27 12:00,68.296,,,1931-10-11 12:00,245.538,,,1932-08-14 12:00,68.354,,,1933-08-28 12:00,245.583,,,1934-07-02 12:00,68.386,,,1935-07-16 12:00,245.638,,
,,,,1926-12-24 12:00,68.743,,,1928-01-07 12:00,246.009,,,1928-11-10 12:00,68.778,,,1929-11-24 12:00,246.052,,,1930-09-28 12:00,68.82,,,1931-10-12 12:00,246.07,,,1932-08-15 12:00,68.878,,,1933-08-29 12:00,246.115,,,1934-07-03 12:00,68.91,,,1935-07-17 12:00,246.17,,
,,,,1926-12-25 12:00,69.266,,,1928-01-08 12:00,246.543,,,1928-11-11 12:00,69.301,,,1929-11-25 12:00,246.585,,,1930-09-29 12:00,69.343,,,1931-10-13 12:00,246.604,,,1932-08-16 12:00,69.402,,,1933-08-30 12:00,246.649,,,1934-07-04 12:00,69.434,,,1935-07-18 12:00,246.704,,
,,,,1926-12-26 12:00,69.788,,,1928-01-09 12:00,247.077,,,1928-11-12 12:00,69.824,,,1929-11-26 12:00,247.12,,,1930-09-30 12:00,69.866,,,1931-10-14 12:00,247.138,,,1932-08-17 12:00,69.924,,,1933-08-31 12:00,247.183,,,1934-07-05 12:00,69.956,,,1935-07-19 12:00,247.238,,
,,,,1926-12-27 12:00,70.31,,,1928-01-10 12:00,247.612,,,1928-11-13 12:00,70.345,,,1929-11-27 12:00,247.655,,,1930-10-01 12:00,70.387,,,1931-10-15 12:00,247.674,,,1932-08-18 12:00,70.445,,,1933-09-01 12:00,247.718,,,1934-07-06 12:00,70.478,,,1935-07-20 12:00,247.773,,
,,,,1926-12-28 12:00,70.831,,,1928-01-11 12:00,248.148,,,1928-11-14 12:00,70.866,,,1929-11-28 12:00,248.192,,,1930-10-02 12:00,70.908,,,1931-10-16 12:00,248.21,,,1932-08-19 12:00,70.966,,,1933-09-02 12:00,248.255,,,1934-07-07 12:00,70.999,,,1935-07-21 12:00,248.31,,
,,,,1926-12-29 12:00,71.35,,,1928-01-12 12:00,248.686,,,1928-11-15 12:00,71.386,,,1929-11-29 12:00,248.729,,,1930-10-03 12:00,71.428,,,1931-10-17 12:00,248.747,,,1932-08-20 12:00,71.486,,,1933-09-03 12:00,248.792,,,1934-07-08 12:00,71.519,,,1935-07-22 12:00,248.847,,
,,,,1926-12-30 12:00,71.869,,,1928-01-13 12:00,249.224,,,1928-11-16 12:00,71.905,,,1929-11-30 12:00,249.267,,,1930-10-04 12:00,71.947,,,1931-10-18 12:00,249.285,,,1932-08-21 12:00,72.005,,,1933-09-04 12:00,249.33,,,1934-07-09 12:00,72.038,,,1935-07-23 12:00,249.385,,
,,,,1926-12-31 12:00,72.387,,,1928-01-14 12:00,249.762,,,1928-11-17 12:00,72.423,,,1929-12-01 12:00,249.806,,,1930-10-05 12:00,72.464,,,1931-10-19 12:00,249.825,,,1932-08-22 12:00,72.522,,,1933-09-05 12:00,249.869,,,1934-07-10 12:00,72.556,,,1935-07-24 12:00,249.924,,
,,,,1927-01-01 12:00,72.905,,,1928-01-15 12:00,250.302,,,1928-11-18 12:00,72.94,,,1929-12-02 12:00,250.346,,,1930-10-06 12:00,72.982,,,1931-10-20 12:00,250.365,,,1932-08-23 12:00,73.04,,,1933-09-06 12:00,250.408,,,1934-07-11 12:00,73.073,,,1935-07-25 12:00,250.464,,
,,,,1927-01-02 12:00,73.421,,,1928-01-16 12:00,250.843,,,1928-11-19 12:00,73.457,,,1929-12-03 12:00,250.888,,,1930-10-07 12:00,73.498,,,1931-10-21 12:00,250.906,,,1932-08-24 12:00,73.556,,,1933-09-07 12:00,250.949,,,1934-07-12 12:00,73.589,,,1935-07-26 12:00,251.005,,
,,,,1927-01-03 12:00,73.936,,,1928-01-17 12:00,251.385,,,1928-11-20 12:00,73.972,,,1929-12-04 12:00,251.43,,,1930-10-08 12:00,74.013,,,1931-10-22 12:00,251.447,,,1932-08-25 12:00,74.071,,,1933-09-08 12:00,251.491,,,1934-07-13 12:00,74.105,,,1935-07-27 12:00,251.547,,
,,,,1927-01-04 12:00,74.451,,,1928-01-18 12:00,251.928,,,1928-11-21 12:00,74.487,,,1929-12-05 12:00,251.973,,,1930-10-09 12:00,74.528,,,1931-10-23 12:00,251.99,,,1932-08-26 12:00,74.586,,,1933-09-09 12:00,252.034,,,1934-07-14 12:00,74.62,,,1935-07-28 12:00,252.09,,
,,,,1927-01-05 12:00,74.965,,,1928-01-19 12:00,252.472,,,1928-11-22 12:00,75.001,,,1929-12-06 12:00,252.516,,,1930-10-10 12:00,75.041,,,1931-10-24 12:00,252.534,,,1932-08-27 12:00,75.099,,,1933-09-10 12:00,252.577,,,1934-07-15 12:00,75.133,,,1935-07-29 12:00,252.634,,
,,,,1927-01-06 12:00,75.478,,,1928-01-20 12:00,253.016,,,1928-11-23 12:00,75.513,,,1929-12-07 12:00,253.061,,,1930-10-11 12:00,75.554,,,1931-10-25 12:00,253.079,,,1932-08-28 12:00,75.612,,,1933-09-11 12:00,253.122,,,1934-07-16 12:00,75.646,,,1935-07-30 12:00,253.178,,
,,,,1927-01-07 12:00,75.99,,,1928-01-21 12:00,253.562,,,1928-11-24 12:00,76.026,,,1929-12-08 12:00,253.607,,,1930-10-12 12:00,76.066,,,1931-10-26 12:00,253.625,,,1932-08-29 12:00,76.124,,,1933-09-12 12:00,253.668,,,1934-07-17 12:00,76.158,,,1935-07-31 12:00,253.724,,
,,,,1927-01-08 12:00,76.501,,,1928-01-22 12:00,254.108,,,1928-11-25 12:00,76.537,,,1929-12-09 12:00,254.154,,,1930-10-13 12:00,76.577,,,1931-10-27 12:00,254.171,,,1932-08-30 12:00,76.635,,,1933-09-13 12:00,254.214,,,1934-07-18 12:00,76.67,,,1935-08-01 12:00,254.271,,
,,,,1927-01-09 12:00,77.011,,,1928-01-23 12:00,254.656,,,1928-11-26 12:00,77.047,,,1929-12-10 12:00,254.702,,,1930-10-14 12:00,77.088,,,1931-10-28 12:00,254.719,,,1932-08-31 12:00,77.145,,,1933-09-14 12:00,254.762,,,1934-07-19 12:00,77.18,,,1935-08-02 12:00,254.818,,
,,,,1927-01-10 12:00,77.521,,,1928-01-24 12:00,255.204,,,1928-11-27 12:00,77.557,,,1929-12-11 12:00,255.25,,,1930-10-15 12:00,77.597,,,1931-10-29 12:00,255.268,,,1932-09-01 12:00,77.655,,,1933-09-15 12:00,255.31,,,1934-07-20 12:00,77.69,,,1935-08-03 12:00,255.367,,
,,,,1927-01-11 12:00,78.029,,,1928-01-25 12:00,255.754,,,1928-11-28 12:00,78.065,,,1929-12-12 12:00,255.8,,,1930-10-16 12:00,78.106,,,1931-10-30 12:00,255.817,,,1932-09-02 12:00,78.163,,,1933-09-16 12:00,255.86,,,1934-07-21 12:00,78.198,,,1935-08-04 12:00,255.916,,
,,,,1927-01-12 12:00,78.537,,,1928-01-26 12:00,256.304,,,1928-11-29 12:00,78.573,,,1929-12-13 12:00,256.35,,,1930-10-17 12:00,78.614,,,1931-10-31 12:00,256.368,,,1932-09-03 12:00,78.671,,,1933-09-17 12:00,256.41,,,1934-07-22 12:00,78.706,,,1935-08-05 12:00,256.466,,
,,,,1927-01-13 12:00,79.044,,,1928-01-27 12:00,256.855,,,1928-11-30 12:00,79.08,,,1929-12-14 12:00,256.902,,,1930-10-18 12:00,79.121,,,1931-11-01 12:00,256.919,,,1932-09-04 12:00,79.178,,,1933-09-18 12:00,256.961,,,1934-07-23 12:00,79.213,,,1935-08-06 12:00,257.018,,
,,,,1927-01-14 12:00,79.55,,,1928-01-28 12:00,257.408,,,1928-12-01 12:00,79.587,,,1929-12-15 12:00,257.454,,,1930-10-19 12:00,79.627,,,1931-11-02 12:00,257.472,,,1932-09-05 12:00,79.684,,,1933-09-19 12:00,257.513,,,1934-07-24 12:00,79.72,,,1935-08-07 12:00,257.57,,
,,,,1927-01-15 12:00,80.056,,,1928-01-29 12:00,257.961,,,1928-12-02 12:00,80.092,,,1929-12-16 12:00,258.008,,,1930-10-20 12:00,80.132,,,1931-11-03 12:00,258.025,,,1932-09-06 12:00,80.189,,,1933-09-20 12:00,258.066,,,1934-07-25 12:00,80.225,,,1935-08-08 12:00,258.124,,
,,,,1927-01-16 12:00,80.56,,,1928-01-30 12:00,258.515,,,1928-12-03 12:00,80.597,,,1929-12-17 12:00,258.562,,,1930-10-21 12:00,80.636,,,1931-11-04 12:00,258.579,,,1932-09-07 12:00,80.694,,,1933-09-21 12:00,258.621,,,1934-07-26 12:00,80.73,,,1935-08-09 12:00,258.678,,
,,,,1927-01-17 12:00,81.064,,,1928-01-31 12:00,259.07,,,1928-12-04 12:00,81.1,,,1929-12-18 12:00,259.118,,,1930-10-22 12:00,81.14,,,1931-11-05 12:00,259.135,,,1932-09-08 12:00,81.197,,,1933-09-22 12:00,259.176,,,1934-07-27 12:00,81.233,,,1935-08-10 12:00,259.233,,
,,,,1927-01-18 12:00,81.567,,,1928-02-01 12:00,259.626,,,1928-12-05 12:00,81.603,,,1929-12-19 12:00,259.674,,,1930-10-23 12:00,81.643,,,1931-11-06 12:00,259.691,,,1932-09-09 12:00,81.7,,,1933-09-23 12:00,259.732,,,1934-07-28 12:00,81.736,,,1935-08-11 12:00,259.789,,
,,,,1927-01-19 12:00,82.069,,,1928-02-02 12:00,260.183,,,1928-12-06 12:00,82.105,,,1929-12-20 12:00,260.231,,,1930-10-24 12:00,82.145,,,1931-11-07 12:00,260.248,,,1932-09-10 12:00,82.202,,,1933-09-24 12:00,260.289,,,1934-07-29 12:00,82.238,,,1935-08-12 12:00,260.346,,
,,,,1927-01-20 12:00,82.57,,,1928-02-03 12:00,260.741,,,1928-12-07 12:00,82.607,,,1929-12-21 12:00,260.79,,,1930-10-25 12:00,82.646,,,1931-11-08 12:00,260.806,,,1932-09-11 12:00,82.703,,,1933-09-25 12:00,260.847,,,1934-07-30 12:00,82.74,,,1935-08-13 12:00,260.905,,
,,,,1927-01-21 12:00,83.071,,,1928-02-04 12:00,261.3,,,1928-12-08 12:00,83.107,,,1929-12-22 12:00,261.349,,,1930-10-26 12:00,83.147,,,1931-11-09 12:00,261.365,,,1932-09-12 12:00,83.204,,,1933-09-26 12:00,261.406,,,1934-07-31 12:00,83.24,,,1935-08-14 12:00,261.464,,
,,,,1927-01-22 12:00,83.57,,,1928-02-05 12:00,261.86,,,1928-12-09 12:00,83.607,,,1929-12-23 12:00,261.909,,,1930-10-27 12:00,83.647,,,1931-11-10 12:00,261.925,,,1932-09-13 12:00,83.703,,,1933-09-27 12:00,261.966,,,1934-08-01 12:00,83.74,,,1935-08-15 12:00,262.024,,
,,,,1927-01-23 12:00,84.069,,,1928-02-06 12:00,262.421,,,1928-12-10 12:00,84.106,,,1929-12-24 12:00,262.47,,,1930-10-28 12:00,84.146,,,1931-11-11 12:00,262.487,,,1932-09-14 12:00,84.202,,,1933-09-28 12:00,262.527,,,1934-08-02 12:00,84.239,,,1935-08-16 12:00,262.584,,
,,,,1927-01-24 12:00,84.567,,,1928-02-07 12:00,262.983,,,1928-12-11 12:00,84.604,,,1929-12-25 12:00,263.032,,,1930-10-29 12:00,84.644,,,1931-11-12 12:00,263.049,,,1932-09-15 12:00,84.7,,,1933-09-29 12:00,263.089,,,1934-08-03 12:00,84.737,,,1935-08-17 12:00,263.146,,
,,,,1927-01-25 12:00,85.065,,,1928-02-08 12:00,263.546,,,1928-12-12 12:00,85.101,,,1929-12-26 12:00,263.595,,,1930-10-30 12:00,85.141,,,1931-11-13 12:00,263.612,,,1932-09-16 12:00,85.198,,,1933-09-30 12:00,263.651,,,1934-08-04 12:00,85.235,,,1935-08-18 12:00,263.709,,
,,,,1927-01-26 12:00,85.561,,,1928-02-09 12:00,264.109,,,1928-12-13 12:00,85.598,,,1929-12-27 12:00,264.159,,,1930-10-31 12:00,85.638,,,1931-11-14 12:00,264.176,,,1932-09-17 12:00,85.694,,,1933-10-01 12:00,264.215,,,1934-08-05 12:00,85.731,,,1935-08-19 12:00,264.273,,
,,,,1927-01-27 12:00,86.057,,,1928-02-10 12:00,264.674,,,1928-12-14 12:00,86.094,,,1929-12-28 12:00,264.724,,,1930-11-01 12:00,86.133,,,1931-11-15 12:00,264.74,,,1932-09-18 12:00,86.19,,,1933-10-02 12:00,264.78,,,1934-08-06 12:00,86.227,,,1935-08-20 12:00,264.838,,
,,,,1927-01-28 12:00,86.552,,,1928-02-11 12:00,265.239,,,1928-12-15 12:00,86.589,,,1929-12-29 12:00,265.29,,,1930-11-02 12:00,86.628,,,1931-11-16 12:00,265.306,,,1932-09-19 12:00,86.685,,,1933-10-03 12:00,265.345,,,1934-08-07 12:00,86.722,,,1935-08-21 12:00,265.404,,
,,,,1927-01-29 12:00,87.047,,,1928-02-12 12:00,265.806,,,1928-12-16 12:00,87.083,,,1929-12-30 12:00,265.857,,,1930-11-03 12:00,87.123,,,1931-11-17 12:00,265.873,,,1932-09-20 12:00,87.179,,,1933-10-04 12:00,265.912,,,1934-08-08 12:00,87.217,,,1935-08-22 12:00,265.97,,
,,,,1927-01-30 12:00,87.54,,,1928-02-13 12:00,266.374,,,1928-12-17 12:00,87.577,,,1929-12-31 12:00,266.424,,,1930-11-04 12:00,87.616,,,1931-11-18 12:00,266.441,,,1932-09-21 12:00,87.672,,,1933-10-05 12:00,266.479,,,1934-08-09 12:00,87.71,,,1935-08-23 12:00,266.538,,
,,,,1927-01-31 12:00,88.033,,,1928-02-14 12:00,266.942,,,1928-12-18 12:00,88.07,,,1930-01-01 12:00,266.993,,,1930-11-05 12:00,88.109,,,1931-11-19 12:00,267.01,,,1932-09-22 12:00,88.165,,,1933-10-06 12:00,267.048,,,1934-08-10 12:00,88.203,,,1935-08-24 12:00,267.106,,
,,,,1927-02-01 12:00,88.525,,,1928-02-15 12:00,267.511,,,1928-12-19 12:00,88.562,,,1930-01-02 12:00,267.563,,,1930-11-06 12:00,88.601,,,1931-11-20 12:00,267.579,,,1932-09-23 12:00,88.657,,,1933-10-07 12:00,267.617,,,1934-08-11 12:00,88.695,,,1935-08-25 12:00,267.676,,
,,,,1927-02-02 12:00,89.016,,,1928-02-16 12:00,268.082,,,1928-12-20 12:00,89.053,,,1930-01-03 12:00,268.133,,,1930-11-07 12:00,89.092,,,1931-11-21 12:00,268.15,,,1932-09-24 12:00,89.148,,,1933-10-08 12:00,268.188,,,1934-08-12 12:00,89.186,,,1935-08-26 12:00,268.246,,
,,,,1927-02-03 12:00,89.507,,,1928-02-17 12:00,268.653,,,1928-12-21 12:00,89.544,,,1930-01-04 12:00,268.705,,,1930-11-08 12:00,89.583,,,1931-11-22 12:00,268.721,,,1932-09-25 12:00,89.639,,,1933-10-09 12:00,268.759,,,1934-08-13 12:00,89.677,,,1935-08-27 12:00,268.818,,
,,,,1927-02-04 12:00,89.997,,,1928-02-18 12:00,269.225,,,1928-12-22 12:00,90.033,,,1930-01-05 12:00,269.277,,,1930-11-09 12:00,90.073,,,1931-11-23 12:00,269.294,,,1932-09-26 12:00,90.128,,,1933-10-10 12:00,269.332,,,1934-08-14 12:00,90.167,,,1935-08-28 12:00,269.39,,
,,,,1927-02-05 12:00,90.486,,,1928-02-19 12:00,269.799,,,1928-12-23 12:00,90.522,,,1930-01-06 12:00,269.851,,,1930-11-10 12:00,90.562,,,1931-11-24 12:00,269.867,,,1932-09-27 12:00,90.617,,,1933-10-11 12:00,269.905,,,1934-08-15 12:00,90.656,,,1935-08-29 12:00,269.964,,
,,,,1927-02-06 12:00,90.974,,,1928-02-20 12:00,270.373,,,1928-12-24 12:00,91.011,,,1930-01-07 12:00,270.425,,,1930-11-11 12:00,91.05,,,1931-11-25 12:00,270.442,,,1932-09-28 12:00,91.105,,,1933-10-12 12:00,270.479,,,1934-08-16 12:00,91.144,,,1935-08-30 12:00,270.538,,
,,,,1927-02-07 12:00,91.462,,,1928-02-21 12:00,270.948,,,1928-12-25 12:00,91.499,,,1930-01-08 12:00,271.0,,,1930-11-12 12:00,91.538,,,1931-11-26 12:00,271.017,,,1932-09-29 12:00,91.593,,,1933-10-13 12:00,271.054,,,1934-08-17 12:00,91.632,,,1935-08-31 12:00,271.113,,
,,,,1927-02-08 12:00,91.949,,,1928-02-22 12:00,271.524,,,1928-12-26 12:00,91.986,,,1930-01-09 12:00,271.577,,,1930-11-13 12:00,92.025,,,1931-11-27 12:00,271.593,,,1932-09-30 12:00,92.08,,,1933-10-14 12:00,271.63,,,1934-08-18 12:00,92.119,,,1935-09-01 12:00,271.689,,
,,,,1927-02-09 12:00,92.435,,,1928-02-23 12:00,272.101,,,1928-12-27 12:00,92.472,,,1930-01-10 12:00,272.154,,,1930-11-14 12:00,92.511,,,1931-11-28 12:00,272.171,,,1932-10-01 12:00,92.566,,,1933-10-15 12:00,272.207,,,1934-08-19 12:00,92.605,,,1935-09-02 12:00,272.266,,
,,,,1927-02-10 12:00,92.92,,,1928-02-24 12:00,272.679,,,1928-12-28 12:00,92.957,,,1930-01-11 12:00,272.732,,,1930-11-15 12:00,92.996,,,1931-11-29 12:00,272.749,,,1932-10-02 12:00,93.051,,,1933-10-16 12:00,272.785,,,1934-08-20 12:00,93.091,,,1935-09-03 12:00,272.844,,
,,,,1927-02-11 12:00,93.405,,,1928-02-25 12:00,273.257,,,1928-12-29 12:00,93.442,,,1930-01-12 12:00,273.311,,,1930-11-16 12:00,93.481,,,1931-11-30 12:00,273.328,,,1932-10-03 12:00,93.536,,,1933-10-17 12:00,273.364,,,1934-08-21 12:00,93.575,,,1935-09-04 12:00,273.423,,
,,,,1927-02-12 12:00,93.889,,,1928-02-26 12:00,273.837,,,1928-12-30 12:00,93.926,,,1930-01-13 12:00,273.891,,,1930-11-17 12:00,93.965,,,1931-12-01 12:00,273.908,,,1932-10-04 12:00,94.02,,,1933-10-18 12:00,273.944,,,1934-08-22 12:00,94.06,,,1935-09-05 12:00,274.003,,
,,,,1927-02-13 12:00,94.373,,,1928-02-27 12:00,274.418,,,1928-12-31 12:00,94.41,,,1930-01-14 12:00,274.472,,,1930-11-18 12:00,94.448,,,1931-12-02 12:00,274.489,,,1932-10-05 12:00,94.503,,,1933-10-19 12:00,274.524,,,1934-08-23 12:00,94.543,,,1935-09-06 12:00,274.583,,
,,,,1927-02-14 12:00,94.855,,,1928-02-28 12:00,274.999,,,1929-01-01 12:00,94.892,,,1930-01-15 12:00,275.054,,,1930-11-19 12:00,94.931,,,1931-12-03 12:00,275.07,,,1932-10-06 12:00,94.986,,,1933-10-20 12:00,275.106,,,1934-08-24 12:00,95.026,,,1935-09-07 12:00,275.165,,
,,,,1927-02-15 12:00,95.337,,,1928-02-29 12:00,275.582,,,1929-01-02 12:00,95.374,,,1930-01-16 12:00,275.637,,,1930-11-20 12:00,95.413,,,1931-12-04 12:00,275.653,,,1932-10-07 12:00,95.468,,,1933-10-21 12:00,275.688,,,1934-08-25 12:00,95.508,,,1935-09-08 12:00,275.748,,
,,,,1927-02-16 12:00,95.819,,,1928-03-01 12:00,276.165,,,1929-01-03 12:00,95.856,,,1930-01-17 12:00,276.22,,,1930-11-21 12:00,95.895,,,1931-12-05 12:00,276.237,,,1932-10-08 12:00,95.949,,,1933-10-22 12:00,276.272,,,1934-08-26 12:00,95.989,,,1935-09-09 12:00,276.331,,
,,,,1927-02-17 12:00,96.299,,,1928-03-02 12:00,276.75,,,1929-01-04 12:00,96.336,,,1930-01-18 12:00,276.805,,,1930-11-22 12:00,96.375,,,1931-12-06 12:00,276.821,,,1932-10-09 12:00,96.43,,,1933-10-23 12:00,276.856,,,1934-08-27 12:00,96.47,,,1935-09-10 12:00,276.916,,
,,,,1927-02-18 12:00,96.779,,,1928-03-03 12:00,277.335,,,1929-01-05 12:00,96.816,,,1930-01-19 12:00,277.39,,,1930-11-23 12:00,96.855,,,1931-12-07 12:00,277.407,,,1932-10-10 12:00,96.91,,,1933-10-24 12:00,277.442,,,1934-08-28 12:00,96.95,,,1935-09-11 12:00,277.501,,
,,,,1927-02-19 12:00,97.259,,,1928-03-04 12:00,277.921,,,1929-01-06 12:00,97.296,,,1930-01-20 12:00,277.977,,,1930-11-24 12:00,97.335,,,1931-12-08 12:00,277.993,,,1932-10-11 12:00,97.389,,,1933-10-25 12:00,278.028,,,1934-08-29 12:00,97.429,,,1935-09-12 12:00,278.087,,
,,,,1927-02-20 12:00,97.737,,,1928-03-05 12:00,278.508,,,1929-01-07 12:00,97.775,,,1930-01-21 12:00,278.564,,,1930-11-25 12:00,97.813,,,1931-12-09 12:00,278.581,,,1932-10-12 12:00,97.867,,,1933-10-26 12:00,278.615,,,1934-08-30 12:00,97.908,,,1935-09-13 12:00,278.674,,
,,,,1927-02-21 12:00,98.215,,,1928-03-06 12:00,279.096,,,1929-01-08 12:00,98.253,,,1930-01-22 12:00,279.152,,,1930-11-26 12:00,98.292,,,1931-12-10 12:00,279.169,,,1932-10-13 12:00,98.345,,,1933-10-27 12:00,279.203,,,1934-08-31 12:00,98.386,,,1935-09-14 12:00,279.262,,
,,,,1927-02-22 12:00,98.693,,,1928-03-07 12:00,279.685,,,1929-01-09 12:00,98.73,,,1930-01-23 12:00,279.741,,,1930-11-27 12:00,98.769,,,1931-12-11 12:00,279.758,,,1932-10-14 12:00,98.823,,,1933-10-28 12:00,279.792,,,1934-09-01 12:00,98.863,,,1935-09-15 12:00,279.851,,
,,,,1927-02-23 12:00,99.17,,,1928-03-08 12:00,280.274,,,1929-01-10 12:00,99.207,,,1930-01-24 12:00,280.331,,,1930-11-28 12:00,99.246,,,1931-12-12 12:00,280.348,,,1932-10-15 12:00,99.299,,,1933-10-29 12:00,280.382,,,1934-09-02 12:00,99.34,,,1935-09-16 12:00,280.441,,
,,,,1927-02-24 12:00,99.646,,,1928-03-09 12:00,280.865,,,1929-01-11 12:00,99.683,,,1930-01-25 12:00,280.922,,,1930-11-29 12:00,99.722,,,1931-12-13 12:00,280.939,,,1932-10-16 12:00,99.775,,,1933-10-30 12:00,280.972,,,1934-09-03 12:00,99.816,,,1935-09-17 12:00,281.031,,
,,,,1927-02-25 12:00,100.121,,,1928-03-10 12:00,281.456,,,1929-01-12 12:00,100.158,,,1930-01-26 12:00,281.513,,,1930-11-30 12:00,100.197,,,1931-12-14 12:00,281.531,,,1932-10-17 12:00,100.251,,,1933-10-31 12:00,281.564,,,1934-09-04 12:00,100.292,,,1935-09-18 12:00,281.623,,
,,,,1927-02-26 12:00,100.596,,,1928-03-11 12:00,282.049,,,1929-01-13 12:00,100.633,,,1930-01-27 12:00,282.106,,,1930-12-01 12:00,100.672,,,1931-12-15 12:00,282.123,,,1932-10-18 12:00,100.725,,,1933-11-01 12:00,282.156,,,1934-09-05 12:00,100.767,,,1935-09-19 12:00,282.215,,
,,,,1927-02-27 12:00,101.07,,,1928-03-12 12:00,282.642,,,1929-01-14 12:00,101.107,,,1930-01-28 12:00,282.699,,,1930-12-02 12:00,101.146,,,1931-12-16 12:00,282.717,,,1932-10-19 12:00,101.2,,,1933-11-02 12:00,282.749,,,1934-09-06 12:00,101.241,,,1935-09-20 12:00,282.809,,
,,,,1927-02-28 12:00,101.544,,,1928-03-13 12:00,283.236,,,1929-01-15 12:00,101.581,,,1930-01-29 12:00,283.294,,,1930-12-03 12:00,101.62,,,1931-12-17 12:00,283.311,,,1932-10-20 12:00,101.673,,,1933-11-03 12:00,283.343,,,1934-09-07 12:00,101.714,,,1935-09-21 12:00,283.403,,
,,,,1927-03-01 12:00,102.017,,,1928-03-14 12:00,283.831,,,1929-01-16 12:00,102.054,,,1930-01-30 12:00,283.889,,,1930-12-04 12:00,102.093,,,1931-12-18 12:00,283.906,,,1932-10-21 12:00,102.146,,,1933-11-04 12:00,283.938,,,1934-09-08 12:00,102.187,,,1935-09-22 12:00,283.998,,
,,,,1927-03-02 12:00,102.489,,,1928-03-15 12:00,284.426,,,1929-01-17 12:00,102.526,,,1930-01-31 12:00,284.485,,,1930-12-05 12:00,102.565,,,1931-12-19 12:00,284.502,,,1932-10-22 12:00,102.618,,,1933-11-05 12:00,284.534,,,1934-09-09 12:00,102.66,,,1935-09-23 12:00,284.594,,
,,,,1927-03-03 12:00,102.961,,,1928-03-16 12:00,285.023,,,1929-01-18 12:00,102.998,,,1930-02-01 12:00,285.081,,,1930-12-06 12:00,103.037,,,1931-12-20 12:00,285.099,,,1932-10-23 12:00,103.09,,,1933-11-06 12:00,285.131,,,1934-09-10 12:00,103.131,,,1935-09-24 12:00,285.19,,
,,,,1927-03-04 12:00,103.432,,,1928-03-17 12:00,285.621,,,1929-01-19 12:00,103.469,,,1930-02-02 12:00,285.679,,,1930-12-07 12:00,103.508,,,1931-12-21 12:00,285.697,,,1932-10-24 12:00,103.561,,,1933-11-07 12:00,285.729,,,1934-09-11 12:00,103.602,,,1935-09-25 12:00,285.788,,
,,,,1927-03-05 12:00,103.903,,,1928-03-18 12:00,286.219,,,1929-01-20 12:00,103.94,,,1930-02-03 12:00,286.278,,,1930-12-08 12:00,103.979,,,1931-12-22 12:00,286.295,,,1932-10-25 12:00,104.031,,,1933-11-08 12:00,286.327,,,1934-09-12 12:00,104.073,,,1935-09-26 12:00,286.386,,
,,,,1927-03-06 12:00,104.373,,,1928-03-19 12:00,286.818,,,1929-01-21 12:00,104.41,,,1930-02-04 12:00,286.877,,,1930-12-09 12:00,104.449,,,1931-12-23 12:00,286.895,,,1932-10-26 12:00,104.501,,,1933-11-09 12:00,286.926,,,1934-09-13 12:00,104.543,,,1935-09-27 12:00,286.985,,
,,,,1927-03-07 12:00,104.842,,,1928-03-20 12:00,287.418,,,1929-01-22 12:00,104.879,,,1930-02-05 12:00,287.477,,,1930-12-10 12:00,104.918,,,1931-12-24 12:00,287.495,,,1932-10-27 12:00,104.971,,,1933-11-10 12:00,287.526,,,1934-09-14 12:00,105.012,,,1935-09-28 12:00,287.585,,
,,,,1927-03-08 12:00,105.311,,,1928-03-21 12:00,288.018,,,1929-01-23 12:00,105.348,,,1930-02-06 12:00,288.078,,,1930-12-11 12:00,105.387,,,1931-12-25 12:00,288.096,,,1932-10-28 12:00,105.439,,,1933-11-11 12:00,288.127,,,1934-09-15 12:00,105.481,,,1935-09-29 12:00,288.186,,
,,,,1927-03-09 12:00,105.779,,,1928-03-22 12:00,288.62,,,1929-01-24 12:00,105.816,,,1930-02-07 12:00,288.68,,,1930-12-12 12:00,105.855,,,1931-12-26 12:00,288.698,,,1932-10-29 12:00,105.907,,,1933-11-12 12:00,288.729,,,1934-09-16 12:00,105.95,,,1935-09-30 12:00,288.788,,
,,,,1927-03-10 12:00,106.247,,,1928-03-23 12:00,289.222,,,1929-01-25 12:00,106.284,,,1930-02-08 12:00,289.282,,,1930-12-13 12:00,106.323,,,1931-12-27 12:00,289.301,,,1932-10-30 12:00,106.375,,,1933-11-13 12:00,289.331,,,1934-09-17 12:00,106.417,,,1935-10-01 12:00,289.39,,
,,,,1927-03-11 12:00,106.714,,,1928-03-24 12:00,289.825,,,1929-01-26 12:00,106.751,,,1930-02-09 12:00,289.886,,,1930-12-14 12:00,106.79,,,1931-12-28 12:00,289.904,,,1932-10-31 12:00,106.842,,,1933-11-14 12:00,289.934,,,1934-09-18 12:00,106.884,,,1935-10-02 12:00,289.993,,
,,,,1927-03-12 12:00,107.181,,,1928-03-25 12:00,290.429,,,1929-01-27 12:00,107.218,,,1930-02-10 12:00,290.49,,,1930-12-15 12:00,107.257,,,1931-12-29 12:00,290.509,,,1932-11-01 12:00,107.309,,,1933-11-15 12:00,290.538,,,1934-09-19 12:00,107.351,,,1935-10-03 12:00,290.597,,
,,,,1927-03-13 12:00,107.647,,,1928-03-26 12:00,291.034,,,1929-01-28 12:00,107.684,,,1930-02-11 12:00,291.095,,,1930-12-16 12:00,107.723,,,1931-12-30 12:00,291.114,,,1932-11-02 12:00,107.775,,,1933-11-16 12:00,291.143,,,1934-09-20 12:00,107.817,,,1935-10-04 12:00,291.202,,
,,,,1927-03-14 12:00,108.112,,,1928-03-27 12:00,291.64,,,1929-01-29 12:00,108.149,,,1930-02-12 12:00,291.701,,,1930-12-17 12:00,108.188,,,1931-12-31 12:00,291.719,,,1932-11-03 12:00,108.24,,,1933-11-17 12:00,291.749,,,1934-09-21 12:00,108.282,,,1935-10-05 12:00,291.808,,
,,,,1927-03-15 12:00,108.577,,,1928-03-28 12:00,292.246,,,1929-01-30 12:00,108.614,,,1930-02-13 12:00,292.307,,,1930-12-18 12:00,108.653,,,1932-01-01 12:00,292.326,,,1932-11-04 12:00,108.705,,,1933-11-18 12:00,292.355,,,1934-09-22 12:00,108.747,,,1935-10-06 12:00,292.414,,
,,,,1927-03-16 12:00,109.041,,,1928-03-29 12:00,292.853,,,1929-01-31 12:00,109.078,,,1930-02-14 12:00,292.914,,,1930-12-19 12:00,109.118,,,1932-01-02 12:00,292.933,,,1932-11-05 12:00,109.169,,,1933-11-19 12:00,292.962,,,1934-09-23 12:00,109.212,,,1935-10-07 12:00,293.021,,
,,,,1927-03-17 12:00,109.505,,,1928-03-30 12:00,293.461,,,1929-02-01 12:00,109.542,,,1930-02-15 12:00,293.522,,,1930-12-20 12:00,109.581,,,1932-01-03 12:00,293.542,,,1932-11-06 12:00,109.633,,,1933-11-20 12:00,293.57,,,1934-09-24 12:00,109.675,,,1935-10-08 12:00,293.629,,
,,,,1927-03-18 12:00,109.969,,,1928-03-31 12:00,294.069,,,1929-02-02 12:00,110.005,,,1930-02-16 12:00,294.131,,,1930-12-21 12:00,110.045,,,1932-01-04 12:00,294.15,,,1932-11-07 12:00,110.096,,,1933-11-21 12:00,294.179,,,1934-09-25 12:00,110.139,,,1935-10-09 12:00,294.238,,
,,,,1927-03-19 12:00,110.431,,,1928-04-01 12:00,294.679,,,1929-02-03 12:00,110.468,,,1930-02-17 12:00,294.74,,,1930-12-22 12:00,110.508,,,1932-01-05 12:00,294.76,,,1932-11-08 12:00,110.559,,,1933-11-22 12:00,294.788,,,1934-09-26 12:00,110.601,,,1935-10-10 12:00,294.847,,
,,,,1927-03-20 12:00,110.894,,,1928-04-02 12:00,295.289,,,1929-02-04 12:00,110.931,,,1930-02-18 12:00,295.351,,,1930-12-23 12:00,110.97,,,1932-01-06 12:00,295.37,,,1932-11-09 12:00,111.021,,,1933-11-23 12:00,295.399,,,1934-09-27 12:00,111.064,,,1935-10-11 12:00,295.457,,
,,,,1927-03-21 12:00,111.355,,,1928-04-03 12:00,295.899,,,1929-02-05 12:00,111.392,,,1930-02-19 12:00,295.961,,,1930-12-24 12:00,111.432,,,1932-01-07 12:00,295.982,,,1932-11-10 12:00,111.483,,,1933-11-24 12:00,296.009,,,1934-09-28 12:00,111.525,,,1935-10-12 12:00,296.068,,
,,,,1927-03-22 12:00,111.817,,,1928-04-04 12:00,296.511,,,1929-02-06 12:00,111.854,,,1930-02-20 12:00,296.573,,,1930-12-25 12:00,111.893,,,1932-01-08 12:00,296.593,,,1932-11-11 12:00,111.944,,,1933-11-25 12:00,296.621,,,1934-09-29 12:00,111.987,,,1935-10-13 12:00,296.679,,
,,,,1927-03-23 12:00,112.277,,,1928-04-05 12:00,297.123,,,1929-02-07 12:00,112.314,,,1930-02-21 12:00,297.185,,,1930-12-26 12:00,112.354,,,1932-01-09 12:00,297.206,,,1932-11-12 12:00,112.404,,,1933-11-26 12:00,297.233,,,1934-09-30 12:00,112.447,,,1935-10-14 12:00,297.292,,
,,,,1927-03-24 12:00,112.738,,,1928-04-06 12:00,297.736,,,1929-02-08 12:00,112.775,,,1930-02-22 12:00,297.799,,,1930-12-27 12:00,112.814,,,1932-01-10 12:00,297.819,,,1932-11-13 12:00,112.865,,,1933-11-27 12:00,297.846,,,1934-10-01 12:00,112.908,,,1935-10-15 12:00,297.904,,
,,,,1927-03-25 12:00,113.197,,,1928-04-07 12:00,298.349,,,1929-02-09 12:00,113.234,,,1930-02-23 12:00,298.412,,,1930-12-28 12:00,113.274,,,1932-01-11 12:00,298.433,,,1932-11-14 12:00,113.324,,,1933-11-28 12:00,298.46,,,1934-10-02 12:00,113.367,,,1935-10-16 12:00,298.518,,
,,,,1927-03-26 12:00,113.657,,,1928-04-08 12:00,298.964,,,1929-02-10 12:00,113.694,,,1930-02-24 12:00,299.027,,,1930-12-29 12:00,113.733,,,1932-01-12 12:00,299.047,,,1932-11-15 12:00,113.784,,,1933-11-29 12:00,299.074,,,1934-10-03 12:00,113.827,,,1935-10-17 12:00,299.132,,
,,,,1927-03-27 12:00,114.116,,,1928-04-09 12:00,299.578,,,1929-02-11 12:00,114.152,,,1930-02-25 12:00,299.642,,,1930-12-30 12:00,114.192,,,1932-01-13 12:00,299.663,,,1932-11-16 12:00,114.242,,,1933-11-30 12:00,299.689,,,1934-10-04 12:00,114.285,,,1935-10-18 12:00,299.747,,
,,,,1927-03-28 12:00,114.574,,,1928-04-10 12:00,300.194,,,1929-02-12 12:00,114.611,,,1930-02-26 12:00,300.258,,,1930-12-31 12:00,114.65,,,1932-01-14 12:00,300.279,,,1932-11-17 12:00,114.701,,,1933-12-01 12:00,300.305,,,1934-10-05 12:00,114.744,,,1935-10-19 12:00,300.363,,
,,,,1927-03-29 12:00,115.032,,,1928-04-11 12:00,300.81,,,1929-02-13 12:00,115.068,,,1930-02-27 12:00,300.874,,,1931-01-01 12:00,115.108,,,1932-01-15 12:00,300.895,,,1932-11-18 12:00,115.158,,,1933-12-02 12:00,300.921,,,1934-10-06 12:00,115.201,,,1935-10-20 12:00,300.979,,
,,,,1927-03-30 12:00,115.489,,,1928-04-12 12:00,301.427,,,1929-02-14 12:00,115.526,,,1930-02-28 12:00,301.491,,,1931-01-02 12:00,115.565,,,1932-01-16 12:00,301.512,,,1932-11-19 12:00,115.616,,,1933-12-03 12:00,301.538,,,1934-10-07 12:00,115.659,,,1935-10-21 12:00,301.596,,
,,,,1927-03-31 12:00,115.946,,,1928-04-13 12:00,302.045,,,1929-02-15 12:00,115.983,,,1930-03-01 12:00,302.109,,,1931-01-03 12:00,116.022,,,1932-01-17 12:00,302.13,,,1932-11-20 12:00,116.072,,,1933-12-04 12:00,302.156,,,1934-10-08 12:00,116.116,,,1935-10-22 12:00,302.214,,
,,,,1927-04-01 12:00,116.403,,,1928-04-14 12:00,302.663,,,1929-02-16 12:00,116.439,,,1930-03-02 12:00,302.727,,,1931-01-04 12:00,116.479,,,1932-01-18 12:00,302.749,,,1932-11-21 12:00,116.529,,,1933-12-05 12:00,302.774,,,1934-10-09 12:00,116.572,,,1935-10-23 12:00,302.832,,
,,,,1927-04-02 12:00,116.859,,,1928-04-15 12:00,303.282,,,1929-02-17 12:00,116.895,,,1930-03-03 12:00,303.346,,,1931-01-05 12:00,116.935,,,1932-01-19 12:00,303.368,,,1932-11-22 12:00,116.985,,,1933-12-06 12:00,303.393,,,1934-10-10 12:00,117.028,,,1935-10-24 12:00,303.451,,
,,,,1927-04-03 12:00,117.314,,,1928-04-16 12:00,303.901,,,1929-02-18 12:00,117.351,,,1930-03-04 12:00,303.965,,,1931-01-06 12:00,117.39,,,1932-01-20 12:00,303.987,,,1932-11-23 12:00,117.44,,,1933-12-07 12:00,304.013,,,1934-10-11 12:00,117.484,,,1935-10-25 12:00,304.07,,
,,,,1927-04-04 12:00,117.769,,,1928-04-17 12:00,304.521,,,1929-02-19 12:00,117.806,,,1930-03-05 12:00,304.585,,,1931-01-07 12:00,117.846,,,1932-01-21 12:00,304.608,,,1932-11-24 12:00,117.895,,,1933-12-08 12:00,304.633,,,1934-10-12 12:00,117.939,,,1935-10-26 12:00,304.69,,
,,,,1927-04-05 12:00,118.224,,,1928-04-18 12:00,305.141,,,1929-02-20 12:00,118.26,,,1930-03-06 12:00,305.206,,,1931-01-08 12:00,118.3,,,1932-01-22 12:00,305.229,,,1932-11-25 12:00,118.35,,,1933-12-09 12:00,305.254,,,1934-10-13 12:00,118.393,,,1935-10-27 12:00,305.311,,
,,,,1927-04-06 12:00,118.678,,,1928-04-19 12:00,305.763,,,1929-02-21 12:00,118.715,,,1930-03-07 12:00,305.827,,,1931-01-09 12:00,118.754,,,1932-01-23 12:00,305.85,,,1932-11-26 12:00,118.804,,,1933-12-10 12:00,305.875,,,1934-10-14 12:00,118.848,,,1935-10-28 12:00,305.932,,
,,,,1927-04-07 12:00,119.132,,,1928-04-20 12:00,306.384,,,1929-02-22 12:00,119.169,,,1930-03-08 12:00,306.449,,,1931-01-10 12:00,119.208,,,1932-01-24 12:00,306.472,,,1932-11-27 12:00,119.258,,,1933-12-11 12:00,306.497,,,1934-10-15 12:00,119.302,,,1935-10-29 12:00,306.554,,
,,,,1927-04-08 12:00,119.586,,,1928-04-21 12:00,307.006,,,1929-02-23 12:00,119.622,,,1930-03-09 12:00,307.071,,,1931-01-11 12:00,119.662,,,1932-01-25 12:00,307.095,,,1932-11-28 12:00,119.711,,,1933-12-12 12:00,307.119,,,1934-10-16 12:00,119.755,,,1935-10-30 12:00,307.176,,
,,,,1927-04-09 12:00,120.039,,,1928-04-22 12:00,307.629,,,1929-02-24 12:00,120.075,,,1930-03-10 12:00,307.694,,,1931-01-12 12:00,120.115,,,1932-01-26 12:00,307.718,,,1932-11-29 12:00,120.164,,,1933-12-13 12:00,307.742,,,1934-10-17 12:00,120.208,,,1935-10-31 12:00,307.799,,
,,,,1927-04-10 12:00,120.491,,,1928-04-23 12:00,308.253,,,1929-02-25 12:00,120.527,,,1930-03-11 12:00,308.318,,,1931-01-13 12:00,120.567,,,1932-01-27 12:00,308.342,,,1932-11-30 12:00,120.617,,,1933-12-14 12:00,308.365,,,1934-10-18 12:00,120.66,,,1935-11-01 12:00,308.422,,
,,,,1927-04-11 12:00,120.944,,,1928-04-24 12:00,308.877,,,1929-02-26 12:00,120.98,,,1930-03-12 12:00,308.942,,,1931-01-14 12:00,121.019,,,1932-01-28 12:00,308.966,,,1932-12-01 12:00,121.069,,,1933-12-15 12:00,308.99,,,1934-10-19 12:00,121.113,,,1935-11-02 12:00,309.046,,
,,,,1927-04-12 12:00,121.395,,,1928-04-25 12:00,309.501,,,1929-02-27 12:00,121.431,,,1930-03-13 12:00,309.566,,,1931-01-15 12:00,121.471,,,1932-01-29 12:00,309.59,,,1932-12-02 12:00,121.521,,,1933-12-16 12:00,309.614,,,1934-10-20 12:00,121.564,,,1935-11-03 12:00,309.67,,
,,,,1927-04-13 12:00,121.847,,,1928-04-26 12:00,310.126,,,1929-02-28 12:00,121.883,,,1930-03-14 12:00,310.191,,,1931-01-16 12:00,121.923,,,1932-01-30 12:00,310.216,,,1932-12-03 12:00,121.972,,,1933-12-17 12:00,310.239,,,1934-10-21 12:00,122.016,,,1935-11-04 12:00,310.295,,
,,,,1927-04-14 12:00,122.298,,,1928-04-27 12:00,310.751,,,1929-03-01 12:00,122.334,,,1930-03-15 12:00,310.817,,,1931-01-17 12:00,122.374,,,1932-01-31 12:00,310.841,,,1932-12-04 12:00,122.423,,,1933-12-18 12:00,310.865,,,1934-10-22 12:00,122.467,,,1935-11-05 12:00,310.921,,
,,,,1927-04-15 12:00,122.748,,,1928-04-28 12:00,311.377,,,1929-03-02 12:00,122.784,,,1930-03-16 12:00,311.443,,,1931-01-18 12:00,122.824,,,1932-02-01 12:00,311.467,,,1932-12-05 12:00,122.874,,,1933-12-19 12:00,311.491,,,1934-10-23 12:00,122.917,,,1935-11-06 12:00,311.547,,
,,,,1927-04-16 12:00,123.199,,,1928-04-29 12:00,312.003,,,1929-03-03 12:00,123.234,,,1930-03-17 12:00,312.069,,,1931-01-19 12:00,123.275,,,1932-02-02 12:00,312.094,,,1932-12-06 12:00,123.324,,,1933-12-20 12:00,312.117,,,1934-10-24 12:00,123.367,,,1935-11-07 12:00,312.173,,
,,,,1927-04-17 12:00,123.649,,,1928-04-30 12:00,312.63,,,1929-03-04 12:00,123.684,,,1930-03-18 12:00,312.696,,,1931-01-20 12:00,123.725,,,1932-02-03 12:00,312.721,,,1932-12-07 12:00,123.773,,,1933-12-21 12:00,312.744,,,1934-10-25 12:00,123.817,,,1935-11-08 12:00,312.8,,
,,,,1927-04-18 12:00,124.098,,,1928-05-01 12:00,313.257,,,1929-03-05 12:00,124.134,,,1930-03-19 12:00,313.323,,,1931-01-21 12:00,124.174,,,1932-02-04 12:00,313.349,,,1932-12-08 12:00,124.223,,,1933-12-22 12:00,313.371,,,1934-10-26 12:00,124.267,,,1935-11-09 12:00,313.427,,
,,,,1927-04-19 12:00,124.547,,,1928-05-02 12:00,313.885,,,1929-03-06 12:00,124.583,,,1930-03-20 12:00,313.951,,,1931-01-22 12:00,124.623,,,1932-02-05 12:00,313.977,,,1932-12-09 12:00,124.672,,,1933-12-23 12:00,313.999,,,1934-10-27 12:00,124.716,,,1935-11-10 12:00,314.055,,
,,,,1927-04-20 12:00,124.996,,,1928-05-03 12:00,314.513,,,1929-03-07 12:00,125.032,,,1930-03-21 12:00,314.579,,,1931-01-23 12:00,125.072,,,1932-02-06 12:00,314.605,,,1932-12-10 12:00,125.121,,,1933-12-24 12:00,314.627,,,1934-10-28 12:00,125.165,,,1935-11-11 12:00,314.683,,
,,,,1927-04-21 12:00,125.445,,,1928-05-04 12:00,315.141,,,1929-03-08 12:00,125.48,,,1930-03-22 12:00,315.208,,,1931-01-24 12:00,125.52,,,1932-02-07 12:00,315.234,,,1932-12-11 12:00,125.569,,,1933-12-25 12:00,315.256,,,1934-10-29 12:00,125.613,,,1935-11-12 12:00,315.311,,
,,,,1927-04-22 12:00,125.893,,,1928-05-05 12:00,315.77,,,1929-03-09 12:00,125.928,,,1930-03-23 12:00,315.837,,,1931-01-25 12:00,125.968,,,1932-02-08 12:00,315.863,,,1932-12-12 12:00,126.017,,,1933-12-26 12:00,315.885,,,1934-10-30 12:00,126.061,,,1935-11-13 12:00,315.94,,
,,,,1927-04-23 12:00,126.341,,,1928-05-06 12:00,316.4,,,1929-03-10 12:00,126.376,,,1930-03-24 12:00,316.466,,,1931-01-26 12:00,126.416,,,1932-02-09 12:00,316.493,,,1932-12-13 12:00,126.465,,,1933-12-27 12:00,316.515,,,1934-10-31 12:00,126.509,,,1935-11-14 12:00,316.569,,
,,,,1927-04-24 12:00,126.788,,,1928-05-07 12:00,317.029,,,1929-03-11 12:00,126.823,,,1930-03-25 12:00,317.096,,,1931-01-27 12:00,126.864,,,1932-02-10 12:00,317.123,,,1932-12-14 12:00,126.912,,,1933-12-28 12:00,317.144,,,1934-11-01 12:00,126.956,,,1935-11-15 12:00,317.199,,
,,,,1927-04-25 12:00,127.235,,,1928-05-08 12:00,317.659,,,1929-03-12 12:00,127.27,,,1930-03-26 12:00,317.726,,,1931-01-28 12:00,127.311,,,1932-02-11 12:00,317.753,,,1932-12-15 12:00,127.359,,,1933-12-29 12:00,317.775,,,1934-11-02 12:00,127.403,,,1935-11-16 12:00,317.829,,
,,,,1927-04-26 12:00,127.682,,,1928-05-09 12:00,318.29,,,1929-03-13 12:00,127.717,,,1930-03-27 12:00,318.356,,,1931-01-29 12:00,127.757,,,1932-02-12 12:00,318.383,,,1932-12-16 12:00,127.806,,,1933-12-30 12:00,318.405,,,1934-11-03 12:00,127.85,,,1935-11-17 12:00,318.46,,
,,,,1927-04-27 12:00,128.128,,,1928-05-10 12:00,318.92,,,1929-03-14 12:00,128.163,,,1930-03-28 12:00,318.987,,,1931-01-30 12:00,128.204,,,1932-02-13 12:00,319.014,,,1932-12-17 12:00,128.253,,,1933-12-31 12:00,319.036,,,1934-11-04 12:00,128.296,,,1935-11-18 12:00,319.09,,
,,,,1927-04-28 12:00,128.575,,,1928-05-11 12:00,319.551,,,1929-03-15 12:00,128.61,,,1930-03-29 12:00,319.618,,,1931-01-31 12:00,128.65,,,1932-02-14 12:00,319.646,,,1932-12-18 12:00,128.699,,,1934-01-01 12:00,319.667,,,1934-11-05 12:00,128.743,,,1935-11-19 12:00,319.721,,
,,,,1927-04-29 12:00,129.02,,,1928-05-12 12:00,320.183,,,1929-03-16 12:00,129.055,,,1930-03-30 12:00,320.249,,,1931-02-01 12:00,129.096,,,1932-02-15 12:00,320.277,,,1932-12-19 12:00,129.144,,,1934-01-02 12:00,320.299,,,1934-11-06 12:00,129.188,,,1935-11-20 12:00,320.353,,
,,,,1927-04-30 12:00,129.466,,,1928-05-13 12:00,320.814,,,1929-03-17 12:00,129.501,,,1930-03-31 12:00,320.881,,,1931-02-02 12:00,129.541,,,1932-02-16 12:00,320.909,,,1932-12-20 12:00,129.59,,,1934-01-03 12:00,320.93,,,1934-11-07 12:00,129.634,,,1935-11-21 12:00,320.984,,
,,,,1927-05-01 12:00,129.911,,,1928-05-14 12:00,321.446,,,1929-03-18 12:00,129.946,,,1930-04-01 12:00,321.513,,,1931-02-03 12:00,129.987,,,1932-02-17 12:00,321.542,,,1932-12-21 12:00,130.035,,,1934-01-04 12:00,321.563,,,1934-11-08 12:00,130.079,,,1935-11-22 12:00,321.616,,
,,,,1927-05-02 12:00,130.356,,,1928-05-15 12:00,322.078,,,1929-03-19 12:00,130.391,,,1930-04-02 12:00,322.145,,,1931-02-04 12:00,130.432,,,1932-02-18 12:00,322.174,,,1932-12-22 12:00,130.48,,,1934-01-05 12:00,322.195,,,1934-11-09 12:00,130.524,,,1935-11-23 12:00,322.248,,
,,,,1927-05-03 12:00,130.801,,,1928-05-16 12:00,322.711,,,1929-03-20 12:00,130.836,,,1930-04-03 12:00,322.778,,,1931-02-05 12:00,130.876,,,1932-02-19 12:00,322.807,,,1932-12-23 12:00,130.924,,,1934-01-06 12:00,322.827,,,1934-11-10 12:00,130.969,,,1935-11-24 12:00,322.881,,
,,,,1927-05-04 12:00,131.245,,,1928-05-17 12:00,323.344,,,1929-03-21 12:00,131.28,,,1930-04-04 12:00,323.411,,,1931-02-06 12:00,131.32,,,1932-02-20 12:00,323.44,,,1932-12-24 12:00,131.369,,,1934-01-07 12:00,323.46,,,1934-11-11 12:00,131.413,,,1935-11-25 12:00,323.513,,
,,,,1927-05-05 12:00,131.689,,,1928-05-18 12:00,323.976,,,1929-03-22 12:00,131.724,,,1930-04-05 12:00,324.044,,,1931-02-07 12:00,131.764,,,1932-02-21 12:00,324.073,,,1932-12-25 12:00,131.813,,,1934-01-08 12:00,324.093,,,1934-11-12 12:00,131.857,,,1935-11-26 12:00,324.146,,
,,,,1927-05-06 12:00,132.133,,,1928-05-19 12:00,324.61,,,1929-03-23 12:00,132.168,,,1930-04-06 12:00,324.677,,,1931-02-08 12:00,132.208,,,1932-02-22 12:00,324.707,,,1932-12-26 12:00,132.256,,,1934-01-09 12:00,324.727,,,1934-11-13 12:00,132.301,,,1935-11-27 12:00,324.78,,
,,,,1927-05-07 12:00,132.577,,,1928-05-20 12:00,325.243,,,1929-03-24 12:00,132.611,,,1930-04-07 12:00,325.31,,,1931-02-09 12:00,132.652,,,1932-02-23 12:00,325.34,,,1932-12-27 12:00,132.7,,,1934-01-10 12:00,325.36,,,1934-11-14 12:00,132.744,,,1935-11-28 12:00,325.413,,
,,,,1927-05-08 12:00,133.02,,,1928-05-21 12:00,325.877,,,1929-03-25 12:00,133.054,,,1930-04-08 12:00,325.944,,,1931-02-10 12:00,133.095,,,1932-02-24 12:00,325.974,,,1932-12-28 12:00,133.143,,,1934-01-11 12:00,325.994,,,1934-11-15 12:00,133.187,,,1935-11-29 12:00,326.047,,
,,,,1927-05-09 12:00,133.463,,,1928-05-22 12:00,326.51,,,1929-03-26 12:00,133.497,,,1930-04-09 12:00,326.578,,,1931-02-11 12:00,133.538,,,1932-02-25 12:00,326.608,,,1932-12-29 12:00,133.586,,,1934-01-12 12:00,326.628,,,1934-11-16 12:00,133.63,,,1935-11-30 12:00,326.68,,
,,,,1927-05-10 12:00,133.906,,,1928-05-23 12:00,327.144,,,1929-03-27 12:00,133.94,,,1930-04-10 12:00,327.212,,,1931-02-12 12:00,133.981,,,1932-02-26 12:00,327.242,,,1932-12-30 12:00,134.029,,,1934-01-13 12:00,327.262,,,1934-11-17 12:00,134.073,,,1935-12-01 12:00,327.314,,
,,,,1927-05-11 12:00,134.348,,,1928-05-24 12:00,327.779,,,1929-03-28 12:00,134.382,,,1930-04-11 12:00,327.846,,,1931-02-13 12:00,134.423,,,1932-02-27 12:00,327.877,,,1932-12-31 12:00,134.471,,,1934-01-14 12:00,327.896,,,1934-11-18 12:00,134.515,,,1935-12-02 12:00,327.948,,
,,,,1927-05-12 12:00,134.791,,,1928-05-25 12:00,328.413,,,1929-03-29 12:00,134.825,,,1930-04-12 12:00,328.48,,,1931-02-14 12:00,134.865,,,1932-02-28 12:00,328.511,,,1933-01-01 12:00,134.914,,,1934-01-15 12:00,328.531,,,1934-11-19 12:00,134.958,,,1935-12-03 12:00,328.582,,
,,,,1927-05-13 12:00,135.233,,,1928-05-26 12:00,329.047,,,1929-03-30 12:00,135.267,,,1930-04-13 12:00,329.114,,,1931-02-15 12:00,135.308,,,1932-02-29 12:00,329.146,,,1933-01-02 12:00,135.356,,,1934-01-16 12:00,329.165,,,1934-11-20 12:00,135.4,,,1935-12-04 12:00,329.217,,
,,,,1927-05-14 12:00,135.675,,,1928-05-27 12:00,329.682,,,1929-03-31 12:00,135.709,,,1930-04-14 12:00,329.749,,,1931-02-16 12:00,135.749,,,1932-03-01 12:00,329.781,,,1933-01-03 12:00,135.797,,,1934-01-17 12:00,329.8,,,1934-11-21 12:00,135.841,,,1935-12-05 12:00,329.851,,
,,,,1927-05-15 12:00,136.116,,,1928-05-28 12:00,330.316,,,1929-04-01 12:00,136.15,,,1930-04-15 12:00,330.383,,,1931-02-17 12:00,136.191,,,1932-03-02 12:00,330.415,,,1933-01-04 12:00,136.239,,,1934-01-18 12:00,330.435,,,1934-11-22 12:00,136.283,,,1935-12-06 12:00,330.486,,
,,,,1927-05-16 12:00,136.558,,,1928-05-29 12:00,330.951,,,1929-04-02 12:00,136.591,,,1930-04-16 12:00,331.018,,,1931-02-18 12:00,136.632,,,1932-03-03 12:00,331.05,,,1933-01-05 12:00,136.68,,,1934-01-19 12:00,331.07,,,1934-11-23 12:00,136.724,,,1935-12-07 12:00,331.12,,
,,,,1927-05-17 12:00,136.999,,,1928-05-30 12:00,331.586,,,1929-04-03 12:00,137.033,,,1930-04-17 12:00,331.653,,,1931-02-19 12:00,137.073,,,1932-03-04 12:00,331.685,,,1933-01-06 12:00,137.121,,,1934-01-20 12:00,331.704,,,1934-11-24 12:00,137.165,,,1935-12-08 12:00,331.755,,
,,,,1927-05-18 12:00,137.44,,,1928-05-31 12:00,332.22,,,1929-04-04 12:00,137.473,,,1930-04-18 12:00,332.288,,,1931-02-20 12:00,137.514,,,1932-03-05 12:00,332.32,,,1933-01-07 12:00,137.562,,,1934-01-21 12:00,332.339,,,1934-11-25 12:00,137.606,,,1935-12-09 12:00,332.39,,
,,,,1927-05-19 12:00,137.88,,,1928-06-01 12:00,332.855,,,1929-04-05 12:00,137.914,,,1930-04-19 12:00,332.922,,,1931-02-21 12:00,137.955,,,1932-03-06 12:00,332.956,,,1933-01-08 12:00,138.003,,,1934-01-22 12:00,332.974,,,1934-11-26 12:00,138.047,,,1935-12-10 12:00,333.025,,
,,,,1927-05-20 12:00,138.321,,,1928-06-02 12:00,333.49,,,1929-04-06 12:00,138.355,,,1930-04-20 12:00,333.557,,,1931-02-22 12:00,138.395,,,1932-03-07 12:00,333.591,,,1933-01-09 12:00,138.443,,,1934-01-23 12:00,333.609,,,1934-11-27 12:00,138.488,,,1935-12-11 12:00,333.66,,
,,,,1927-05-21 12:00,138.761,,,1928-06-03 12:00,334.125,,,1929-04-07 12:00,138.795,,,1930-04-21 12:00,334.192,,,1931-02-23 12:00,138.835,,,1932-03-08 12:00,334.226,,,1933-01-10 12:00,138.883,,,1934-01-24 12:00,334.245,,,1934-11-28 12:00,138.928,,,1935-12-12 12:00,334.295,,
,,,,1927-05-22 12:00,139.202,,,1928-06-04 12:00,334.76,,,1929-04-08 12:00,139.235,,,1930-04-22 12:00,334.827,,,1931-02-24 12:00,139.275,,,1932-03-09 12:00,334.861,,,1933-01-11 12:00,139.324,,,1934-01-25 12:00,334.88,,,1934-11-29 12:00,139.368,,,1935-12-13 12:00,334.93,,
,,,,1927-05-23 12:00,139.642,,,1928-06-05 12:00,335.395,,,1929-04-09 12:00,139.675,,,1930-04-23 12:00,335.462,,,1931-02-25 12:00,139.715,,,1932-03-10 12:00,335.496,,,1933-01-12 12:00,139.764,,,1934-01-26 12:00,335.515,,,1934-11-30 12:00,139.808,,,1935-12-14 12:00,335.565,,
,,,,1927-05-24 12:00,140.081,,,1928-06-06 12:00,336.03,,,1929-04-10 12:00,140.115,,,1930-04-24 12:00,336.097,,,1931-02-26 12:00,140.155,,,1932-03-11 12:00,336.131,,,1933-01-13 12:00,140.203,,,1934-01-27 12:00,336.15,,,1934-12-01 12:00,140.247,,,1935-12-15 12:00,336.199,,
,,,,1927-05-25 12:00,140.521,,,1928-06-07 12:00,336.665,,,1929-04-11 12:00,140.554,,,1930-04-25 12:00,336.732,,,1931-02-27 12:00,140.595,,,1932-03-12 12:00,336.766,,,1933-01-14 12:00,140.643,,,1934-01-28 12:00,336.785,,,1934-12-02 12:00,140.687,,,1935-12-16 12:00,336.834,,
,,,,1927-05-26 12:00,140.96,,,1928-06-08 12:00,337.3,,,1929-04-12 12:00,140.993,,,1930-04-26 12:00,337.367,,,1931-02-28 12:00,141.034,,,1932-03-13 12:00,337.401,,,1933-01-15 12:00,141.082,,,1934-01-29 12:00,337.42,,,1934-12-03 12:00,141.126,,,1935-12-17 12:00,337.469,,
,,,,1927-05-27 12:00,141.4,,,1928-06-09 12:00,337.935,,,1929-04-13 12:00,141.433,,,1930-04-27 12:00,338.001,,,1931-03-01 12:00,141.473,,,1932-03-14 12:00,338.036,,,1933-01-16 12:00,141.521,,,1934-01-30 12:00,338.055,,,1934-12-04 12:00,141.566,,,1935-12-18 12:00,338.104,,
,,,,1927-05-28 12:00,141.839,,,1928-06-10 12:00,338.569,,,1929-04-14 12:00,141.872,,,1930-04-28 12:00,338.636,,,1931-03-02 12:00,141.912,,,1932-03-15 12:00,338.671,,,1933-01-17 12:00,141.96,,,1934-01-31 12:00,338.69,,,1934-12-05 12:00,142.005,,,1935-12-19 12:00,338.739,,
,,,,1927-05-29 12:00,142.278,,,1928-06-11 12:00,339.204,,,1929-04-15 12:00,142.311,,,1930-04-29 12:00,339.271,,,1931-03-03 12:00,142.351,,,1932-03-16 12:00,339.306,,,1933-01-18 12:00,142.399,,,1934-02-01 12:00,339.325,,,1934-12-06 12:00,142.444,,,1935-12-20 12:00,339.373,,
,,,,1927-05-30 12:00,142.717,,,1928-06-12 12:00,339.839,,,1929-04-16 12:00,142.75,,,1930-04-30 12:00,339.905,,,1931-03-04 12:00,142.79,,,1932-03-17 12:00,339.941,,,1933-01-19 12:00,142.838,,,1934-02-02 12:00,339.959,,,1934-12-07 12:00,142.882,,,1935-12-21 12:00,340.008,,
,,,,1927-05-31 12:00,143.155,,,1928-06-13 12:00,340.473,,,1929-04-17 12:00,143.188,,,1930-05-01 12:00,340.539,,,1931-03-05 12:00,143.229,,,1932-03-18 12:00,340.576,,,1933-01-20 12:00,143.277,,,1934-02-03 12:00,340.594,,,1934-12-08 12:00,143.321,,,1935-12-22 12:00,340.642,,
,,,,1927-06-01 12:00,143.594,,,1928-06-14 12:00,341.107,,,1929-04-18 12:00,143.627,,,1930-05-02 12:00,341.174,,,1931-03-06 12:00,143.667,,,1932-03-19 12:00,341.21,,,1933-01-21 12:00,143.715,,,1934-02-04 12:00,341.228,,,1934-12-09 12:00,143.76,,,1935-12-23 12:00,341.276,,
,,,,1927-06-02 12:00,144.032,,,1928-06-15 12:00,341.741,,,1929-04-19 12:00,144.065,,,1930-05-03 12:00,341.808,,,1931-03-07 12:00,144.105,,,1932-03-20 12:00,341.845,,,1933-01-22 12:00,144.153,,,1934-02-05 12:00,341.863,,,1934-12-10 12:00,144.198,,,1935-12-24 12:00,341.91,,
,,,,1927-06-03 12:00,144.471,,,1928-06-16 12:00,342.376,,,1929-04-20 12:00,144.503,,,1930-05-04 12:00,342.442,,,1931-03-08 12:00,144.544,,,1932-03-21 12:00,342.479,,,1933-01-23 12:00,144.592,,,1934-02-06 12:00,342.497,,,1934-12-11 12:00,144.636,,,1935-12-25 12:00,342.544,,
,,,,1927-06-04 12:00,144.909,,,1928-06-17 12:00,343.009,,,1929-04-21 12:00,144.941,,,1930-05-05 12:00,343.076,,,1931-03-09 12:00,144.982,,,1932-03-22 12:00,343.113,,,1933-01-24 12:00,145.03,,,1934-02-07 12:00,343.131,,,1934-12-12 12:00,145.074,,,1935-12-26 12:00,343.178,,
,,,,1927-06-05 12:00,145.347,,,1928-06-18 12:00,343.643,,,1929-04-22 12:00,145.379,,,1930-05-06 12:00,343.709,,,1931-03-10 12:00,145.42,,,1932-03-23 12:00,343.747,,,1933-01-25 12:00,145.468,,,1934-02-08 12:00,343.765,,,1934-12-13 12:00,145.512,,,1935-12-27 12:00,343.812,,
,,,,1927-06-06 12:00,145.785,,,1928-06-19 12:00,344.277,,,1929-04-23 12:00,145.817,,,1930-05-07 12:00,344.343,,,1931-03-11 12:00,145.858,,,1932-03-24 12:00,344.38,,,1933-01-26 12:00,145.906,,,1934-02-09 12:00,344.398,,,1934-12-14 12:00,145.95,,,1935-12-28 12:00,344.445,,
,,,,1927-06-07 12:00,146.223,,,1928-06-20 12:00,344.91,,,1929-04-24 12:00,146.255,,,1930-05-08 12:00,344.976,,,1931-03-12 12:00,146.295,,,1932-03-25 12:00,345.014,,,1933-01-27 12:00,146.343,,,1934-02-10 12:00,345.032,,,1934-12-15 12:00,146.388,,,1935-12-29 12:00,345.079,,
,,,,1927-06-08 12:00,146.66,,,1928-06-21 12:00,345.543,,,1929-04-25 12:00,146.693,,,1930-05-09 12:00,345.609,,,1931-03-13 12:00,146.733,,,1932-03-26 12:00,345.647,,,1933-01-28 12:00,146.781,,,1934-02-11 12:00,345.665,,,1934-12-16 12:00,146.825,,,1935-12-30 12:00,345.712,,
,,,,1927-06-09 12:00,147.098,,,1928-06-22 12:00,346.176,,,1929-04-26 12:00,147.13,,,1930-05-10 12:00,346.242,,,1931-03-14 12:00,147.17,,,1932-03-27 12:00,346.28,,,1933-01-29 12:00,147.218,,,1934-02-12 12:00,346.298,,,1934-12-17 12:00,147.263,,,,,,
,,,,1927-06-10 12:00,147.536,,,1928-06-23 12:00,346.809,,,1929-04-27 12:00,147.568,,,1930-05-11 12:00,346.874,,,1931-03-15 12:00,147.608,,,1932-03-28 12:00,346.913,,,1933-01-30 12:00,147.656,,,1934-02-13 12:00,346.931,,,1934-12-18 12:00,147.7,,,,,,
,,,,1927-06-11 12:00,147.973,,,1928-06-24 12:00,347.441,,,1929-04-28 12:00,148.005,,,1930-05-12 12:00,347.506,,,1931-03-16 12:00,148.045,,,1932-03-29 12:00,347.546,,,1933-01-31 12:00,148.093,,,1934-02-14 12:00,347.563,,,1934-12-19 12:00,148.138,,,,,,
,,,,1927-06-12 12:00,148.41,,,1928-06-25 12:00,348.073,,,1929-04-29 12:00,148.442,,,1930-05-13 12:00,348.138,,,1931-03-17 12:00,148.483,,,1932-03-30 12:00,348.178,,,1933-02-01 12:00,148.53,,,1934-02-15 12:00,348.196,,,1934-12-20 12:00,148.575,,,,,,
,,,,1927-06-13 12:00,148.848,,,1928-06-26 12:00,348.705,,,1929-04-30 12:00,148.88,,,1930-05-14 12:00,348.77,,,1931-03-18 12:00,148.92,,,1932-03-31 12:00,348.81,,,1933-02-02 12:00,148.968,,,1934-02-16 12:00,348.827,,,1934-12-21 12:00,149.012,,,,,,
,,,,1927-06-14 12:00,149.285,,,1928-06-27 12:00,349.336,,,1929-05-01 12:00,149.317,,,1930-05-15 12:00,349.402,,,1931-03-19 12:00,149.357,,,1932-04-01 12:00,349.442,,,1933-02-03 12:00,149.405,,,1934-02-17 12:00,349.459,,,1934-12-22 12:00,149.449,,,,,,
,,,,1927-06-15 12:00,149.722,,,1928-06-28 12:00,349.968,,,1929-05-02 12:00,149.754,,,1930-05-16 12:00,350.033,,,1931-03-20 12:00,149.794,,,1932-04-02 12:00,350.073,,,1933-02-04 12:00,149.842,,,1934-02-18 12:00,350.09,,,1934-12-23 12:00,149.887,,,,,,
,,,,1927-06-16 12:00,150.159,,,1928-06-29 12:00,350.599,,,1929-05-03 12:00,150.191,,,1930-05-17 12:00,350.664,,,1931-03-21 12:00,150.231,,,1932-04-03 12:00,350.704,,,1933-02-05 12:00,150.279,,,1934-02-19 12:00,350.721,,,1934-12-24 12:00,150.324,,,,,,
,,,,1927-06-17 12:00,150.596,,,1928-06-30 12:00,351.229,,,1929-05-04 12:00,150.628,,,1930-05-18 12:00,351.294,,,1931-03-22 12:00,150.668,,,1932-04-04 12:00,351.335,,,1933-02-06 12:00,150.716,,,1934-02-20 12:00,351.352,,,1934-12-25 12:00,150.761,,,,,,
,,,,1927-06-18 12:00,151.033,,,1928-07-01 12:00,351.859,,,1929-05-05 12:00,151.065,,,1930-05-19 12:00,351.924,,,1931-03-23 12:00,151.105,,,1932-04-05 12:00,351.965,,,1933-02-07 12:00,151.153,,,1934-02-21 12:00,351.983,,,1934-12-26 12:00,151.197,,,,,,
,,,,1927-06-19 12:00,151.47,,,1928-07-02 12:00,352.489,,,1929-05-06 12:00,151.502,,,1930-05-20 12:00,352.554,,,1931-03-24 12:00,151.541,,,1932-04-06 12:00,352.595,,,1933-02-08 12:00,151.59,,,1934-02-22 12:00,352.613,,,1934-12-27 12:00,151.634,,,,,,
,,,,1927-06-20 12:00,151.907,,,1928-07-03 12:00,353.119,,,1929-05-07 12:00,151.938,,,1930-05-21 12:00,353.183,,,1931-03-25 12:00,151.978,,,1932-04-07 12:00,353.225,,,1933-02-09 12:00,152.027,,,1934-02-23 12:00,353.242,,,1934-12-28 12:00,152.071,,,,,,
,,,,1927-06-21 12:00,152.344,,,1928-07-04 12:00,353.748,,,1929-05-08 12:00,152.375,,,1930-05-22 12:00,353.812,,,1931-03-26 12:00,152.415,,,1932-04-08 12:00,353.854,,,1933-02-10 12:00,152.463,,,1934-02-24 12:00,353.871,,,1934-12-29 12:00,152.508,,,,,,
,,,,1927-06-22 12:00,152.781,,,1928-07-05 12:00,354.377,,,1929-05-09 12:00,152.812,,,1930-05-23 12:00,354.441,,,1931-03-27 12:00,152.852,,,1932-04-09 12:00,354.483,,,1933-02-11 12:00,152.9,,,1934-02-25 12:00,354.5,,,1934-12-30 12:00,152.945,,,,,,
,,,,1927-06-23 12:00,153.218,,,1928-07-06 12:00,355.005,,,1929-05-10 12:00,153.249,,,1930-05-24 12:00,355.069,,,1931-03-28 12:00,153.289,,,1932-04-10 12:00,355.111,,,1933-02-12 12:00,153.337,,,1934-02-26 12:00,355.129,,,1934-12-31 12:00,153.381,,,,,,
,,,,1927-06-24 12:00,153.655,,,1928-07-07 12:00,355.633,,,1929-05-11 12:00,153.686,,,1930-05-25 12:00,355.697,,,1931-03-29 12:00,153.725,,,1932-04-11 12:00,355.739,,,1933-02-13 12:00,153.773,,,1934-02-27 12:00,355.757,,,1935-01-01 12:00,153.818,,,,,,
,,,,1927-06-25 12:00,154.091,,,1928-07-08 12:00,356.261,,,1929-05-12 12:00,154.122,,,1930-05-26 12:00,356.324,,,1931-03-30 12:00,154.162,,,1932-04-12 12:00,356.367,,,1933-02-14 12:00,154.21,,,1934-02-28 12:00,356.385,,,1935-01-02 12:00,154.255,,,,,,
,,,,1927-06-26 12:00,154.528,,,1928-07-09 12:00,356.888,,,1929-05-13 12:00,154.559,,,1930-05-27 12:00,356.951,,,1931-03-31 12:00,154.599,,,1932-04-13 12:00,356.994,,,1933-02-15 12:00,154.647,,,1934-03-01 12:00,357.012,,,1935-01-03 12:00,154.691,,,,,,
,,,,1927-06-27 12:00,154.965,,,1928-07-10 12:00,357.514,,,1929-05-14 12:00,154.996,,,1930-05-28 12:00,357.578,,,1931-04-01 12:00,155.035,,,1932-04-14 12:00,357.621,,,1933-02-16 12:00,155.083,,,1934-03-02 12:00,357.638,,,1935-01-04 12:00,155.128,,,,,,
,,,,1927-06-28 12:00,155.402,,,1928-07-11 12:00,358.14,,,1929-05-15 12:00,155.433,,,1930-05-29 12:00,358.204,,,1931-04-02 12:00,155.472,,,1932-04-15 12:00,358.247,,,1933-02-17 12:00,155.52,,,1934-03-03 12:00,358.265,,,1935-01-05 12:00,155.565,,,,,,
,,,,1927-06-29 12:00,155.838,,,1928-07-12 12:00,358.766,,,1929-05-16 12:00,155.869,,,1930-05-30 12:00,358.829,,,1931-04-03 12:00,155.908,,,1932-04-16 12:00,358.873,,,1933-02-18 12:00,155.957,,,1934-03-04 12:00,358.89,,,1935-01-06 12:00,156.002,,,,,,
,,,,1927-06-30 12:00,156.275,,,1928-07-13 12:00,359.391,,,1929-05-17 12:00,156.306,,,1930-05-31 12:00,359.454,,,1931-04-04 12:00,156.345,,,1932-04-17 12:00,359.498,,,1933-02-19 12:00,156.394,,,1934-03-05 12:00,359.516,,,1935-01-07 12:00,156.438,,,,,,
,,,,1927-07-01 12:00,156.712,,,1928-07-14 12:00,0.0159999999996,,,1929-05-18 12:00,156.743,,,1930-06-01 12:00,0.0789999999997,,,1931-04-05 12:00,156.782,,,1932-04-18 12:00,0.123,,,1933-02-20 12:00,156.83,,,1934-03-06 12:00,0.14,,,1935-01-08 12:00,156.875,,,,,,
,,,,1927-07-02 12:00,157.149,,,1928-07-15 12:00,0.64,,,1929-05-19 12:00,157.179,,,1930-06-02 12:00,0.703,,,1931-04-06 12:00,157.219,,,1932-04-19 12:00,0.747,,,1933-02-21 12:00,157.267,,,1934-03-07 12:00,0.765,,,1935-01-09 12:00,157.312,,,,,,
,,,,1927-07-03 12:00,157.586,,,1928-07-16 12:00,1.264,,,1929-05-20 12:00,157.616,,,1930-06-03 12:00,1.327,,,1931-04-07 12:00,157.655,,,1932-04-20 12:00,1.371,,,1933-02-22 12:00,157.704,,,1934-03-08 12:00,1.389,,,1935-01-10 12:00,157.748,,,,,,
,,,,1927-07-04 12:00,158.023,,,1928-07-17 12:00,1.887,,,1929-05-21 12:00,158.053,,,1930-06-04 12:00,1.95,,,1931-04-08 12:00,158.092,,,1932-04-21 12:00,1.994,,,1933-02-23 12:00,158.141,,,1934-03-09 12:00,2.012,,,1935-01-11 12:00,158.185,,,,,,
,,,,1927-07-05 12:00,158.46,,,1928-07-18 12:00,2.51,,,1929-05-22 12:00,158.49,,,1930-06-05 12:00,2.572,,,1931-04-09 12:00,158.529,,,1932-04-22 12:00,2.617,,,1933-02-24 12:00,158.577,,,1934-03-10 12:00,2.635,,,1935-01-12 12:00,158.622,,,,,,
,,,,1927-07-06 12:00,158.897,,,1928-07-19 12:00,3.132,,,1929-05-23 12:00,158.927,,,1930-06-06 12:00,3.194,,,1931-04-10 12:00,158.966,,,1932-04-23 12:00,3.239,,,1933-02-25 12:00,159.014,,,1934-03-11 12:00,3.257,,,1935-01-13 12:00,159.059,,,,,,
,,,,1927-07-07 12:00,159.334,,,1928-07-20 12:00,3.753,,,1929-05-24 12:00,159.364,,,1930-06-07 12:00,3.815,,,1931-04-11 12:00,159.403,,,1932-04-24 12:00,3.861,,,1933-02-26 12:00,159.451,,,1934-03-12 12:00,3.879,,,1935-01-14 12:00,159.496,,,,,,
,,,,1927-07-08 12:00,159.771,,,1928-07-21 12:00,4.374,,,1929-05-25 12:00,159.801,,,1930-06-08 12:00,4.436,,,1931-04-12 12:00,159.84,,,1932-04-25 12:00,4.482,,,1933-02-27 12:00,159.888,,,1934-03-13 12:00,4.5,,,1935-01-15 12:00,159.933,,,,,,
,,,,1927-07-09 12:00,160.208,,,1928-07-22 12:00,4.995,,,1929-05-26 12:00,160.238,,,1930-06-09 12:00,5.056,,,1931-04-13 12:00,160.277,,,1932-04-26 12:00,5.102,,,1933-02-28 12:00,160.325,,,1934-03-14 12:00,5.12,,,1935-01-16 12:00,160.37,,,,,,
,,,,1927-07-10 12:00,160.645,,,1928-07-23 12:00,5.615,,,1929-05-27 12:00,160.675,,,1930-06-10 12:00,5.676,,,1931-04-14 12:00,160.714,,,1932-04-27 12:00,5.722,,,1933-03-01 12:00,160.762,,,1934-03-15 12:00,5.74,,,1935-01-17 12:00,160.807,,,,,,
,,,,1927-07-11 12:00,161.082,,,1928-07-24 12:00,6.234,,,1929-05-28 12:00,161.112,,,1930-06-11 12:00,6.295,,,1931-04-15 12:00,161.151,,,1932-04-28 12:00,6.341,,,1933-03-02 12:00,161.199,,,1934-03-16 12:00,6.359,,,1935-01-18 12:00,161.244,,,,,,
,,,,1927-07-12 12:00,161.519,,,1928-07-25 12:00,6.852,,,1929-05-29 12:00,161.55,,,1930-06-12 12:00,6.913,,,1931-04-16 12:00,161.588,,,1932-04-29 12:00,6.96,,,1933-03-03 12:00,161.637,,,1934-03-17 12:00,6.978,,,1935-01-19 12:00,161.682,,,,,,
,,,,1927-07-13 12:00,161.957,,,1928-07-26 12:00,7.47,,,1929-05-30 12:00,161.987,,,1930-06-13 12:00,7.531,,,1931-04-17 12:00,162.025,,,1932-04-30 12:00,7.578,,,1933-03-04 12:00,162.074,,,1934-03-18 12:00,7.596,,,1935-01-20 12:00,162.119,,,,,,
,,,,1927-07-14 12:00,162.394,,,1928-07-27 12:00,8.088,,,1929-05-31 12:00,162.425,,,1930-06-14 12:00,8.148,,,1931-04-18 12:00,162.463,,,1932-05-01 12:00,8.195,,,1933-03-05 12:00,162.511,,,1934-03-19 12:00,8.213,,,1935-01-21 12:00,162.556,,,,,,
,,,,1927-07-15 12:00,162.832,,,1928-07-28 12:00,8.704,,,1929-06-01 12:00,162.862,,,1930-06-15 12:00,8.765,,,1931-04-19 12:00,162.9,,,1932-05-02 12:00,8.812,,,1933-03-06 12:00,162.949,,,1934-03-20 12:00,8.83,,,1935-01-22 12:00,162.994,,,,,,
,,,,1927-07-16 12:00,163.27,,,1928-07-29 12:00,9.32,,,1929-06-02 12:00,163.3,,,1930-06-16 12:00,9.381,,,1931-04-20 12:00,163.338,,,1932-05-03 12:00,9.428,,,1933-03-07 12:00,163.386,,,1934-03-21 12:00,9.446,,,1935-01-23 12:00,163.431,,,,,,
,,,,1927-07-17 12:00,163.708,,,1928-07-30 12:00,9.936,,,1929-06-03 12:00,163.737,,,1930-06-17 12:00,9.996,,,1931-04-21 12:00,163.775,,,1932-05-04 12:00,10.043,,,1933-03-08 12:00,163.824,,,1934-03-22 12:00,10.062,,,1935-01-24 12:00,163.869,,,,,,
,,,,1927-07-18 12:00,164.145,,,1928-07-31 12:00,10.55,,,1929-06-04 12:00,164.175,,,1930-06-18 12:00,10.61,,,1931-04-22 12:00,164.213,,,1932-05-05 12:00,10.658,,,1933-03-09 12:00,164.262,,,1934-03-23 12:00,10.676,,,1935-01-25 12:00,164.307,,,,,,
,,,,1927-07-19 12:00,164.583,,,1928-08-01 12:00,11.165,,,1929-06-05 12:00,164.613,,,1930-06-19 12:00,11.224,,,1931-04-23 12:00,164.651,,,1932-05-06 12:00,11.272,,,1933-03-10 12:00,164.7,,,1934-03-24 12:00,11.291,,,1935-01-26 12:00,164.745,,,,,,
,,,,1927-07-20 12:00,165.021,,,1928-08-02 12:00,11.778,,,1929-06-06 12:00,165.051,,,1930-06-20 12:00,11.837,,,1931-04-24 12:00,165.089,,,1932-05-07 12:00,11.886,,,1933-03-11 12:00,165.138,,,1934-03-25 12:00,11.904,,,1935-01-27 12:00,165.183,,,,,,
,,,,1927-07-21 12:00,165.46,,,1928-08-03 12:00,12.391,,,1929-06-07 12:00,165.489,,,1930-06-21 12:00,12.45,,,1931-04-25 12:00,165.527,,,1932-05-08 12:00,12.498,,,1933-03-12 12:00,165.576,,,1934-03-26 12:00,12.517,,,1935-01-28 12:00,165.621,,,,,,
,,,,1927-07-22 12:00,165.898,,,1928-08-04 12:00,13.003,,,1929-06-08 12:00,165.928,,,1930-06-22 12:00,13.062,,,1931-04-26 12:00,165.965,,,1932-05-09 12:00,13.11,,,1933-03-13 12:00,166.014,,,1934-03-27 12:00,13.129,,,1935-01-29 12:00,166.059,,,,,,
,,,,1927-07-23 12:00,166.336,,,1928-08-05 12:00,13.614,,,1929-06-09 12:00,166.366,,,1930-06-23 12:00,13.673,,,1931-04-27 12:00,166.404,,,1932-05-10 12:00,13.722,,,1933-03-14 12:00,166.452,,,1934-03-28 12:00,13.74,,,1935-01-30 12:00,166.497,,,,,,
,,,,1927-07-24 12:00,166.775,,,1928-08-06 12:00,14.224,,,1929-06-10 12:00,166.805,,,1930-06-24 12:00,14.283,,,1931-04-28 12:00,166.842,,,1932-05-11 12:00,14.332,,,1933-03-15 12:00,166.891,,,1934-03-29 12:00,14.351,,,1935-01-31 12:00,166.936,,,,,,
,,,,1927-07-25 12:00,167.214,,,1928-08-07 12:00,14.834,,,1929-06-11 12:00,167.244,,,1930-06-25 12:00,14.893,,,1931-04-29 12:00,167.281,,,1932-05-12 12:00,14.942,,,1933-03-16 12:00,167.33,,,1934-03-30 12:00,14.961,,,1935-02-01 12:00,167.375,,,,,,
,,,,1927-07-26 12:00,167.653,,,1928-08-08 12:00,15.443,,,1929-06-12 12:00,167.683,,,1930-06-26 12:00,15.502,,,1931-04-30 12:00,167.72,,,1932-05-13 12:00,15.551,,,1933-03-17 12:00,167.768,,,1934-03-31 12:00,15.57,,,1935-02-02 12:00,167.814,,,,,,
,,,,1927-07-27 12:00,168.092,,,1928-08-09 12:00,16.052,,,1929-06-13 12:00,168.122,,,1930-06-27 12:00,16.11,,,1931-05-01 12:00,168.159,,,1932-05-14 12:00,16.159,,,1933-03-18 12:00,168.207,,,1934-04-01 12:00,16.178,,,1935-02-03 12:00,168.253,,,,,,
,,,,1927-07-28 12:00,168.531,,,1928-08-10 12:00,16.659,,,1929-06-14 12:00,168.561,,,1930-06-28 12:00,16.717,,,1931-05-02 12:00,168.598,,,1932-05-15 12:00,16.767,,,1933-03-19 12:00,168.647,,,1934-04-02 12:00,16.786,,,1935-02-04 12:00,168.692,,,,,,
,,,,1927-07-29 12:00,168.97,,,1928-08-11 12:00,17.266,,,1929-06-15 12:00,169.0,,,1930-06-29 12:00,17.324,,,1931-05-03 12:00,169.037,,,1932-05-16 12:00,17.374,,,1933-03-20 12:00,169.086,,,1934-04-03 12:00,17.393,,,1935-02-05 12:00,169.131,,,,,,
,,,,1927-07-30 12:00,169.41,,,1928-08-12 12:00,17.872,,,1929-06-16 12:00,169.439,,,1930-06-30 12:00,17.93,,,1931-05-04 12:00,169.476,,,1932-05-17 12:00,17.98,,,1933-03-21 12:00,169.525,,,1934-04-04 12:00,17.999,,,1935-02-06 12:00,169.57,,,,,,
,,,,1927-07-31 12:00,169.85,,,1928-08-13 12:00,18.477,,,1929-06-17 12:00,169.879,,,1930-07-01 12:00,18.535,,,1931-05-05 12:00,169.916,,,1932-05-18 12:00,18.585,,,1933-03-22 12:00,169.965,,,1934-04-05 12:00,18.604,,,1935-02-07 12:00,170.01,,,,,,
,,,,1927-08-01 12:00,170.289,,,1928-08-14 12:00,19.082,,,1929-06-18 12:00,170.319,,,1930-07-02 12:00,19.139,,,1931-05-06 12:00,170.356,,,1932-05-19 12:00,19.19,,,1933-03-23 12:00,170.405,,,1934-04-06 12:00,19.209,,,1935-02-08 12:00,170.45,,,,,,
,,,,1927-08-02 12:00,170.73,,,1928-08-15 12:00,19.686,,,1929-06-19 12:00,170.759,,,1930-07-03 12:00,19.743,,,1931-05-07 12:00,170.796,,,1932-05-20 12:00,19.793,,,1933-03-24 12:00,170.845,,,1934-04-07 12:00,19.813,,,1935-02-09 12:00,170.89,,,,,,
,,,,1927-08-03 12:00,171.17,,,1928-08-16 12:00,20.289,,,1929-06-20 12:00,171.199,,,1930-07-04 12:00,20.345,,,1931-05-08 12:00,171.236,,,1932-05-21 12:00,20.396,,,1933-03-25 12:00,171.285,,,1934-04-08 12:00,20.416,,,1935-02-10 12:00,171.33,,,,,,
,,,,1927-08-04 12:00,171.61,,,1928-08-17 12:00,20.891,,,1929-06-21 12:00,171.64,,,1930-07-05 12:00,20.947,,,1931-05-09 12:00,171.676,,,1932-05-22 12:00,20.999,,,1933-03-26 12:00,171.725,,,1934-04-09 12:00,21.018,,,1935-02-11 12:00,171.77,,,,,,
,,,,1927-08-05 12:00,172.051,,,1928-08-18 12:00,21.492,,,1929-06-22 12:00,172.08,,,1930-07-06 12:00,21.549,,,1931-05-10 12:00,172.117,,,1932-05-23 12:00,21.6,,,1933-03-27 12:00,172.166,,,1934-04-10 12:00,21.62,,,1935-02-12 12:00,172.211,,,,,,
,,,,1927-08-06 12:00,172.492,,,1928-08-19 12:00,22.093,,,1929-06-23 12:00,172.521,,,1930-07-07 12:00,22.149,,,1931-05-11 12:00,172.558,,,1932-05-24 12:00,22.201,,,1933-03-28 12:00,172.606,,,1934-04-11 12:00,22.22,,,1935-02-13 12:00,172.652,,,,,,
,,,,1927-08-07 12:00,172.933,,,1928-08-20 12:00,22.692,,,1929-06-24 12:00,172.962,,,1930-07-08 12:00,22.748,,,1931-05-12 12:00,172.998,,,1932-05-25 12:00,22.8,,,1933-03-29 12:00,173.047,,,1934-04-12 12:00,22.82,,,1935-02-14 12:00,173.093,,,,,,
,,,,1927-08-08 12:00,173.374,,,1928-08-21 12:00,23.291,,,1929-06-25 12:00,173.404,,,1930-07-09 12:00,23.347,,,1931-05-13 12:00,173.44,,,1932-05-26 12:00,23.399,,,1933-03-30 12:00,173.488,,,1934-04-13 12:00,23.419,,,1935-02-15 12:00,173.534,,,,,,
,,,,1927-08-09 12:00,173.815,,,1928-08-22 12:00,23.889,,,1929-06-26 12:00,173.845,,,1930-07-10 12:00,23.945,,,1931-05-14 12:00,173.881,,,1932-05-27 12:00,23.997,,,1933-03-31 12:00,173.93,,,1934-04-14 12:00,24.017,,,1935-02-16 12:00,173.975,,,,,,
,,,,1927-08-10 12:00,174.257,,,1928-08-23 12:00,24.487,,,1929-06-27 12:00,174.287,,,1930-07-11 12:00,24.542,,,1931-05-15 12:00,174.323,,,1932-05-28 12:00,24.594,,,1933-04-01 12:00,174.372,,,1934-04-15 12:00,24.614,,,1935-02-17 12:00,174.417,,,,,,
,,,,1927-08-11 12:00,174.699,,,1928-08-24 12:00,25.083,,,1929-06-28 12:00,174.729,,,1930-07-12 12:00,25.138,,,1931-05-16 12:00,174.764,,,1932-05-29 12:00,25.191,,,1933-04-02 12:00,174.813,,,1934-04-16 12:00,25.211,,,1935-02-18 12:00,174.859,,,,,,
,,,,1927-08-12 12:00,175.141,,,1928-08-25 12:00,25.679,,,1929-06-29 12:00,175.171,,,1930-07-13 12:00,25.734,,,1931-05-17 12:00,175.206,,,1932-05-30 12:00,25.786,,,1933-04-03 12:00,175.256,,,1934-04-17 12:00,25.807,,,1935-02-19 12:00,175.301,,,,,,
,,,,1927-08-13 12:00,175.584,,,1928-08-26 12:00,26.273,,,1929-06-30 12:00,175.613,,,1930-07-14 12:00,26.328,,,1931-05-18 12:00,175.649,,,1932-05-31 12:00,26.381,,,1933-04-04 12:00,175.698,,,1934-04-18 12:00,26.401,,,1935-02-20 12:00,175.743,,,,,,
,,,,1927-08-14 12:00,176.026,,,1928-08-27 12:00,26.867,,,1929-07-01 12:00,176.056,,,1930-07-15 12:00,26.922,,,1931-05-19 12:00,176.091,,,1932-06-01 12:00,26.975,,,1933-04-05 12:00,176.14,,,1934-04-19 12:00,26.995,,,1935-02-21 12:00,176.186,,,,,,
,,,,1927-08-15 12:00,176.469,,,1928-08-28 12:00,27.46,,,1929-07-02 12:00,176.499,,,1930-07-16 12:00,27.515,,,1931-05-20 12:00,176.534,,,1932-06-02 12:00,27.568,,,1933-04-06 12:00,176.583,,,1934-04-20 12:00,27.588,,,1935-02-22 12:00,176.628,,,,,,
,,,,1927-08-16 12:00,176.912,,,1928-08-29 12:00,28.052,,,1929-07-03 12:00,176.942,,,1930-07-17 12:00,28.107,,,1931-05-21 12:00,176.977,,,1932-06-03 12:00,28.16,,,1933-04-07 12:00,177.026,,,1934-04-21 12:00,28.181,,,1935-02-23 12:00,177.071,,,,,,
,,,,1927-08-17 12:00,177.356,,,1928-08-30 12:00,28.644,,,1929-07-04 12:00,177.385,,,1930-07-18 12:00,28.698,,,1931-05-22 12:00,177.421,,,1932-06-04 12:00,28.751,,,1933-04-08 12:00,177.47,,,1934-04-22 12:00,28.772,,,1935-02-24 12:00,177.515,,,,,,
,,,,1927-08-18 12:00,177.799,,,1928-08-31 12:00,29.234,,,1929-07-05 12:00,177.829,,,1930-07-19 12:00,29.288,,,1931-05-23 12:00,177.864,,,1932-06-05 12:00,29.341,,,1933-04-09 12:00,177.913,,,1934-04-23 12:00,29.362,,,1935-02-25 12:00,177.958,,,,,,
,,,,1927-08-19 12:00,178.243,,,1928-09-01 12:00,29.824,,,1929-07-06 12:00,178.273,,,1930-07-20 12:00,29.877,,,1931-05-24 12:00,178.308,,,1932-06-06 12:00,29.931,,,1933-04-10 12:00,178.357,,,1934-04-24 12:00,29.952,,,1935-02-26 12:00,178.402,,,,,,
,,,,1927-08-20 12:00,178.688,,,1928-09-02 12:00,30.412,,,1929-07-07 12:00,178.717,,,1930-07-21 12:00,30.466,,,1931-05-25 12:00,178.752,,,1932-06-07 12:00,30.519,,,1933-04-11 12:00,178.801,,,1934-04-25 12:00,30.541,,,1935-02-27 12:00,178.846,,,,,,
,,,,1927-08-21 12:00,179.132,,,1928-09-03 12:00,31.0,,,1929-07-08 12:00,179.162,,,1930-07-22 12:00,31.053,,,1931-05-26 12:00,179.197,,,1932-06-08 12:00,31.107,,,1933-04-12 12:00,179.246,,,1934-04-26 12:00,31.128,,,1935-02-28 12:00,179.291,,,,,,
,,,,1927-08-22 12:00,179.577,,,1928-09-04 12:00,31.587,,,1929-07-09 12:00,179.607,,,1930-07-23 12:00,31.64,,,1931-05-27 12:00,179.641,,,1932-06-09 12:00,31.694,,,1933-04-13 12:00,179.69,,,1934-04-27 12:00,31.715,,,1935-03-01 12:00,179.736,,,,,,
,,,,1927-08-23 12:00,180.022,,,1928-09-05 12:00,32.173,,,1929-07-10 12:00,180.052,,,1930-07-24 12:00,32.226,,,1931-05-28 12:00,180.086,,,1932-06-10 12:00,32.28,,,1933-04-14 12:00,180.135,,,1934-04-28 12:00,32.301,,,1935-03-02 12:00,180.181,,,,,,
,,,,1927-08-24 12:00,180.468,,,1928-09-06 12:00,32.758,,,1929-07-11 12:00,180.497,,,1930-07-25 12:00,32.81,,,1931-05-29 12:00,180.532,,,1932-06-11 12:00,32.865,,,1933-04-15 12:00,180.581,,,1934-04-29 12:00,32.886,,,1935-03-03 12:00,180.626,,,,,,
,,,,1927-08-25 12:00,180.913,,,1928-09-07 12:00,33.342,,,1929-07-12 12:00,180.943,,,1930-07-26 12:00,33.394,,,1931-05-30 12:00,180.977,,,1932-06-12 12:00,33.449,,,1933-04-16 12:00,181.026,,,1934-04-30 12:00,33.471,,,1935-03-04 12:00,181.072,,,,,,
,,,,1927-08-26 12:00,181.359,,,1928-09-08 12:00,33.925,,,1929-07-13 12:00,181.389,,,1930-07-27 12:00,33.977,,,1931-05-31 12:00,181.423,,,1932-06-13 12:00,34.032,,,1933-04-17 12:00,181.472,,,1934-05-01 12:00,34.054,,,1935-03-05 12:00,181.518,,,,,,
,,,,1927-08-27 12:00,181.805,,,,,,,1929-07-14 12:00,181.835,,,,,,,1931-06-01 12:00,181.869,,,,,,,1933-04-18 12:00,181.919,,,,,,,1935-03-06 12:00,181.964,,,,,,
,,,,1927-08-28 12:00,182.252,,,,,,,1929-07-15 12:00,182.282,,,,,,,1931-06-02 12:00,182.316,,,,,,,1933-04-19 12:00,182.365,,,,,,,1935-03-07 12:00,182.41,,,,,,
,,,,1927-08-29 12:00,182.699,,,,,,,1929-07-16 12:00,182.729,,,,,,,1931-06-03 12:00,182.763,,,,,,,1933-04-20 12:00,182.812,,,,,,,1935-03-08 12:00,182.857,,,,,,
,,,,1927-08-30 12:00,183.146,,,,,,,1929-07-17 12:00,183.176,,,,,,,1931-06-04 12:00,183.21,,,,,,,1933-04-21 12:00,183.259,,,,,,,1935-03-09 12:00,183.304,,,,,,
,,,,1927-08-31 12:00,183.594,,,,,,,1929-07-18 12:00,183.624,,,,,,,1931-06-05 12:00,183.658,,,,,,,1933-04-22 12:00,183.707,,,,,,,1935-03-10 12:00,183.752,,,,,,
,,,,1927-09-01 12:00,184.042,,,,,,,1929-07-19 12:00,184.072,,,,,,,1931-06-06 12:00,184.105,,,,,,,1933-04-23 12:00,184.155,,,,,,,1935-03-11 12:00,184.2,,,,,,
,,,,1927-09-02 12:00,184.49,,,,,,,1929-07-20 12:00,184.52,,,,,,,1931-06-07 12:00,184.554,,,,,,,1933-04-24 12:00,184.603,,,,,,,1935-03-12 12:00,184.648,,,,,,
,,,,1927-09-03 12:00,184.939,,,,,,,1929-07-21 12:00,184.969,,,,,,,1931-06-08 12:00,185.002,,,,,,,1933-04-25 12:00,185.051,,,,,,,1935-03-13 12:00,185.097,,,,,,
,,,,1927-09-04 12:00,185.388,,,,,,,1929-07-22 12:00,185.418,,,,,,,1931-06-09 12:00,185.451,,,,,,,1933-04-26 12:00,185.5,,,,,,,1935-03-14 12:00,185.546,,,,,,
,,,,1927-09-05 12:00,185.837,,,,,,,1929-07-23 12:00,185.867,,,,,,,1931-06-10 12:00,185.9,,,,,,,1933-04-27 12:00,185.95,,,,,,,1935-03-15 12:00,185.995,,,,,,
,,,,1927-09-06 12:00,186.287,,,,,,,1929-07-24 12:00,186.317,,,,,,,1931-06-11 12:00,186.35,,,,,,,1933-04-28 12:00,186.399,,,,,,,1935-03-16 12:00,186.445,,,,,,
,,,,1927-09-07 12:00,186.737,,,,,,,1929-07-25 12:00,186.767,,,,,,,1931-06-12 12:00,186.8,,,,,,,1933-04-29 12:00,186.849,,,,,,,1935-03-17 12:00,186.895,,,,,,
,,,,1927-09-08 12:00,187.187,,,,,,,1929-07-26 12:00,187.217,,,,,,,1931-06-13 12:00,187.25,,,,,,,1933-04-30 12:00,187.3,,,,,,,1935-03-18 12:00,187.345,,,,,,
,,,,1927-09-09 12:00,187.638,,,,,,,1929-07-27 12:00,187.668,,,,,,,1931-06-14 12:00,187.701,,,,,,,1933-05-01 12:00,187.75,,,,,,,1935-03-19 12:00,187.796,,,,,,
,,,,1927-09-10 12:00,188.089,,,,,,,1929-07-28 12:00,188.119,,,,,,,1931-06-15 12:00,188.152,,,,,,,1933-05-02 12:00,188.202,,,,,,,1935-03-20 12:00,188.247,,,,,,
,,,,1927-09-11 12:00,188.541,,,,,,,1929-07-29 12:00,188.571,,,,,,,1931-06-16 12:00,188.604,,,,,,,1933-05-03 12:00,188.653,,,,,,,1935-03-21 12:00,188.699,,,,,,
,,,,1927-09-12 12:00,188.993,,,,,,,1929-07-30 12:00,189.023,,,,,,,1931-06-17 12:00,189.056,,,,,,,1933-05-04 12:00,189.105,,,,,,,1935-03-22 12:00,189.151,,,,,,
,,,,1927-09-13 12:00,189.445,,,,,,,1929-07-31 12:00,189.476,,,,,,,1931-06-18 12:00,189.508,,,,,,,1933-05-05 12:00,189.557,,,,,,,1935-03-23 12:00,189.603,,,,,,
,,,,1927-09-14 12:00,189.898,,,,,,,1929-08-01 12:00,189.928,,,,,,,1931-06-19 12:00,189.961,,,,,,,1933-05-06 12:00,190.01,,,,,,,1935-03-24 12:00,190.056,,,,,,
,,,,1927-09-15 12:00,190.352,,,,,,,1929-08-02 12:00,190.382,,,,,,,1931-06-20 12:00,190.414,,,,,,,1933-05-07 12:00,190.463,,,,,,,1935-03-25 12:00,190.509,,,,,,
,,,,1927-09-16 12:00,190.805,,,,,,,1929-08-03 12:00,190.836,,,,,,,1931-06-21 12:00,190.868,,,,,,,1933-05-08 12:00,190.917,,,,,,,1935-03-26 12:00,190.963,,,,,,
,,,,1927-09-17 12:00,191.259,,,,,,,1929-08-04 12:00,191.29,,,,,,,1931-06-22 12:00,191.322,,,,,,,1933-05-09 12:00,191.371,,,,,,,1935-03-27 12:00,191.417,,,,,,
,,,,1927-09-18 12:00,191.714,,,,,,,1929-08-05 12:00,191.744,,,,,,,1931-06-23 12:00,191.776,,,,,,,1933-05-10 12:00,191.825,,,,,,,1935-03-28 12:00,191.871,,,,,,
,,,,1927-09-19 12:00,192.169,,,,,,,1929-08-06 12:00,192.199,,,,,,,1931-06-24 12:00,192.231,,,,,,,1933-05-11 12:00,192.28,,,,,,,1935-03-29 12:00,192.326,,,,,,
,,,,1927-09-20 12:00,192.624,,,,,,,1929-08-07 12:00,192.655,,,,,,,1931-06-25 12:00,192.686,,,,,,,1933-05-12 12:00,192.736,,,,,,,1935-03-30 12:00,192.781,,,,,,
,,,,1927-09-21 12:00,193.08,,,,,,,1929-08-08 12:00,193.11,,,,,,,1931-06-26 12:00,193.142,,,,,,,1933-05-13 12:00,193.192,,,,,,,1935-03-31 12:00,193.237,,,,,,
,,,,1927-09-22 12:00,193.536,,,,,,,1929-08-09 12:00,193.567,,,,,,,1931-06-27 12:00,193.598,,,,,,,1933-05-14 12:00,193.648,,,,,,,1935-04-01 12:00,193.693,,,,,,
,,,,1927-09-23 12:00,193.993,,,,,,,1929-08-10 12:00,194.024,,,,,,,1931-06-28 12:00,194.055,,,,,,,1933-05-15 12:00,194.105,,,,,,,1935-04-02 12:00,194.15,,,,,,
,,,,1927-09-24 12:00,194.45,,,,,,,1929-08-11 12:00,194.481,,,,,,,1931-06-29 12:00,194.512,,,,,,,1933-05-16 12:00,194.562,,,,,,,1935-04-03 12:00,194.607,,,,,,
,,,,1927-09-25 12:00,194.908,,,,,,,1929-08-12 12:00,194.938,,,,,,,1931-06-30 12:00,194.97,,,,,,,1933-05-17 12:00,195.019,,,,,,,1935-04-04 12:00,195.065,,,,,,
,,,,1927-09-26 12:00,195.366,,,,,,,1929-08-13 12:00,195.397,,,,,,,1931-07-01 12:00,195.428,,,,,,,1933-05-18 12:00,195.477,,,,,,,1935-04-05 12:00,195.523,,,,,,
,,,,1927-09-27 12:00,195.825,,,,,,,1929-08-14 12:00,195.855,,,,,,,1931-07-02 12:00,195.886,,,,,,,1933-05-19 12:00,195.936,,,,,,,1935-04-06 12:00,195.982,,,,,,
,,,,1927-09-28 12:00,196.284,,,,,,,1929-08-15 12:00,196.314,,,,,,,1931-07-03 12:00,196.345,,,,,,,1933-05-20 12:00,196.395,,,,,,,1935-04-07 12:00,196.441,,,,,,
,,,,1927-09-29 12:00,196.743,,,,,,,1929-08-16 12:00,196.774,,,,,,,1931-07-04 12:00,196.805,,,,,,,1933-05-21 12:00,196.854,,,,,,,1935-04-08 12:00,196.9,,,,,,
,,,,1927-09-30 12:00,197.203,,,,,,,1929-08-17 12:00,197.234,,,,,,,1931-07-05 12:00,197.265,,,,,,,1933-05-22 12:00,197.314,,,,,,,1935-04-09 12:00,197.36,,,,,,
,,,,1927-10-01 12:00,197.664,,,,,,,1929-08-18 12:00,197.695,,,,,,,1931-07-06 12:00,197.725,,,,,,,1933-05-23 12:00,197.775,,,,,,,1935-04-10 12:00,197.821,,,,,,
,,,,1927-10-02 12:00,198.125,,,,,,,1929-08-19 12:00,198.156,,,,,,,1931-07-07 12:00,198.186,,,,,,,1933-05-24 12:00,198.236,,,,,,,1935-04-11 12:00,198.282,,,,,,
,,,,1927-10-03 12:00,198.586,,,,,,,1929-08-20 12:00,198.618,,,,,,,1931-07-08 12:00,198.648,,,,,,,1933-05-25 12:00,198.697,,,,,,,1935-04-12 12:00,198.743,,,,,,
,,,,1927-10-04 12:00,199.049,,,,,,,1929-08-21 12:00,199.08,,,,,,,1931-07-09 12:00,199.11,,,,,,,1933-05-26 12:00,199.159,,,,,,,1935-04-13 12:00,199.205,,,,,,
,,,,1927-10-05 12:00,199.511,,,,,,,1929-08-22 12:00,199.542,,,,,,,1931-07-10 12:00,199.572,,,,,,,1933-05-27 12:00,199.622,,,,,,,1935-04-14 12:00,199.668,,,,,,
,,,,1927-10-06 12:00,199.974,,,,,,,1929-08-23 12:00,200.005,,,,,,,1931-07-11 12:00,200.035,,,,,,,1933-05-28 12:00,200.085,,,,,,,1935-04-15 12:00,200.131,,,,,,
,,,,1927-10-07 12:00,200.438,,,,,,,1929-08-24 12:00,200.469,,,,,,,1931-07-12 12:00,200.499,,,,,,,1933-05-29 12:00,200.549,,,,,,,1935-04-16 12:00,200.595,,,,,,
,,,,1927-10-08 12:00,200.902,,,,,,,1929-08-25 12:00,200.933,,,,,,,1931-07-13 12:00,200.963,,,,,,,1933-05-30 12:00,201.013,,,,,,,1935-04-17 12:00,201.059,,,,,,
,,,,1927-10-09 12:00,201.367,,,,,,,1929-08-26 12:00,201.398,,,,,,,1931-07-14 12:00,201.428,,,,,,,1933-05-31 12:00,201.477,,,,,,,1935-04-18 12:00,201.524,,,,,,
,,,,1927-10-10 12:00,201.832,,,,,,,1929-08-27 12:00,201.863,,,,,,,1931-07-15 12:00,201.893,,,,,,,1933-06-01 12:00,201.943,,,,,,,1935-04-19 12:00,201.989,,,,,,
,,,,1927-10-11 12:00,202.298,,,,,,,1929-08-28 12:00,202.329,,,,,,,1931-07-16 12:00,202.359,,,,,,,1933-06-02 12:00,202.408,,,,,,,1935-04-20 12:00,202.455,,,,,,
,,,,1927-10-12 12:00,202.764,,,,,,,1929-08-29 12:00,202.796,,,,,,,1931-07-17 12:00,202.825,,,,,,,1933-06-03 12:00,202.875,,,,,,,1935-04-21 12:00,202.921,,,,,,
,,,,1927-10-13 12:00,203.231,,,,,,,1929-08-30 12:00,203.263,,,,,,,1931-07-18 12:00,203.292,,,,,,,1933-06-04 12:00,203.341,,,,,,,1935-04-22 12:00,203.388,,,,,,
,,,,1927-10-14 12:00,203.699,,,,,,,1929-08-31 12:00,203.73,,,,,,,1931-07-19 12:00,203.759,,,,,,,1933-06-05 12:00,203.809,,,,,,,1935-04-23 12:00,203.855,,,,,,
,,,,1927-10-15 12:00,204.167,,,,,,,1929-09-01 12:00,204.199,,,,,,,1931-07-20 12:00,204.227,,,,,,,1933-06-06 12:00,204.277,,,,,,,1935-04-24 12:00,204.323,,,,,,
,,,,1927-10-16 12:00,204.635,,,,,,,1929-09-02 12:00,204.667,,,,,,,1931-07-21 12:00,204.696,,,,,,,1933-06-07 12:00,204.746,,,,,,,1935-04-25 12:00,204.792,,,,,,
,,,,1927-10-17 12:00,205.105,,,,,,,1929-09-03 12:00,205.137,,,,,,,1931-07-22 12:00,205.165,,,,,,,1933-06-08 12:00,205.215,,,,,,,1935-04-26 12:00,205.261,,,,,,
,,,,1927-10-18 12:00,205.574,,,,,,,1929-09-04 12:00,205.606,,,,,,,1931-07-23 12:00,205.635,,,,,,,1933-06-09 12:00,205.685,,,,,,,1935-04-27 12:00,205.731,,,,,,
,,,,1927-10-19 12:00,206.045,,,,,,,1929-09-05 12:00,206.077,,,,,,,1931-07-24 12:00,206.105,,,,,,,1933-06-10 12:00,206.155,,,,,,,1935-04-28 12:00,206.201,,,,,,
,,,,1927-10-20 12:00,206.516,,,,,,,1929-09-06 12:00,206.548,,,,,,,1931-07-25 12:00,206.576,,,,,,,1933-06-11 12:00,206.626,,,,,,,1935-04-29 12:00,206.672,,,,,,
,,,,1927-10-21 12:00,206.987,,,,,,,1929-09-07 12:00,207.019,,,,,,,1931-07-26 12:00,207.048,,,,,,,1933-06-12 12:00,207.097,,,,,,,1935-04-30 12:00,207.144,,,,,,
,,,,1927-10-22 12:00,207.459,,,,,,,1929-09-08 12:00,207.492,,,,,,,1931-07-27 12:00,207.52,,,,,,,1933-06-13 12:00,207.569,,,,,,,1935-05-01 12:00,207.616,,,,,,
,,,,1927-10-23 12:00,207.932,,,,,,,1929-09-09 12:00,207.965,,,,,,,1931-07-28 12:00,207.993,,,,,,,1933-06-14 12:00,208.042,,,,,,,1935-05-02 12:00,208.089,,,,,,
,,,,1927-10-24 12:00,208.406,,,,,,,1929-09-10 12:00,208.438,,,,,,,1931-07-29 12:00,208.466,,,,,,,1933-06-15 12:00,208.516,,,,,,,1935-05-03 12:00,208.562,,,,,,
,,,,1927-10-25 12:00,208.88,,,,,,,1929-09-11 12:00,208.912,,,,,,,1931-07-30 12:00,208.94,,,,,,,1933-06-16 12:00,208.989,,,,,,,1935-05-04 12:00,209.036,,,,,,
,,,,1927-10-26 12:00,209.354,,,,,,,1929-09-12 12:00,209.387,,,,,,,1931-07-31 12:00,209.415,,,,,,,1933-06-17 12:00,209.464,,,,,,,1935-05-05 12:00,209.511,,,,,,
,,,,1927-10-27 12:00,209.829,,,,,,,1929-09-13 12:00,209.862,,,,,,,1931-08-01 12:00,209.89,,,,,,,1933-06-18 12:00,209.939,,,,,,,1935-05-06 12:00,209.986,,,,,,
,,,,1927-10-28 12:00,210.305,,,,,,,1929-09-14 12:00,210.338,,,,,,,1931-08-02 12:00,210.366,,,,,,,1933-06-19 12:00,210.415,,,,,,,1935-05-07 12:00,210.462,,,,,,
,,,,1927-10-29 12:00,210.782,,,,,,,1929-09-15 12:00,210.815,,,,,,,1931-08-03 12:00,210.842,,,,,,,1933-06-20 12:00,210.892,,,,,,,1935-05-08 12:00,210.939,,,,,,
,,,,1927-10-30 12:00,211.259,,,,,,,1929-09-16 12:00,211.292,,,,,,,1931-08-04 12:00,211.319,,,,,,,1933-06-21 12:00,211.369,,,,,,,1935-05-09 12:00,211.416,,,,,,
,,,,1927-10-31 12:00,211.737,,,,,,,1929-09-17 12:00,211.77,,,,,,,1931-08-05 12:00,211.797,,,,,,,1933-06-22 12:00,211.847,,,,,,,1935-05-10 12:00,211.894,,,,,,
,,,,1927-11-01 12:00,212.216,,,,,,,1929-09-18 12:00,212.249,,,,,,,1931-08-06 12:00,212.276,,,,,,,1933-06-23 12:00,212.325,,,,,,,1935-05-11 12:00,212.373,,,,,,
,,,,1927-11-02 12:00,212.695,,,,,,,1929-09-19 12:00,212.728,,,,,,,1931-08-07 12:00,212.755,,,,,,,1933-06-24 12:00,212.804,,,,,,,1935-05-12 12:00,212.852,,,,,,
,,,,1927-11-03 12:00,213.175,,,,,,,1929-09-20 12:00,213.208,,,,,,,1931-08-08 12:00,213.235,,,,,,,1933-06-25 12:00,213.284,,,,,,,1935-05-13 12:00,213.332,,,,,,
,,,,1927-11-04 12:00,213.655,,,,,,,1929-09-21 12:00,213.688,,,,,,,1931-08-09 12:00,213.715,,,,,,,1933-06-26 12:00,213.765,,,,,,,1935-05-14 12:00,213.812,,,,,,
,,,,1927-11-05 12:00,214.136,,,,,,,1929-09-22 12:00,214.17,,,,,,,1931-08-10 12:00,214.196,,,,,,,1933-06-27 12:00,214.246,,,,,,,1935-05-15 12:00,214.293,,,,,,
,,,,,,,,,,,,,,,,,,,,,,,,,,,,,,,,,,,,,,,,,,,
