Timestamp,H.Mercury,HighPrice,LowPrice,Timestamp,H.Mercury,HighPrice,LowPrice,Timestamp,H.Mercury,HighPrice,LowPrice,Timestamp,H.Mercury,HighPrice,LowPrice,Timestamp,H.Mercury,HighPrice,LowPrice,Timestamp,H.Mercury,HighPrice,LowPrice,Timestamp,H.Mercury,HighPrice,LowPrice,Timestamp,H.Mercury,HighPrice,LowPrice,Timestamp,H.Mercury,HighPrice,LowPrice,Timestamp,H.Mercury,HighPrice,LowPrice,Timestamp,H.Mercury,HighPrice,LowPrice,Timestamp,H.Mercury,HighPrice,LowPrice,Timestamp,H.Mercury,HighPrice,LowPrice,Timestamp,H.Mercury,HighPrice,LowPrice,Timestamp,H.Mercury,HighPrice,LowPrice,Timestamp,H.Mercury,HighPrice,LowPrice,Timestamp,H.Mercury,HighPrice,LowPrice,Timestamp,H.Mercury,HighPrice,LowPrice,Timestamp,H.Mercury,HighPrice,LowPrice,Timestamp,H.Mercury,HighPrice,LowPrice,Timestamp,H.Mercury,HighPrice,LowPrice,Timestamp,H.Mercury,HighPrice,LowPrice,Timestamp,H.Mercury,HighPrice,LowPrice,Timestamp,H.Mercury,HighPrice,LowPrice,Timestamp,H.Mercury,HighPrice,LowPrice,Timestamp,H.Mercury,HighPrice,LowPrice,Timestamp,H.Mercury,HighPrice,LowPrice,Timestamp,H.Mercury,HighPrice,LowPrice,Timestamp,H.Mercury,HighPrice,LowPrice,Timestamp,H.Mercury,HighPrice,LowPrice,Timestamp,H.Mercury,HighPrice,LowPrice,Timestamp,H.Mercury,HighPrice,LowPrice,Timestamp,H.Mercury,HighPrice,LowPrice,Timestamp,H.Mercury,HighPrice,LowPrice,Timestamp,H.Mercury,HighPrice,LowPrice,Timestamp,H.Mercury,HighPrice,LowPrice,Timestamp,H.Mercury,HighPrice,LowPrice,Timestamp,H.Mercury,HighPrice,LowPrice,Timestamp,H.Mercury,HighPrice,LowPrice,Timestamp,H.Mercury,HighPrice,LowPrice,Timestamp,H.Mercury,HighPrice,LowPrice,Timestamp,H.Mercury,HighPrice,LowPrice,Timestamp,H.Mercury,HighPrice,LowPrice,Timestamp,H.Mercury,HighPrice,LowPrice,Timestamp,H.Mercury,HighPrice,LowPrice,Timestamp,H.Mercury,HighPrice,LowPrice,Timestamp,H.Mercury,HighPrice,LowPrice,Timestamp,H.Mercury,HighPrice,LowPrice,Timestamp,H.Mercury,HighPrice,LowPrice,Timestamp,H.Mercury,HighPrice,LowPrice,Timestamp,H.Mercury,HighPrice,LowPrice,Timestamp,H.Mercury,HighPrice,LowPrice,Timestamp,H.Mercury,HighPrice,LowPrice,Timestamp,H.Mercury,HighPrice,LowPrice,Timestamp,H.Mercury,HighPrice,LowPrice,Timestamp,H.Mercury,HighPrice,LowPrice,Timestamp,H.Mercury,HighPrice,LowPrice,Timestamp,H.Mercury,HighPrice,LowPrice,Timestamp,H.Mercury,HighPrice,LowPrice,Timestamp,H.Mercury,HighPrice,LowPrice,Timestamp,H.Mercury,HighPrice,LowPrice,Timestamp,H.Mercury,HighPrice,LowPrice,Timestamp,H.Mercury,HighPrice,LowPrice,Timestamp,H.Mercury,HighPrice,LowPrice,Timestamp,H.Mercury,HighPrice,LowPrice,Timestamp,H.Mercury,HighPrice,LowPrice,Timestamp,H.Mercury,HighPrice,LowPrice,Timestamp,H.Mercury,HighPrice,LowPrice,Timestamp,H.Mercury,HighPrice,LowPrice,Timestamp,H.Mercury,HighPrice,LowPrice,Timestamp,H.Mercury,HighPrice,LowPrice,Timestamp,H.Mercury,HighPrice,LowPrice,Timestamp,H.Mercury,HighPrice,LowPrice,Timestamp,H.Mercury,HighPrice,LowPrice,Timestamp,H.Mercury,HighPrice,LowPrice,Timestamp,H.Mercury,HighPrice,LowPrice,Timestamp,H.Mercury,HighPrice,LowPrice,Timestamp,H.Mercury,HighPrice,LowPrice
,,,,1926-10-23 12:00,280.211,,,1926-12-02 12:00,105.104,,,1927-01-19 12:00,280.304,,,1927-02-28 12:00,105.296,,,1927-04-17 12:00,280.395,,,1927-05-27 12:00,105.485,,,1927-07-14 12:00,280.487,,,1927-08-23 12:00,105.673,,,1927-10-10 12:00,280.579,,,1927-11-19 12:00,105.865,,,1928-01-06 12:00,280.672,,,1928-02-15 12:00,106.058,,,1928-04-03 12:00,280.765,,,1928-05-12 12:00,100.121,,,1928-06-30 12:00,280.857,,,1928-08-08 12:00,100.313,,,1928-09-26 12:00,280.949,,,1928-11-04 12:00,100.506,,,1928-12-23 12:00,281.042,,,1929-01-31 12:00,100.702,,,1929-03-21 12:00,281.136,,,1929-04-29 12:00,100.897,,,1929-06-17 12:00,281.229,,,1929-07-26 12:00,101.089,,,1929-09-13 12:00,281.322,,,1929-10-22 12:00,101.28,,,1929-12-10 12:00,281.414,,,1930-01-18 12:00,101.474,,,1930-03-08 12:00,281.508,,,1930-04-16 12:00,101.669,,,1930-06-04 12:00,281.602,,,1930-07-13 12:00,101.862,,,1930-08-31 12:00,281.696,,,1930-10-09 12:00,102.051,,,1930-11-27 12:00,281.788,,,1931-01-05 12:00,102.242,,,1931-02-23 12:00,281.881,,,1931-04-03 12:00,102.435,,,1931-05-22 12:00,281.974,,,1931-06-30 12:00,102.629,,,1931-08-18 12:00,282.068,,,1931-09-26 12:00,102.821,,,1931-11-14 12:00,282.16,,,1931-12-23 12:00,103.008,,,1932-02-10 12:00,282.254,,,1932-03-20 12:00,103.199,,,1932-05-08 12:00,282.346,,,1932-06-16 12:00,103.393,,,1932-08-04 12:00,282.44,,,1932-09-12 12:00,103.586,,,1932-10-31 12:00,282.532,,,1932-12-09 12:00,103.776,,,1933-01-27 12:00,282.626,,,1933-03-07 12:00,103.965,,,1933-04-25 12:00,282.718,,,1933-06-03 12:00,104.158,,,1933-07-22 12:00,282.813,,,1933-08-30 12:00,104.352,,,1933-10-17 12:00,280.006,,,1933-11-26 12:00,104.544,,,1934-01-13 12:00,280.099,,,1934-02-22 12:00,104.735,,,1934-04-11 12:00,280.189,,,1934-05-21 12:00,104.926,,,1934-07-08 12:00,280.283,,,1934-08-17 12:00,105.12,,,1934-10-04 12:00,280.376,,,1934-11-13 12:00,105.313,,,1934-12-31 12:00,280.47,,,1935-02-09 12:00,105.503,,,1935-03-29 12:00,280.562,,,1935-05-08 12:00,105.693,,,1935-06-25 12:00,280.653,,,1935-08-04 12:00,105.885,,,1935-09-21 12:00,280.747,,,1935-10-31 12:00,106.077,,,1935-12-18 12:00,280.84,,
,,,,1926-10-24 12:00,283.115,,,1926-12-03 12:00,111.149,,,1927-01-20 12:00,283.209,,,1927-03-01 12:00,111.337,,,1927-04-18 12:00,283.301,,,1927-05-28 12:00,111.523,,,1927-07-15 12:00,283.394,,,1927-08-24 12:00,111.708,,,1927-10-11 12:00,283.487,,,1927-11-20 12:00,111.896,,,1928-01-07 12:00,283.581,,,1928-02-16 12:00,112.086,,,1928-04-04 12:00,283.675,,,1928-05-13 12:00,106.249,,,1928-07-01 12:00,283.768,,,1928-08-09 12:00,106.438,,,1928-09-27 12:00,283.861,,,1928-11-05 12:00,106.628,,,1928-12-24 12:00,283.955,,,1929-02-01 12:00,106.821,,,1929-03-22 12:00,284.05,,,1929-04-30 12:00,107.013,,,1929-06-18 12:00,284.145,,,1929-07-27 12:00,107.202,,,1929-09-14 12:00,284.239,,,1929-10-23 12:00,107.39,,,1929-12-11 12:00,284.332,,,1930-01-19 12:00,107.581,,,1930-03-09 12:00,284.427,,,1930-04-17 12:00,107.773,,,1930-06-05 12:00,284.521,,,1930-07-14 12:00,107.963,,,1930-09-01 12:00,284.617,,,1930-10-10 12:00,108.149,,,1930-11-28 12:00,284.71,,,1931-01-06 12:00,108.337,,,1931-02-24 12:00,284.804,,,1931-04-04 12:00,108.527,,,1931-05-23 12:00,284.898,,,1931-07-01 12:00,108.718,,,1931-08-19 12:00,284.993,,,1931-09-27 12:00,108.906,,,1931-11-15 12:00,285.087,,,1931-12-24 12:00,109.09,,,1932-02-11 12:00,285.182,,,1932-03-21 12:00,109.279,,,1932-05-09 12:00,285.275,,,1932-06-17 12:00,109.469,,,1932-08-05 12:00,285.37,,,1932-09-13 12:00,109.658,,,1932-11-01 12:00,285.463,,,1932-12-10 12:00,109.845,,,1933-01-28 12:00,285.558,,,1933-03-08 12:00,110.032,,,1933-04-26 12:00,285.651,,,1933-06-04 12:00,110.221,,,1933-07-23 12:00,285.747,,,1933-08-31 12:00,110.412,,,1933-10-18 12:00,282.906,,,1933-11-27 12:00,110.6,,,1934-01-14 12:00,283.0,,,1934-02-23 12:00,110.788,,,1934-04-12 12:00,283.091,,,1934-05-22 12:00,110.976,,,1934-07-09 12:00,283.186,,,1934-08-18 12:00,111.166,,,1934-10-05 12:00,283.28,,,1934-11-14 12:00,111.356,,,1935-01-01 12:00,283.375,,,1935-02-10 12:00,111.543,,,1935-03-30 12:00,283.468,,,1935-05-09 12:00,111.729,,,1935-06-26 12:00,283.561,,,1935-08-05 12:00,111.918,,,1935-09-22 12:00,283.655,,,1935-11-01 12:00,112.107,,,1935-12-19 12:00,283.749,,
,,,,1926-10-25 12:00,286.055,,,1926-12-04 12:00,117.075,,,1927-01-21 12:00,286.15,,,1927-03-02 12:00,117.26,,,1927-04-19 12:00,286.243,,,1927-05-29 12:00,117.441,,,1927-07-16 12:00,286.337,,,1927-08-25 12:00,117.623,,,1927-10-12 12:00,286.431,,,1927-11-21 12:00,117.807,,,1928-01-08 12:00,286.527,,,1928-02-17 12:00,117.993,,,1928-04-05 12:00,286.622,,,1928-05-14 12:00,112.273,,,1928-07-02 12:00,286.716,,,1928-08-10 12:00,112.458,,,1928-09-28 12:00,286.81,,,1928-11-06 12:00,112.645,,,1928-12-25 12:00,286.906,,,1929-02-02 12:00,112.835,,,1929-03-23 12:00,287.002,,,1929-05-01 12:00,113.023,,,1929-06-19 12:00,287.098,,,1929-07-28 12:00,113.208,,,1929-09-15 12:00,287.193,,,1929-10-24 12:00,113.393,,,1929-12-12 12:00,287.287,,,1930-01-20 12:00,113.581,,,1930-03-10 12:00,287.383,,,1930-04-18 12:00,113.769,,,1930-06-06 12:00,287.479,,,1930-07-15 12:00,113.956,,,1930-09-02 12:00,287.576,,,1930-10-11 12:00,114.137,,,1930-11-29 12:00,287.67,,,1931-01-07 12:00,114.322,,,1931-02-25 12:00,287.766,,,1931-04-05 12:00,114.509,,,1931-05-24 12:00,287.861,,,1931-07-02 12:00,114.695,,,1931-08-20 12:00,287.957,,,1931-09-28 12:00,114.88,,,1931-11-16 12:00,288.052,,,1931-12-25 12:00,115.061,,,1932-02-12 12:00,288.148,,,1932-03-22 12:00,115.245,,,1932-05-10 12:00,288.242,,,1932-06-18 12:00,115.432,,,1932-08-06 12:00,288.339,,,1932-09-14 12:00,115.617,,,1932-11-02 12:00,288.434,,,1932-12-11 12:00,115.801,,,1933-01-29 12:00,288.529,,,1933-03-09 12:00,115.983,,,1933-04-27 12:00,288.624,,,1933-06-05 12:00,116.169,,,1933-07-24 12:00,288.721,,,1933-09-01 12:00,116.356,,,1933-10-19 12:00,285.842,,,1933-11-28 12:00,116.54,,,1934-01-15 12:00,285.936,,,1934-02-24 12:00,116.724,,,1934-04-13 12:00,286.029,,,1934-05-23 12:00,116.909,,,1934-07-10 12:00,286.125,,,1934-08-19 12:00,117.095,,,1934-10-06 12:00,286.22,,,1934-11-15 12:00,117.281,,,1935-01-02 12:00,286.316,,,1935-02-11 12:00,117.464,,,1935-03-31 12:00,286.41,,,1935-05-10 12:00,117.646,,,1935-06-27 12:00,286.504,,,1935-08-06 12:00,117.831,,,1935-09-23 12:00,286.6,,,1935-11-02 12:00,118.016,,,1935-12-20 12:00,286.695,,
,,,,1926-10-26 12:00,289.035,,,1926-12-05 12:00,122.869,,,1927-01-22 12:00,289.131,,,1927-03-03 12:00,123.049,,,1927-04-20 12:00,289.226,,,1927-05-30 12:00,123.226,,,1927-07-17 12:00,289.321,,,1927-08-26 12:00,123.403,,,1927-10-13 12:00,289.416,,,1927-11-22 12:00,123.584,,,1928-01-09 12:00,289.513,,,1928-02-18 12:00,123.765,,,1928-04-06 12:00,289.609,,,1928-05-15 12:00,118.176,,,1928-07-03 12:00,289.705,,,1928-08-11 12:00,118.357,,,1928-09-29 12:00,289.8,,,1928-11-07 12:00,118.54,,,1928-12-26 12:00,289.897,,,1929-02-03 12:00,118.726,,,1929-03-24 12:00,289.994,,,1929-05-02 12:00,118.911,,,1929-06-20 12:00,290.092,,,1929-07-29 12:00,119.091,,,1929-09-16 12:00,290.188,,,1929-10-25 12:00,119.272,,,1929-12-13 12:00,290.284,,,1930-01-21 12:00,119.456,,,1930-03-11 12:00,290.381,,,1930-04-19 12:00,119.64,,,1930-06-07 12:00,290.479,,,1930-07-16 12:00,119.823,,,1930-09-03 12:00,290.577,,,1930-10-12 12:00,120.0,,,1930-11-30 12:00,290.672,,,1931-01-08 12:00,120.181,,,1931-02-26 12:00,290.769,,,1931-04-06 12:00,120.363,,,1931-05-25 12:00,290.866,,,1931-07-03 12:00,120.546,,,1931-08-21 12:00,290.964,,,1931-09-29 12:00,120.726,,,1931-11-17 12:00,291.06,,,1931-12-26 12:00,120.903,,,1932-02-13 12:00,291.157,,,1932-03-23 12:00,121.084,,,1932-05-11 12:00,291.253,,,1932-06-19 12:00,121.266,,,1932-08-07 12:00,291.351,,,1932-09-15 12:00,121.447,,,1932-11-03 12:00,291.447,,,1932-12-12 12:00,121.626,,,1933-01-30 12:00,291.544,,,1933-03-10 12:00,121.805,,,1933-04-28 12:00,291.64,,,1933-06-06 12:00,121.987,,,1933-07-25 12:00,291.739,,,1933-09-02 12:00,122.169,,,1933-10-20 12:00,288.817,,,1933-11-29 12:00,122.349,,,1934-01-16 12:00,288.913,,,1934-02-25 12:00,122.529,,,1934-04-14 12:00,289.007,,,1934-05-24 12:00,122.709,,,1934-07-11 12:00,289.104,,,1934-08-20 12:00,122.892,,,1934-10-07 12:00,289.201,,,1934-11-16 12:00,123.073,,,1935-01-03 12:00,289.298,,,1935-02-12 12:00,123.252,,,1935-04-01 12:00,289.393,,,1935-05-11 12:00,123.43,,,1935-06-28 12:00,289.489,,,1935-08-07 12:00,123.61,,,1935-09-24 12:00,289.585,,,1935-11-03 12:00,123.791,,,1935-12-21 12:00,289.682,,
,,,,1926-10-27 12:00,292.059,,,1926-12-06 12:00,128.518,,,1927-01-23 12:00,292.157,,,1927-03-04 12:00,128.693,,,1927-04-21 12:00,292.253,,,1927-05-31 12:00,128.866,,,1927-07-18 12:00,292.349,,,1927-08-27 12:00,129.039,,,1927-10-14 12:00,292.446,,,1927-11-23 12:00,129.214,,,1928-01-10 12:00,292.545,,,1928-02-19 12:00,129.391,,,1928-04-07 12:00,292.642,,,1928-05-16 12:00,123.943,,,1928-07-04 12:00,292.74,,,1928-08-12 12:00,124.121,,,1928-09-30 12:00,292.836,,,1928-11-08 12:00,124.3,,,1928-12-27 12:00,292.934,,,1929-02-04 12:00,124.481,,,1929-03-25 12:00,293.033,,,1929-05-03 12:00,124.661,,,1929-06-21 12:00,293.132,,,1929-07-30 12:00,124.837,,,1929-09-17 12:00,293.23,,,1929-10-26 12:00,125.014,,,1929-12-14 12:00,293.327,,,1930-01-22 12:00,125.193,,,1930-03-12 12:00,293.426,,,1930-04-20 12:00,125.373,,,1930-06-08 12:00,293.524,,,1930-07-17 12:00,125.551,,,1930-09-04 12:00,293.624,,,1930-10-13 12:00,125.724,,,1930-12-01 12:00,293.721,,,1931-01-09 12:00,125.901,,,1931-02-27 12:00,293.82,,,1931-04-07 12:00,126.078,,,1931-05-26 12:00,293.918,,,1931-07-04 12:00,126.257,,,1931-08-22 12:00,294.017,,,1931-09-30 12:00,126.432,,,1931-11-18 12:00,294.114,,,1931-12-27 12:00,126.605,,,1932-02-14 12:00,294.213,,,1932-03-24 12:00,126.781,,,1932-05-12 12:00,294.311,,,1932-06-20 12:00,126.959,,,1932-08-08 12:00,294.41,,,1932-09-16 12:00,127.135,,,1932-11-04 12:00,294.508,,,1932-12-13 12:00,127.31,,,1933-01-31 12:00,294.606,,,1933-03-11 12:00,127.484,,,1933-04-29 12:00,294.704,,,1933-06-07 12:00,127.662,,,1933-07-26 12:00,294.804,,,1933-09-03 12:00,127.839,,,1933-10-21 12:00,291.836,,,1933-11-30 12:00,128.015,,,1934-01-17 12:00,291.933,,,1934-02-26 12:00,128.19,,,1934-04-15 12:00,292.029,,,1934-05-25 12:00,128.366,,,1934-07-12 12:00,292.127,,,1934-08-21 12:00,128.544,,,1934-10-08 12:00,292.225,,,1934-11-17 12:00,128.72,,,1935-01-04 12:00,292.324,,,1935-02-13 12:00,128.894,,,1935-04-02 12:00,292.421,,,1935-05-12 12:00,129.068,,,1935-06-29 12:00,292.518,,,1935-08-08 12:00,129.244,,,1935-09-25 12:00,292.616,,,1935-11-04 12:00,129.42,,,1935-12-22 12:00,292.714,,
,,,,1926-10-28 12:00,295.131,,,1926-12-07 12:00,134.014,,,1927-01-24 12:00,295.231,,,1927-03-05 12:00,134.184,,,1927-04-22 12:00,295.328,,,1927-06-01 12:00,134.353,,,1927-07-19 12:00,295.427,,,1927-08-28 12:00,134.521,,,1927-10-15 12:00,295.525,,,1927-11-24 12:00,134.692,,,1928-01-11 12:00,295.625,,,1928-02-20 12:00,134.863,,,1928-04-08 12:00,295.724,,,1928-05-17 12:00,129.565,,,1928-07-05 12:00,295.823,,,1928-08-13 12:00,129.738,,,1928-10-01 12:00,295.921,,,1928-11-09 12:00,129.912,,,1928-12-28 12:00,296.021,,,1929-02-05 12:00,130.089,,,1929-03-26 12:00,296.121,,,1929-05-04 12:00,130.264,,,1929-06-22 12:00,296.222,,,1929-07-31 12:00,130.435,,,1929-09-18 12:00,296.321,,,1929-10-27 12:00,130.607,,,1929-12-15 12:00,296.42,,,1930-01-23 12:00,130.782,,,1930-03-13 12:00,296.521,,,1930-04-21 12:00,130.957,,,1930-06-09 12:00,296.621,,,1930-07-18 12:00,131.131,,,1930-09-05 12:00,296.722,,,1930-10-14 12:00,131.299,,,1930-12-02 12:00,296.821,,,1931-01-10 12:00,131.471,,,1931-02-28 12:00,296.921,,,1931-04-08 12:00,131.644,,,1931-05-27 12:00,297.021,,,1931-07-05 12:00,131.817,,,1931-08-23 12:00,297.122,,,1931-10-01 12:00,131.988,,,1931-11-19 12:00,297.221,,,1931-12-28 12:00,132.157,,,1932-02-15 12:00,297.321,,,1932-03-25 12:00,132.328,,,1932-05-13 12:00,297.42,,,1932-06-21 12:00,132.501,,,1932-08-09 12:00,297.522,,,1932-09-17 12:00,132.672,,,1932-11-05 12:00,297.621,,,1932-12-14 12:00,132.843,,,1933-02-01 12:00,297.721,,,1933-03-12 12:00,133.012,,,1933-04-30 12:00,297.82,,,1933-06-08 12:00,133.185,,,1933-07-27 12:00,297.922,,,1933-09-04 12:00,133.358,,,1933-10-22 12:00,294.903,,,1933-12-01 12:00,133.528,,,1934-01-18 12:00,295.002,,,1934-02-27 12:00,133.699,,,1934-04-16 12:00,295.099,,,1934-05-26 12:00,133.87,,,1934-07-13 12:00,295.199,,,1934-08-22 12:00,134.043,,,1934-10-09 12:00,295.298,,,1934-11-18 12:00,134.215,,,1935-01-05 12:00,295.399,,,1935-02-14 12:00,134.384,,,1935-04-03 12:00,295.497,,,1935-05-13 12:00,134.553,,,1935-06-30 12:00,295.595,,,1935-08-09 12:00,134.724,,,1935-09-26 12:00,295.695,,,1935-11-05 12:00,134.895,,,1935-12-23 12:00,295.795,,
,,,,1926-10-29 12:00,298.257,,,1926-12-08 12:00,139.352,,,1927-01-25 12:00,298.358,,,1927-03-06 12:00,139.517,,,1927-04-23 12:00,298.458,,,1927-06-02 12:00,139.681,,,1927-07-20 12:00,298.557,,,1927-08-29 12:00,139.844,,,1927-10-16 12:00,298.657,,,1927-11-25 12:00,140.01,,,1928-01-12 12:00,298.759,,,1928-02-21 12:00,140.177,,,1928-04-09 12:00,298.86,,,1928-05-18 12:00,135.032,,,1928-07-06 12:00,298.961,,,1928-08-14 12:00,135.2,,,1928-10-02 12:00,299.06,,,1928-11-10 12:00,135.37,,,1928-12-29 12:00,299.162,,,1929-02-06 12:00,135.542,,,1929-03-27 12:00,299.264,,,1929-05-05 12:00,135.712,,,1929-06-23 12:00,299.367,,,1929-08-01 12:00,135.879,,,1929-09-19 12:00,299.467,,,1929-10-28 12:00,136.046,,,1929-12-16 12:00,299.568,,,1930-01-24 12:00,136.216,,,1930-03-14 12:00,299.67,,,1930-04-22 12:00,136.386,,,1930-06-10 12:00,299.773,,,1930-07-19 12:00,136.555,,,1930-09-06 12:00,299.875,,,1930-10-15 12:00,136.718,,,1930-12-03 12:00,299.976,,,1931-01-11 12:00,136.885,,,1931-03-01 12:00,300.078,,,1931-04-09 12:00,137.054,,,1931-05-28 12:00,300.179,,,1931-07-06 12:00,137.222,,,1931-08-24 12:00,300.282,,,1931-10-02 12:00,137.388,,,1931-11-20 12:00,300.383,,,1931-12-29 12:00,137.552,,,1932-02-16 12:00,300.485,,,1932-03-26 12:00,137.718,,,1932-05-14 12:00,300.586,,,1932-06-22 12:00,137.886,,,1932-08-10 12:00,300.689,,,1932-09-18 12:00,138.053,,,1932-11-06 12:00,300.79,,,1932-12-15 12:00,138.218,,,1933-02-02 12:00,300.892,,,1933-03-13 12:00,138.383,,,1933-05-01 12:00,300.993,,,1933-06-09 12:00,138.551,,,1933-07-28 12:00,301.097,,,1933-09-05 12:00,138.719,,,1933-10-23 12:00,298.022,,,1933-12-02 12:00,138.884,,,1934-01-19 12:00,298.123,,,1934-02-28 12:00,139.049,,,1934-04-17 12:00,298.222,,,1934-05-27 12:00,139.216,,,1934-07-14 12:00,298.324,,,1934-08-23 12:00,139.384,,,1934-10-10 12:00,298.425,,,1934-11-19 12:00,139.551,,,1935-01-06 12:00,298.527,,,1935-02-15 12:00,139.715,,,1935-04-04 12:00,298.627,,,1935-05-14 12:00,139.879,,,1935-07-01 12:00,298.727,,,1935-08-10 12:00,140.045,,,1935-09-27 12:00,298.828,,,1935-11-06 12:00,140.212,,,1935-12-24 12:00,298.93,,
,,,,1926-10-30 12:00,301.441,,,1926-12-09 12:00,144.53,,,1927-01-26 12:00,301.544,,,1927-03-07 12:00,144.69,,,1927-04-24 12:00,301.645,,,1927-06-03 12:00,144.848,,,1927-07-21 12:00,301.746,,,1927-08-30 12:00,145.007,,,1927-10-17 12:00,301.848,,,1927-11-26 12:00,145.168,,,1928-01-13 12:00,301.952,,,1928-02-22 12:00,145.329,,,1928-04-10 12:00,302.055,,,1928-05-19 12:00,140.34,,,1928-07-07 12:00,302.157,,,1928-08-15 12:00,140.504,,,1928-10-03 12:00,302.258,,,1928-11-11 12:00,140.669,,,1928-12-30 12:00,302.362,,,1929-02-07 12:00,140.836,,,1929-03-28 12:00,302.466,,,1929-05-06 12:00,141.001,,,1929-06-24 12:00,302.571,,,1929-08-02 12:00,141.163,,,1929-09-20 12:00,302.673,,,1929-10-29 12:00,141.325,,,1929-12-17 12:00,302.776,,,1930-01-25 12:00,141.49,,,1930-03-15 12:00,302.88,,,1930-04-23 12:00,141.655,,,1930-06-11 12:00,302.984,,,1930-07-20 12:00,141.819,,,1930-09-07 12:00,303.089,,,1930-10-16 12:00,141.978,,,1930-12-04 12:00,303.191,,,1931-01-12 12:00,142.14,,,1931-03-02 12:00,303.295,,,1931-04-10 12:00,142.303,,,1931-05-29 12:00,303.399,,,1931-07-07 12:00,142.467,,,1931-08-25 12:00,303.504,,,1931-10-03 12:00,142.628,,,1931-11-21 12:00,303.606,,,1931-12-30 12:00,142.786,,,1932-02-17 12:00,303.71,,,1932-03-27 12:00,142.948,,,1932-05-15 12:00,303.813,,,1932-06-23 12:00,143.111,,,1932-08-11 12:00,303.919,,,1932-09-19 12:00,143.272,,,1932-11-07 12:00,304.021,,,1932-12-16 12:00,143.433,,,1933-02-03 12:00,304.125,,,1933-03-14 12:00,143.593,,,1933-05-02 12:00,304.228,,,1933-06-10 12:00,143.756,,,1933-07-29 12:00,304.334,,,1933-09-06 12:00,143.919,,,1933-10-24 12:00,301.199,,,1933-12-03 12:00,144.079,,,1934-01-20 12:00,301.302,,,1934-03-01 12:00,144.24,,,1934-04-18 12:00,301.402,,,1934-05-28 12:00,144.401,,,1934-07-15 12:00,301.506,,,1934-08-24 12:00,144.564,,,1934-10-11 12:00,301.609,,,1934-11-20 12:00,144.726,,,1935-01-07 12:00,301.713,,,1935-02-16 12:00,144.885,,,1935-04-05 12:00,301.815,,,1935-05-15 12:00,145.044,,,1935-07-02 12:00,301.917,,,1935-08-11 12:00,145.206,,,1935-09-28 12:00,302.02,,,1935-11-07 12:00,145.367,,,1935-12-25 12:00,302.123,,
,,,,1926-10-31 12:00,304.687,,,1926-12-10 12:00,149.546,,,1927-01-27 12:00,304.792,,,1927-03-08 12:00,149.701,,,1927-04-25 12:00,304.895,,,1927-06-04 12:00,149.855,,,1927-07-22 12:00,304.998,,,1927-08-31 12:00,150.008,,,1927-10-18 12:00,305.102,,,1927-11-27 12:00,150.164,,,1928-01-14 12:00,305.208,,,1928-02-23 12:00,150.321,,,1928-04-11 12:00,305.313,,,1928-05-20 12:00,145.488,,,1928-07-08 12:00,305.418,,,1928-08-16 12:00,145.647,,,1928-10-04 12:00,305.52,,,1928-11-12 12:00,145.806,,,1928-12-31 12:00,305.627,,,1929-02-08 12:00,145.968,,,1929-03-29 12:00,305.732,,,1929-05-07 12:00,146.128,,,1929-06-25 12:00,305.839,,,1929-08-03 12:00,146.286,,,1929-09-21 12:00,305.944,,,1929-10-30 12:00,146.443,,,1929-12-18 12:00,306.048,,,1930-01-26 12:00,146.603,,,1930-03-16 12:00,306.155,,,1930-04-24 12:00,146.763,,,1930-06-12 12:00,306.261,,,1930-07-21 12:00,146.922,,,1930-09-08 12:00,306.368,,,1930-10-17 12:00,147.076,,,1930-12-05 12:00,306.472,,,1931-01-13 12:00,147.233,,,1931-03-03 12:00,306.578,,,1931-04-11 12:00,147.391,,,1931-05-30 12:00,306.684,,,1931-07-08 12:00,147.55,,,1931-08-26 12:00,306.791,,,1931-10-04 12:00,147.706,,,1931-11-22 12:00,306.895,,,1931-12-31 12:00,147.86,,,1932-02-18 12:00,307.002,,,1932-03-28 12:00,148.017,,,1932-05-16 12:00,307.107,,,1932-06-24 12:00,148.175,,,1932-08-12 12:00,307.214,,,1932-09-20 12:00,148.331,,,1932-11-08 12:00,307.319,,,1932-12-17 12:00,148.487,,,1933-02-04 12:00,307.424,,,1933-03-15 12:00,148.642,,,1933-05-03 12:00,307.53,,,1933-06-11 12:00,148.8,,,1933-07-30 12:00,307.638,,,1933-09-07 12:00,148.958,,,1933-10-25 12:00,304.438,,,1933-12-04 12:00,149.113,,,1934-01-21 12:00,304.543,,,1934-03-02 12:00,149.269,,,1934-04-19 12:00,304.645,,,1934-05-29 12:00,149.425,,,1934-07-16 12:00,304.751,,,1934-08-25 12:00,149.584,,,1934-10-12 12:00,304.856,,,1934-11-21 12:00,149.74,,,1935-01-08 12:00,304.962,,,1935-02-17 12:00,149.895,,,1935-04-06 12:00,305.065,,,1935-05-16 12:00,150.049,,,1935-07-03 12:00,305.169,,,1935-08-12 12:00,150.205,,,1935-09-29 12:00,305.274,,,1935-11-08 12:00,150.362,,,1935-12-26 12:00,305.38,,
,,,,1926-11-01 12:00,308.0,,,1926-12-11 12:00,154.403,,,1927-01-28 12:00,308.108,,,1927-03-09 12:00,154.553,,,1927-04-26 12:00,308.213,,,1927-06-05 12:00,154.702,,,1927-07-23 12:00,308.318,,,1927-09-01 12:00,154.851,,,1927-10-19 12:00,308.425,,,1927-11-28 12:00,155.002,,,1928-01-15 12:00,308.533,,,1928-02-24 12:00,155.154,,,1928-04-12 12:00,308.64,,,1928-05-21 12:00,150.475,,,1928-07-09 12:00,308.746,,,1928-08-17 12:00,150.628,,,1928-10-05 12:00,308.852,,,1928-11-13 12:00,150.783,,,1929-01-01 12:00,308.96,,,1929-02-09 12:00,150.94,,,1929-03-30 12:00,309.068,,,1929-05-08 12:00,151.095,,,1929-06-26 12:00,309.177,,,1929-08-04 12:00,151.248,,,1929-09-22 12:00,309.283,,,1929-10-31 12:00,151.4,,,1929-12-19 12:00,309.39,,,1930-01-27 12:00,151.556,,,1930-03-17 12:00,309.499,,,1930-04-25 12:00,151.71,,,1930-06-13 12:00,309.607,,,1930-07-22 12:00,151.864,,,1930-09-09 12:00,309.716,,,1930-10-18 12:00,152.014,,,1930-12-06 12:00,309.823,,,1931-01-14 12:00,152.166,,,1931-03-04 12:00,309.931,,,1931-04-12 12:00,152.319,,,1931-05-31 12:00,310.039,,,1931-07-09 12:00,152.473,,,1931-08-27 12:00,310.148,,,1931-10-05 12:00,152.624,,,1931-11-23 12:00,310.255,,,1932-01-01 12:00,152.774,,,1932-02-19 12:00,310.364,,,1932-03-29 12:00,152.925,,,1932-05-17 12:00,310.471,,,1932-06-25 12:00,153.078,,,1932-08-13 12:00,310.581,,,1932-09-21 12:00,153.23,,,1932-11-09 12:00,310.688,,,1932-12-18 12:00,153.381,,,1933-02-05 12:00,310.796,,,1933-03-16 12:00,153.531,,,1933-05-04 12:00,310.903,,,1933-06-12 12:00,153.684,,,1933-07-31 12:00,311.014,,,1933-09-08 12:00,153.837,,,1933-10-26 12:00,307.744,,,1933-12-05 12:00,153.988,,,1934-01-22 12:00,307.851,,,1934-03-03 12:00,154.138,,,1934-04-20 12:00,307.955,,,1934-05-30 12:00,154.29,,,1934-07-17 12:00,308.063,,,1934-08-26 12:00,154.443,,,1934-10-13 12:00,308.17,,,1934-11-22 12:00,154.595,,,1935-01-09 12:00,308.279,,,1935-02-18 12:00,154.745,,,1935-04-07 12:00,308.384,,,1935-05-17 12:00,154.894,,,1935-07-04 12:00,308.49,,,1935-08-13 12:00,155.046,,,1935-09-30 12:00,308.598,,,1935-11-09 12:00,155.197,,,1935-12-27 12:00,308.706,,
,,,,1926-11-02 12:00,311.387,,,1926-12-12 12:00,159.104,,,1927-01-29 12:00,311.497,,,1927-03-10 12:00,159.249,,,1927-04-27 12:00,311.604,,,1927-06-06 12:00,159.393,,,1927-07-24 12:00,311.712,,,1927-09-02 12:00,159.538,,,1927-10-20 12:00,311.82,,,1927-11-29 12:00,159.684,,,1928-01-16 12:00,311.931,,,1928-02-25 12:00,159.831,,,1928-04-13 12:00,312.04,,,1928-05-22 12:00,155.302,,,1928-07-10 12:00,312.149,,,1928-08-18 12:00,155.451,,,1928-10-06 12:00,312.257,,,1928-11-14 12:00,155.602,,,1929-01-02 12:00,312.367,,,1929-02-10 12:00,155.754,,,1929-03-31 12:00,312.478,,,1929-05-09 12:00,155.904,,,1929-06-27 12:00,312.589,,,1929-08-05 12:00,156.052,,,1929-09-23 12:00,312.698,,,1929-11-01 12:00,156.199,,,1929-12-20 12:00,312.807,,,1930-01-28 12:00,156.35,,,1930-03-18 12:00,312.918,,,1930-04-26 12:00,156.5,,,1930-06-14 12:00,313.029,,,1930-07-23 12:00,156.649,,,1930-09-10 12:00,313.141,,,1930-10-19 12:00,156.793,,,1930-12-07 12:00,313.25,,,1931-01-15 12:00,156.941,,,1931-03-05 12:00,313.36,,,1931-04-13 12:00,157.09,,,1931-06-01 12:00,313.471,,,1931-07-10 12:00,157.238,,,1931-08-28 12:00,313.582,,,1931-10-06 12:00,157.385,,,1931-11-24 12:00,313.691,,,1932-01-02 12:00,157.53,,,1932-02-20 12:00,313.803,,,1932-03-30 12:00,157.677,,,1932-05-18 12:00,313.912,,,1932-06-26 12:00,157.825,,,1932-08-14 12:00,314.025,,,1932-09-22 12:00,157.972,,,1932-11-10 12:00,314.134,,,1932-12-19 12:00,158.118,,,1933-02-06 12:00,314.244,,,1933-03-17 12:00,158.264,,,1933-05-05 12:00,314.354,,,1933-06-13 12:00,158.412,,,1933-08-01 12:00,314.467,,,1933-09-09 12:00,158.56,,,1933-10-27 12:00,311.122,,,1933-12-06 12:00,158.706,,,1934-01-23 12:00,311.231,,,1934-03-04 12:00,158.851,,,1934-04-21 12:00,311.338,,,1934-05-31 12:00,158.999,,,1934-07-18 12:00,311.448,,,1934-08-27 12:00,159.147,,,1934-10-14 12:00,311.558,,,1934-11-23 12:00,159.294,,,1935-01-10 12:00,311.668,,,1935-02-19 12:00,159.439,,,1935-04-08 12:00,311.776,,,1935-05-18 12:00,159.584,,,1935-07-05 12:00,311.885,,,1935-08-14 12:00,159.731,,,1935-10-01 12:00,311.994,,,1935-11-10 12:00,159.877,,,1935-12-28 12:00,312.105,,
,,,,1926-11-03 12:00,314.852,,,1926-12-13 12:00,163.654,,,1927-01-30 12:00,314.964,,,1927-03-11 12:00,163.794,,,1927-04-28 12:00,315.074,,,1927-06-07 12:00,163.934,,,1927-07-25 12:00,315.184,,,1927-09-03 12:00,164.074,,,1927-10-21 12:00,315.295,,,1927-11-30 12:00,164.216,,,1928-01-17 12:00,315.408,,,1928-02-26 12:00,164.358,,,1928-04-14 12:00,315.52,,,1928-05-23 12:00,159.975,,,1928-07-11 12:00,315.632,,,1928-08-19 12:00,160.119,,,1928-10-07 12:00,315.742,,,1928-11-15 12:00,160.265,,,1929-01-03 12:00,315.855,,,1929-02-11 12:00,160.412,,,1929-04-01 12:00,315.968,,,1929-05-10 12:00,160.558,,,1929-06-28 12:00,316.082,,,1929-08-06 12:00,160.701,,,1929-09-24 12:00,316.193,,,1929-11-02 12:00,160.844,,,1929-12-21 12:00,316.305,,,1930-01-29 12:00,160.99,,,1930-03-19 12:00,316.419,,,1930-04-27 12:00,161.135,,,1930-06-15 12:00,316.532,,,1930-07-24 12:00,161.28,,,1930-09-11 12:00,316.646,,,1930-10-20 12:00,161.419,,,1930-12-08 12:00,316.758,,,1931-01-16 12:00,161.563,,,1931-03-06 12:00,316.871,,,1931-04-14 12:00,161.706,,,1931-06-02 12:00,316.984,,,1931-07-11 12:00,161.85,,,1931-08-29 12:00,317.098,,,1931-10-07 12:00,161.992,,,1931-11-25 12:00,317.21,,,1932-01-03 12:00,162.133,,,1932-02-21 12:00,317.323,,,1932-03-31 12:00,162.275,,,1932-05-19 12:00,317.436,,,1932-06-27 12:00,162.419,,,1932-08-15 12:00,317.551,,,1932-09-23 12:00,162.561,,,1932-11-11 12:00,317.663,,,1932-12-20 12:00,162.702,,,1933-02-07 12:00,317.776,,,1933-03-18 12:00,162.844,,,1933-05-06 12:00,317.888,,,1933-06-14 12:00,162.988,,,1933-08-02 12:00,318.004,,,1933-09-10 12:00,163.13,,,1933-10-28 12:00,314.578,,,1933-12-07 12:00,163.272,,,1934-01-24 12:00,314.69,,,1934-03-05 12:00,163.413,,,1934-04-22 12:00,314.799,,,1934-06-01 12:00,163.556,,,1934-07-19 12:00,314.911,,,1934-08-28 12:00,163.7,,,1934-10-15 12:00,315.024,,,1934-11-24 12:00,163.842,,,1935-01-11 12:00,315.137,,,1935-02-20 12:00,163.982,,,1935-04-09 12:00,315.247,,,1935-05-19 12:00,164.122,,,1935-07-06 12:00,315.358,,,1935-08-15 12:00,164.265,,,1935-10-02 12:00,315.47,,,1935-11-11 12:00,164.407,,,1935-12-29 12:00,315.584,,
,,,,1926-11-04 12:00,318.401,,,1926-12-14 12:00,168.058,,,1927-01-31 12:00,318.516,,,1927-03-12 12:00,168.194,,,1927-04-29 12:00,318.628,,,1927-06-08 12:00,168.329,,,1927-07-26 12:00,318.741,,,1927-09-04 12:00,168.465,,,1927-10-22 12:00,318.855,,,1927-12-01 12:00,168.603,,,1928-01-18 12:00,318.971,,,1928-02-27 12:00,168.74,,,1928-04-15 12:00,319.085,,,1928-05-24 12:00,164.498,,,1928-07-12 12:00,319.2,,,1928-08-20 12:00,164.637,,,1928-10-08 12:00,319.312,,,1928-11-16 12:00,164.778,,,1929-01-04 12:00,319.428,,,1929-02-12 12:00,164.921,,,1929-04-02 12:00,319.544,,,1929-05-11 12:00,165.062,,,1929-06-29 12:00,319.66,,,1929-08-07 12:00,165.201,,,1929-09-25 12:00,319.775,,,1929-11-03 12:00,165.339,,,1929-12-22 12:00,319.889,,,1930-01-30 12:00,165.481,,,1930-03-20 12:00,320.005,,,1930-04-28 12:00,165.621,,,1930-06-16 12:00,320.122,,,1930-07-25 12:00,165.762,,,1930-09-12 12:00,320.238,,,1930-10-21 12:00,165.897,,,1930-12-09 12:00,320.353,,,1931-01-17 12:00,166.036,,,1931-03-07 12:00,320.469,,,1931-04-15 12:00,166.175,,,1931-06-03 12:00,320.585,,,1931-07-12 12:00,166.315,,,1931-08-30 12:00,320.701,,,1931-10-08 12:00,166.452,,,1931-11-26 12:00,320.816,,,1932-01-04 12:00,166.588,,,1932-02-22 12:00,320.932,,,1932-04-01 12:00,166.726,,,1932-05-20 12:00,321.047,,,1932-06-28 12:00,166.865,,,1932-08-16 12:00,321.165,,,1932-09-24 12:00,167.003,,,1932-11-12 12:00,321.28,,,1932-12-21 12:00,167.14,,,1933-02-08 12:00,321.395,,,1933-03-19 12:00,167.277,,,1933-05-07 12:00,321.511,,,1933-06-15 12:00,167.416,,,1933-08-03 12:00,321.63,,,1933-09-11 12:00,167.555,,,1933-10-29 12:00,318.118,,,1933-12-08 12:00,167.692,,,1934-01-25 12:00,318.232,,,1934-03-06 12:00,167.829,,,1934-04-23 12:00,318.343,,,1934-06-02 12:00,167.967,,,1934-07-20 12:00,318.459,,,1934-08-29 12:00,168.106,,,1934-10-16 12:00,318.574,,,1934-11-25 12:00,168.244,,,1935-01-12 12:00,318.689,,,1935-02-21 12:00,168.38,,,1935-04-10 12:00,318.803,,,1935-05-20 12:00,168.516,,,1935-07-07 12:00,318.916,,,1935-08-16 12:00,168.654,,,1935-10-03 12:00,319.031,,,1935-11-12 12:00,168.792,,,1935-12-30 12:00,319.147,,
,,,,1926-11-05 12:00,322.039,,,1926-12-15 12:00,172.323,,,1927-02-01 12:00,322.157,,,1927-03-13 12:00,172.455,,,1927-04-30 12:00,322.273,,,1927-06-09 12:00,172.586,,,1927-07-27 12:00,322.388,,,1927-09-05 12:00,172.718,,,1927-10-23 12:00,322.505,,,1927-12-02 12:00,172.851,,,1928-01-19 12:00,322.624,,,1928-02-28 12:00,172.984,,,1928-04-16 12:00,322.741,,,1928-05-25 12:00,168.876,,,1928-07-13 12:00,322.858,,,1928-08-21 12:00,169.011,,,1928-10-09 12:00,322.974,,,1928-11-17 12:00,169.148,,,1929-01-05 12:00,323.093,,,1929-02-13 12:00,169.286,,,1929-04-03 12:00,323.212,,,1929-05-12 12:00,169.423,,,1929-06-30 12:00,323.331,,,1929-08-08 12:00,169.557,,,1929-09-26 12:00,323.448,,,1929-11-04 12:00,169.691,,,1929-12-23 12:00,323.565,,,1930-01-31 12:00,169.829,,,1930-03-21 12:00,323.685,,,1930-04-29 12:00,169.965,,,1930-06-17 12:00,323.804,,,1930-07-26 12:00,170.101,,,1930-09-13 12:00,323.923,,,1930-10-22 12:00,170.232,,,1930-12-10 12:00,324.041,,,1931-01-18 12:00,170.367,,,1931-03-08 12:00,324.16,,,1931-04-16 12:00,170.501,,,1931-06-04 12:00,324.278,,,1931-07-13 12:00,170.637,,,1931-08-31 12:00,324.398,,,1931-10-09 12:00,170.77,,,1931-11-27 12:00,324.515,,,1932-01-05 12:00,170.902,,,1932-02-23 12:00,324.635,,,1932-04-02 12:00,171.036,,,1932-05-21 12:00,324.753,,,1932-06-29 12:00,171.171,,,1932-08-17 12:00,324.874,,,1932-09-25 12:00,171.304,,,1932-11-13 12:00,324.992,,,1932-12-22 12:00,171.437,,,1933-02-09 12:00,325.11,,,1933-03-20 12:00,171.57,,,1933-05-08 12:00,325.229,,,1933-06-16 12:00,171.705,,,1933-08-04 12:00,325.35,,,1933-09-12 12:00,171.839,,,1933-10-30 12:00,321.746,,,1933-12-09 12:00,171.972,,,1934-01-26 12:00,321.863,,,1934-03-07 12:00,172.104,,,1934-04-24 12:00,321.977,,,1934-06-03 12:00,172.239,,,1934-07-21 12:00,322.096,,,1934-08-30 12:00,172.374,,,1934-10-17 12:00,322.214,,,1934-11-26 12:00,172.507,,,1935-01-13 12:00,322.332,,,1935-02-22 12:00,172.639,,,1935-04-11 12:00,322.448,,,1935-05-21 12:00,172.771,,,1935-07-08 12:00,322.565,,,1935-08-17 12:00,172.905,,,1935-10-04 12:00,322.682,,,1935-11-13 12:00,173.038,,,,,,
,,,,1926-11-06 12:00,325.774,,,1926-12-16 12:00,176.455,,,1927-02-02 12:00,325.895,,,1927-03-14 12:00,176.583,,,1927-05-01 12:00,326.014,,,1927-06-10 12:00,176.71,,,1927-07-28 12:00,326.132,,,1927-09-06 12:00,176.839,,,1927-10-24 12:00,326.252,,,1927-12-03 12:00,176.968,,,1928-01-20 12:00,326.373,,,1928-02-29 12:00,177.097,,,1928-04-17 12:00,326.494,,,1928-05-26 12:00,173.115,,,1928-07-14 12:00,326.614,,,1928-08-22 12:00,173.247,,,1928-10-10 12:00,326.733,,,1928-11-18 12:00,173.38,,,1929-01-06 12:00,326.855,,,1929-02-14 12:00,173.514,,,1929-04-04 12:00,326.977,,,1929-05-13 12:00,173.646,,,1929-07-01 12:00,327.099,,,1929-08-09 12:00,173.776,,,1929-09-27 12:00,327.219,,,1929-11-05 12:00,173.906,,,1929-12-24 12:00,327.34,,,1930-02-01 12:00,174.04,,,1930-03-22 12:00,327.462,,,1930-04-30 12:00,174.172,,,1930-06-18 12:00,327.585,,,1930-07-27 12:00,174.304,,,1930-09-14 12:00,327.707,,,1930-10-23 12:00,174.431,,,1930-12-11 12:00,327.828,,,1931-01-19 12:00,174.562,,,1931-03-09 12:00,327.95,,,1931-04-17 12:00,174.692,,,1931-06-05 12:00,328.072,,,1931-07-14 12:00,174.824,,,1931-09-01 12:00,328.194,,,1931-10-10 12:00,174.953,,,1931-11-28 12:00,328.315,,,1932-01-06 12:00,175.081,,,1932-02-24 12:00,328.437,,,1932-04-03 12:00,175.211,,,1932-05-22 12:00,328.559,,,1932-06-30 12:00,175.341,,,1932-08-18 12:00,328.683,,,1932-09-26 12:00,175.471,,,1932-11-14 12:00,328.804,,,1932-12-23 12:00,175.599,,,1933-02-10 12:00,328.925,,,1933-03-21 12:00,175.729,,,1933-05-09 12:00,329.047,,,1933-06-17 12:00,175.86,,,1933-08-05 12:00,329.172,,,1933-09-13 12:00,175.99,,,1933-10-31 12:00,325.47,,,1933-12-10 12:00,176.118,,,1934-01-27 12:00,325.59,,,1934-03-08 12:00,176.247,,,1934-04-25 12:00,325.707,,,1934-06-04 12:00,176.378,,,1934-07-22 12:00,325.828,,,1934-08-31 12:00,176.508,,,1934-10-18 12:00,325.949,,,1934-11-27 12:00,176.638,,,1935-01-14 12:00,326.071,,,1935-02-23 12:00,176.766,,,1935-04-12 12:00,326.19,,,1935-05-22 12:00,176.894,,,1935-07-09 12:00,326.309,,,1935-08-18 12:00,177.024,,,1935-10-05 12:00,326.43,,,1935-11-14 12:00,177.153,,,,,,
,,,,1926-11-07 12:00,329.61,,,1926-12-17 12:00,180.462,,,1927-02-03 12:00,329.735,,,1927-03-15 12:00,180.587,,,1927-05-02 12:00,329.856,,,1927-06-11 12:00,180.71,,,1927-07-29 12:00,329.978,,,1927-09-07 12:00,180.835,,,1927-10-25 12:00,330.101,,,1927-12-04 12:00,180.96,,,1928-01-21 12:00,330.226,,,1928-03-01 12:00,181.086,,,1928-04-18 12:00,330.35,,,1928-05-27 12:00,177.224,,,1928-07-15 12:00,330.474,,,1928-08-23 12:00,177.352,,,1928-10-11 12:00,330.595,,,1928-11-19 12:00,177.481,,,1929-01-07 12:00,330.72,,,1929-02-15 12:00,177.611,,,1929-04-05 12:00,330.846,,,1929-05-14 12:00,177.739,,,1929-07-02 12:00,330.971,,,1929-08-10 12:00,177.866,,,1929-09-28 12:00,331.095,,,1929-11-06 12:00,177.992,,,1929-12-25 12:00,331.219,,,1930-02-02 12:00,178.121,,,1930-03-23 12:00,331.344,,,1930-05-01 12:00,178.249,,,1930-06-19 12:00,331.47,,,1930-07-28 12:00,178.377,,,1930-09-15 12:00,331.596,,,1930-10-24 12:00,178.501,,,1930-12-12 12:00,331.72,,,1931-01-20 12:00,178.628,,,1931-03-10 12:00,331.845,,,1931-04-18 12:00,178.755,,,1931-06-06 12:00,331.97,,,1931-07-15 12:00,178.882,,,1931-09-02 12:00,332.097,,,1931-10-11 12:00,179.007,,,1931-11-29 12:00,332.22,,,1932-01-07 12:00,179.132,,,1932-02-25 12:00,332.346,,,1932-04-04 12:00,179.258,,,1932-05-23 12:00,332.471,,,1932-07-01 12:00,179.385,,,1932-08-19 12:00,332.598,,,1932-09-27 12:00,179.51,,,1932-11-15 12:00,332.723,,,1932-12-24 12:00,179.635,,,1933-02-11 12:00,332.847,,,1933-03-22 12:00,179.761,,,1933-05-10 12:00,332.972,,,1933-06-18 12:00,179.888,,,1933-08-06 12:00,333.101,,,1933-09-14 12:00,180.014,,,1933-11-01 12:00,329.295,,,1933-12-11 12:00,180.139,,,1934-01-28 12:00,329.418,,,1934-03-09 12:00,180.264,,,1934-04-26 12:00,329.538,,,1934-06-05 12:00,180.391,,,1934-07-23 12:00,329.663,,,1934-09-01 12:00,180.518,,,1934-10-19 12:00,329.787,,,1934-11-28 12:00,180.644,,,1935-01-15 12:00,329.912,,,1935-02-24 12:00,180.768,,,1935-04-13 12:00,330.034,,,1935-05-23 12:00,180.892,,,1935-07-10 12:00,330.157,,,1935-08-19 12:00,181.018,,,1935-10-06 12:00,330.281,,,1935-11-15 12:00,181.144,,,,,,
,,,,1926-11-08 12:00,333.555,,,1926-12-18 12:00,184.351,,,1927-02-04 12:00,333.683,,,1927-03-16 12:00,184.472,,,1927-05-03 12:00,333.808,,,1927-06-12 12:00,184.592,,,1927-07-30 12:00,333.933,,,1927-09-08 12:00,184.713,,,1927-10-26 12:00,334.059,,,1927-12-05 12:00,184.835,,,1928-01-22 12:00,334.188,,,1928-03-02 12:00,184.957,,,1928-04-19 12:00,334.315,,,1928-05-28 12:00,181.209,,,1928-07-16 12:00,334.442,,,1928-08-24 12:00,181.333,,,1928-10-12 12:00,334.567,,,1928-11-20 12:00,181.458,,,1929-01-08 12:00,334.696,,,1929-02-16 12:00,181.584,,,1929-04-06 12:00,334.825,,,1929-05-15 12:00,181.709,,,1929-07-03 12:00,334.954,,,1929-08-11 12:00,181.832,,,1929-09-29 12:00,335.081,,,1929-11-07 12:00,181.955,,,1929-12-26 12:00,335.208,,,1930-02-03 12:00,182.08,,,1930-03-24 12:00,335.337,,,1930-05-02 12:00,182.205,,,1930-06-20 12:00,335.467,,,1930-07-29 12:00,182.329,,,1930-09-16 12:00,335.596,,,1930-10-25 12:00,182.449,,,1930-12-13 12:00,335.723,,,1931-01-21 12:00,182.573,,,1931-03-11 12:00,335.852,,,1931-04-19 12:00,182.696,,,1931-06-07 12:00,335.981,,,1931-07-16 12:00,182.82,,,1931-09-03 12:00,336.111,,,1931-10-12 12:00,182.941,,,1931-11-30 12:00,336.238,,,1932-01-08 12:00,183.063,,,1932-02-26 12:00,336.367,,,1932-04-05 12:00,183.185,,,1932-05-24 12:00,336.495,,,1932-07-02 12:00,183.308,,,1932-08-20 12:00,336.626,,,1932-09-28 12:00,183.429,,,1932-11-16 12:00,336.755,,,1932-12-25 12:00,183.551,,,1933-02-12 12:00,336.882,,,1933-03-23 12:00,183.673,,,1933-05-11 12:00,337.011,,,1933-06-19 12:00,183.797,,,1933-08-07 12:00,337.143,,,1933-09-15 12:00,183.919,,,1933-11-02 12:00,333.227,,,1933-12-12 12:00,184.041,,,1934-01-29 12:00,333.354,,,1934-03-10 12:00,184.162,,,1934-04-27 12:00,333.477,,,1934-06-06 12:00,184.285,,,1934-07-24 12:00,333.605,,,1934-09-02 12:00,184.409,,,1934-10-20 12:00,333.733,,,1934-11-29 12:00,184.531,,,1935-01-16 12:00,333.862,,,1935-02-25 12:00,184.652,,,1935-04-14 12:00,333.987,,,1935-05-24 12:00,184.772,,,1935-07-11 12:00,334.113,,,1935-08-20 12:00,184.895,,,1935-10-07 12:00,334.241,,,1935-11-16 12:00,185.017,,,,,,
,,,,1926-11-09 12:00,337.614,,,1926-12-19 12:00,188.13,,,1927-02-05 12:00,337.746,,,1927-03-17 12:00,188.247,,,1927-05-04 12:00,337.874,,,1927-06-13 12:00,188.364,,,1927-07-31 12:00,338.003,,,1927-09-09 12:00,188.481,,,1927-10-27 12:00,338.132,,,1927-12-06 12:00,188.6,,,1928-01-23 12:00,338.265,,,1928-03-03 12:00,188.719,,,1928-04-20 12:00,338.396,,,1928-05-29 12:00,185.077,,,1928-07-17 12:00,338.527,,,1928-08-25 12:00,185.197,,,1928-10-13 12:00,338.655,,,1928-11-21 12:00,185.319,,,1929-01-09 12:00,338.788,,,1929-02-17 12:00,185.442,,,1929-04-07 12:00,338.92,,,1929-05-16 12:00,185.563,,,1929-07-04 12:00,339.053,,,1929-08-12 12:00,185.682,,,1929-09-30 12:00,339.184,,,1929-11-08 12:00,185.802,,,1929-12-27 12:00,339.314,,,1930-02-04 12:00,185.924,,,1930-03-25 12:00,339.448,,,1930-05-03 12:00,186.045,,,1930-06-21 12:00,339.58,,,1930-07-30 12:00,186.166,,,1930-09-17 12:00,339.713,,,1930-10-26 12:00,186.283,,,1930-12-14 12:00,339.844,,,1931-01-22 12:00,186.403,,,1931-03-12 12:00,339.977,,,1931-04-20 12:00,186.522,,,1931-06-08 12:00,340.109,,,1931-07-17 12:00,186.643,,,1931-09-04 12:00,340.243,,,1931-10-13 12:00,186.761,,,1931-12-01 12:00,340.373,,,1932-01-09 12:00,186.879,,,1932-02-27 12:00,340.506,,,1932-04-06 12:00,186.998,,,1932-05-25 12:00,340.639,,,1932-07-03 12:00,187.118,,,1932-08-21 12:00,340.773,,,1932-09-29 12:00,187.236,,,1932-11-17 12:00,340.905,,,1932-12-26 12:00,187.355,,,1933-02-13 12:00,341.037,,,1933-03-24 12:00,187.473,,,1933-05-12 12:00,341.17,,,1933-06-20 12:00,187.593,,,1933-08-08 12:00,341.305,,,1933-09-16 12:00,187.713,,,1933-11-03 12:00,337.273,,,1933-12-13 12:00,187.83,,,1934-01-30 12:00,337.403,,,1934-03-11 12:00,187.949,,,1934-04-28 12:00,337.53,,,1934-06-07 12:00,188.069,,,1934-07-25 12:00,337.662,,,1934-09-03 12:00,188.189,,,1934-10-21 12:00,337.793,,,1934-11-30 12:00,188.308,,,1935-01-17 12:00,337.926,,,1935-02-26 12:00,188.425,,,1935-04-15 12:00,338.055,,,1935-05-25 12:00,188.542,,,1935-07-12 12:00,338.184,,,1935-08-21 12:00,188.662,,,1935-10-08 12:00,338.316,,,1935-11-17 12:00,188.781,,,,,,
,,,,1926-11-10 12:00,341.793,,,1926-12-20 12:00,191.804,,,1927-02-06 12:00,341.929,,,1927-03-18 12:00,191.918,,,1927-05-05 12:00,342.062,,,1927-06-14 12:00,192.032,,,1927-08-01 12:00,342.194,,,1927-09-10 12:00,192.146,,,1927-10-28 12:00,342.327,,,1927-12-07 12:00,192.262,,,1928-01-24 12:00,342.464,,,1928-03-04 12:00,192.377,,,1928-04-21 12:00,342.599,,,1928-05-30 12:00,188.835,,,1928-07-18 12:00,342.733,,,1928-08-26 12:00,188.952,,,1928-10-14 12:00,342.865,,,1928-11-22 12:00,189.071,,,1929-01-10 12:00,343.002,,,1929-02-18 12:00,189.19,,,1929-04-08 12:00,343.138,,,1929-05-17 12:00,189.308,,,1929-07-05 12:00,343.275,,,1929-08-13 12:00,189.425,,,1929-10-01 12:00,343.409,,,1929-11-09 12:00,189.541,,,1929-12-28 12:00,343.544,,,1930-02-05 12:00,189.66,,,1930-03-26 12:00,343.681,,,1930-05-04 12:00,189.777,,,1930-06-22 12:00,343.818,,,1930-07-31 12:00,189.895,,,1930-09-18 12:00,343.954,,,1930-10-27 12:00,190.009,,,1930-12-15 12:00,344.089,,,1931-01-23 12:00,190.126,,,1931-03-13 12:00,344.226,,,1931-04-21 12:00,190.242,,,1931-06-09 12:00,344.362,,,1931-07-18 12:00,190.359,,,1931-09-05 12:00,344.5,,,1931-10-14 12:00,190.474,,,1931-12-02 12:00,344.634,,,1932-01-10 12:00,190.59,,,1932-02-28 12:00,344.771,,,1932-04-07 12:00,190.705,,,1932-05-26 12:00,344.907,,,1932-07-04 12:00,190.822,,,1932-08-22 12:00,345.046,,,1932-09-30 12:00,190.937,,,1932-11-18 12:00,345.182,,,1932-12-27 12:00,191.052,,,1933-02-14 12:00,345.317,,,1933-03-25 12:00,191.168,,,1933-05-13 12:00,345.454,,,1933-06-21 12:00,191.285,,,1933-08-09 12:00,345.593,,,1933-09-17 12:00,191.401,,,1933-11-04 12:00,341.439,,,1933-12-14 12:00,191.516,,,1934-01-31 12:00,341.573,,,1934-03-12 12:00,191.631,,,1934-04-29 12:00,341.704,,,1934-06-08 12:00,191.748,,,1934-07-26 12:00,341.84,,,1934-09-04 12:00,191.865,,,1934-10-22 12:00,341.975,,,1934-12-01 12:00,191.98,,,1935-01-18 12:00,342.111,,,1935-02-27 12:00,192.095,,,1935-04-16 12:00,342.243,,,1935-05-26 12:00,192.209,,,1935-07-13 12:00,342.377,,,1935-08-22 12:00,192.326,,,1935-10-09 12:00,342.512,,,1935-11-18 12:00,192.441,,,,,,
,,,,1926-11-11 12:00,346.1,,,1926-12-21 12:00,195.381,,,1927-02-07 12:00,346.239,,,1927-03-19 12:00,195.492,,,1927-05-06 12:00,346.376,,,1927-06-15 12:00,195.603,,,1927-08-02 12:00,346.512,,,1927-09-11 12:00,195.715,,,1927-10-29 12:00,346.65,,,1927-12-08 12:00,195.827,,,1928-01-25 12:00,346.79,,,1928-03-05 12:00,195.94,,,1928-04-22 12:00,346.929,,,1928-05-31 12:00,192.491,,,1928-07-19 12:00,347.068,,,1928-08-27 12:00,192.605,,,1928-10-15 12:00,347.204,,,1928-11-23 12:00,192.72,,,1929-01-11 12:00,347.344,,,1929-02-19 12:00,192.837,,,1929-04-09 12:00,347.485,,,1929-05-18 12:00,192.952,,,1929-07-06 12:00,347.625,,,1929-08-14 12:00,193.065,,,1929-10-02 12:00,347.764,,,1929-11-10 12:00,193.178,,,1929-12-29 12:00,347.902,,,1930-02-06 12:00,193.294,,,1930-03-27 12:00,348.044,,,1930-05-05 12:00,193.409,,,1930-06-23 12:00,348.184,,,1930-08-01 12:00,193.524,,,1930-09-19 12:00,348.325,,,1930-10-28 12:00,193.635,,,1930-12-16 12:00,348.464,,,1931-01-24 12:00,193.749,,,1931-03-14 12:00,348.604,,,1931-04-22 12:00,193.862,,,1931-06-10 12:00,348.745,,,1931-07-19 12:00,193.976,,,1931-09-06 12:00,348.887,,,1931-10-15 12:00,194.088,,,1931-12-03 12:00,349.025,,,1932-01-11 12:00,194.201,,,1932-02-29 12:00,349.166,,,1932-04-08 12:00,194.313,,,1932-05-27 12:00,349.306,,,1932-07-05 12:00,194.427,,,1932-08-23 12:00,349.449,,,1932-10-01 12:00,194.539,,,1932-11-19 12:00,349.589,,,1932-12-28 12:00,194.652,,,1933-02-15 12:00,349.728,,,1933-03-26 12:00,194.764,,,1933-05-14 12:00,349.869,,,1933-06-22 12:00,194.878,,,1933-08-10 12:00,350.013,,,1933-09-18 12:00,194.991,,,1933-11-05 12:00,345.731,,,1933-12-15 12:00,195.103,,,1934-02-01 12:00,345.869,,,1934-03-13 12:00,195.216,,,1934-04-30 12:00,346.004,,,1934-06-09 12:00,195.329,,,1934-07-27 12:00,346.144,,,1934-09-05 12:00,195.443,,,1934-10-23 12:00,346.283,,,1934-12-02 12:00,195.556,,,1935-01-19 12:00,346.423,,,1935-02-28 12:00,195.668,,,1935-04-17 12:00,346.559,,,1935-05-27 12:00,195.779,,,1935-07-14 12:00,346.697,,,1935-08-23 12:00,195.893,,,1935-10-10 12:00,346.836,,,1935-11-19 12:00,196.005,,,,,,
,,,,1926-11-12 12:00,350.539,,,1926-12-22 12:00,198.868,,,1927-02-08 12:00,350.682,,,1927-03-20 12:00,198.976,,,1927-05-07 12:00,350.823,,,1927-06-16 12:00,199.085,,,1927-08-03 12:00,350.963,,,1927-09-12 12:00,199.194,,,1927-10-30 12:00,351.105,,,1927-12-09 12:00,199.304,,,1928-01-26 12:00,351.25,,,1928-03-06 12:00,199.414,,,1928-04-23 12:00,351.393,,,1928-06-01 12:00,196.051,,,1928-07-20 12:00,351.536,,,1928-08-28 12:00,196.162,,,1928-10-16 12:00,351.676,,,1928-11-24 12:00,196.275,,,1929-01-12 12:00,351.821,,,1929-02-20 12:00,196.389,,,1929-04-10 12:00,351.966,,,1929-05-19 12:00,196.5,,,1929-07-07 12:00,352.11,,,1929-08-15 12:00,196.611,,,1929-10-03 12:00,352.253,,,1929-11-11 12:00,196.721,,,1929-12-30 12:00,352.396,,,1930-02-07 12:00,196.834,,,1930-03-28 12:00,352.541,,,1930-05-06 12:00,196.946,,,1930-06-24 12:00,352.686,,,1930-08-02 12:00,197.058,,,1930-09-20 12:00,352.831,,,1930-10-29 12:00,197.167,,,1930-12-17 12:00,352.974,,,1931-01-25 12:00,197.278,,,1931-03-15 12:00,353.119,,,1931-04-23 12:00,197.388,,,1931-06-11 12:00,353.264,,,1931-07-20 12:00,197.5,,,1931-09-07 12:00,353.41,,,1931-10-16 12:00,197.609,,,1931-12-04 12:00,353.552,,,1932-01-12 12:00,197.719,,,1932-03-01 12:00,353.697,,,1932-04-09 12:00,197.829,,,1932-05-28 12:00,353.842,,,1932-07-06 12:00,197.94,,,1932-08-24 12:00,353.989,,,1932-10-02 12:00,198.049,,,1932-11-20 12:00,354.133,,,1932-12-29 12:00,198.159,,,1933-02-16 12:00,354.277,,,1933-03-27 12:00,198.269,,,1933-05-15 12:00,354.422,,,1933-06-23 12:00,198.38,,,1933-08-11 12:00,354.57,,,1933-09-19 12:00,198.491,,,1933-11-06 12:00,350.155,,,1933-12-16 12:00,198.6,,,1934-02-02 12:00,350.297,,,1934-03-14 12:00,198.709,,,1934-05-01 12:00,350.436,,,1934-06-10 12:00,198.82,,,1934-07-28 12:00,350.58,,,1934-09-06 12:00,198.932,,,1934-10-24 12:00,350.723,,,1934-12-03 12:00,199.042,,,1935-01-20 12:00,350.868,,,1935-03-01 12:00,199.151,,,1935-04-18 12:00,351.008,,,1935-05-28 12:00,199.26,,,1935-07-15 12:00,351.15,,,1935-08-24 12:00,199.371,,,1935-10-11 12:00,351.293,,,1935-11-20 12:00,199.48,,,,,,
,,,,1926-11-13 12:00,355.116,,,1926-12-23 12:00,202.271,,,1927-02-09 12:00,355.264,,,1927-03-21 12:00,202.377,,,1927-05-08 12:00,355.409,,,1927-06-17 12:00,202.483,,,1927-08-04 12:00,355.553,,,1927-09-13 12:00,202.59,,,1927-10-31 12:00,355.699,,,1927-12-10 12:00,202.697,,,1928-01-27 12:00,355.849,,,1928-03-07 12:00,202.805,,,1928-04-24 12:00,355.996,,,1928-06-02 12:00,199.522,,,1928-07-21 12:00,356.143,,,1928-08-29 12:00,199.631,,,1928-10-17 12:00,356.288,,,1928-11-25 12:00,199.74,,,1929-01-13 12:00,356.437,,,1929-02-21 12:00,199.852,,,1929-04-11 12:00,356.586,,,1929-05-20 12:00,199.961,,,1929-07-08 12:00,356.735,,,1929-08-16 12:00,200.069,,,1929-10-04 12:00,356.882,,,1929-11-12 12:00,200.177,,,1929-12-31 12:00,357.029,,,1930-02-08 12:00,200.287,,,1930-03-29 12:00,357.179,,,1930-05-07 12:00,200.396,,,1930-06-25 12:00,357.329,,,1930-08-03 12:00,200.506,,,1930-09-21 12:00,357.477,,,1930-10-30 12:00,200.612,,,1930-12-18 12:00,357.625,,,1931-01-26 12:00,200.72,,,1931-03-16 12:00,357.774,,,1931-04-24 12:00,200.828,,,1931-06-12 12:00,357.923,,,1931-07-21 12:00,200.937,,,1931-09-08 12:00,358.074,,,1931-10-17 12:00,201.044,,,1931-12-05 12:00,358.22,,,1932-01-13 12:00,201.151,,,1932-03-02 12:00,358.37,,,1932-04-10 12:00,201.259,,,1932-05-29 12:00,358.519,,,1932-07-07 12:00,201.367,,,1932-08-25 12:00,358.671,,,1932-10-03 12:00,201.474,,,1932-11-21 12:00,358.82,,,1932-12-30 12:00,201.581,,,1933-02-17 12:00,358.967,,,1933-03-28 12:00,201.689,,,1933-05-16 12:00,359.117,,,1933-06-24 12:00,201.798,,,1933-08-12 12:00,359.27,,,1933-09-20 12:00,201.905,,,1933-11-07 12:00,354.717,,,1933-12-17 12:00,202.012,,,1934-02-03 12:00,354.863,,,1934-03-15 12:00,202.119,,,1934-05-02 12:00,355.006,,,1934-06-11 12:00,202.228,,,1934-07-29 12:00,355.154,,,1934-09-07 12:00,202.336,,,1934-10-25 12:00,355.302,,,1934-12-04 12:00,202.444,,,1935-01-21 12:00,355.451,,,1935-03-02 12:00,202.55,,,1935-04-19 12:00,355.596,,,1935-05-29 12:00,202.657,,,1935-07-16 12:00,355.742,,,1935-08-25 12:00,202.765,,,1935-10-12 12:00,355.889,,,1935-11-21 12:00,202.873,,,,,,
,,,,1926-11-14 12:00,359.836,,,1926-12-24 12:00,205.597,,,1927-02-10 12:00,359.988,,,1927-03-22 12:00,205.7,,,1927-05-09 12:00,0.137999999999,,,1927-06-18 12:00,205.804,,,1927-08-05 12:00,0.286,,,1927-09-14 12:00,205.909,,,1927-11-01 12:00,0.437000000002,,,1927-12-11 12:00,206.014,,,1928-01-28 12:00,0.591,,,1928-03-08 12:00,206.119,,,1928-04-25 12:00,0.743000000002,,,1928-06-03 12:00,202.91,,,1928-07-22 12:00,0.894,,,1928-08-30 12:00,203.017,,,1928-10-18 12:00,1.043,,,1928-11-26 12:00,203.124,,,1929-01-14 12:00,1.197,,,1929-02-22 12:00,203.233,,,1929-04-12 12:00,1.351,,,1929-05-21 12:00,203.339,,,1929-07-09 12:00,1.504,,,1929-08-17 12:00,203.445,,,1929-10-05 12:00,1.655,,,1929-11-13 12:00,203.55,,,1930-01-01 12:00,1.808,,,1930-02-09 12:00,203.659,,,1930-03-30 12:00,1.962,,,1930-05-08 12:00,203.765,,,1930-06-26 12:00,2.116,,,1930-08-04 12:00,203.872,,,1930-09-22 12:00,2.269,,,1930-10-31 12:00,203.976,,,1930-12-19 12:00,2.421,,,1931-01-27 12:00,204.082,,,1931-03-17 12:00,2.575,,,1931-04-25 12:00,204.188,,,1931-06-13 12:00,2.729,,,1931-07-22 12:00,204.294,,,1931-09-09 12:00,2.884,,,1931-10-18 12:00,204.399,,,1931-12-06 12:00,3.034,,,1932-01-14 12:00,204.504,,,1932-03-03 12:00,3.188,,,1932-04-11 12:00,204.609,,,1932-05-30 12:00,3.342,,,1932-07-08 12:00,204.715,,,1932-08-26 12:00,3.499,,,1932-10-04 12:00,204.819,,,1932-11-22 12:00,3.652,,,1932-12-31 12:00,204.924,,,1933-02-18 12:00,3.804,,,1933-03-29 12:00,205.03,,,1933-05-17 12:00,3.958,,,1933-06-25 12:00,205.136,,,1933-08-13 12:00,4.115,,,1933-09-21 12:00,205.241,,,1933-11-08 12:00,359.421,,,1933-12-18 12:00,205.346,,,1934-02-04 12:00,359.571,,,1934-03-16 12:00,205.451,,,1934-05-03 12:00,359.719,,,1934-06-12 12:00,205.557,,,1934-07-30 12:00,359.872,,,1934-09-08 12:00,205.663,,,1934-10-26 12:00,0.0239999999976,,,1934-12-05 12:00,205.769,,,1935-01-22 12:00,0.177000000003,,,1935-03-03 12:00,205.873,,,1935-04-20 12:00,0.326000000001,,,1935-05-30 12:00,205.977,,,1935-07-17 12:00,0.476999999999,,,1935-08-26 12:00,206.083,,,1935-10-13 12:00,0.629000000001,,,1935-11-22 12:00,206.188,,,,,,
,,,,1926-11-15 12:00,4.703,,,1926-12-25 12:00,208.851,,,1927-02-11 12:00,4.86,,,1927-03-23 12:00,208.952,,,1927-05-10 12:00,5.014,,,1927-06-19 12:00,209.054,,,1927-08-06 12:00,5.167,,,1927-09-15 12:00,209.156,,,1927-11-02 12:00,5.322,,,1927-12-12 12:00,209.259,,,1928-01-29 12:00,5.481,,,1928-03-09 12:00,209.362,,,1928-04-26 12:00,5.638,,,1928-06-04 12:00,206.222,,,1928-07-23 12:00,5.793,,,1928-08-31 12:00,206.326,,,1928-10-19 12:00,5.947,,,1928-11-27 12:00,206.431,,,1929-01-15 12:00,6.105,,,1929-02-23 12:00,206.538,,,1929-04-13 12:00,6.264,,,1929-05-22 12:00,206.642,,,1929-07-10 12:00,6.422,,,1929-08-18 12:00,206.746,,,1929-10-06 12:00,6.577,,,1929-11-14 12:00,206.849,,,1930-01-02 12:00,6.734,,,1930-02-10 12:00,206.955,,,1930-03-31 12:00,6.893,,,1930-05-09 12:00,207.059,,,1930-06-27 12:00,7.052,,,1930-08-05 12:00,207.164,,,1930-09-23 12:00,7.209,,,1930-11-01 12:00,207.266,,,1930-12-20 12:00,7.366,,,1931-01-28 12:00,207.37,,,1931-03-18 12:00,7.524,,,1931-04-26 12:00,207.473,,,1931-06-14 12:00,7.683,,,1931-07-23 12:00,207.577,,,1931-09-10 12:00,7.842,,,1931-10-19 12:00,207.68,,,1931-12-07 12:00,7.997,,,1932-01-15 12:00,207.783,,,1932-03-04 12:00,8.156,,,1932-04-12 12:00,207.886,,,1932-05-31 12:00,8.315,,,1932-07-09 12:00,207.99,,,1932-08-27 12:00,8.476,,,1932-10-05 12:00,208.092,,,1932-11-23 12:00,8.633,,,1933-01-01 12:00,208.195,,,1933-02-19 12:00,8.79,,,1933-03-30 12:00,208.298,,,1933-05-18 12:00,8.949,,,1933-06-26 12:00,208.402,,,1933-08-14 12:00,9.111,,,1933-09-22 12:00,208.505,,,1933-11-09 12:00,4.271,,,1933-12-19 12:00,208.608,,,1934-02-05 12:00,4.426,,,1934-03-17 12:00,208.71,,,1934-05-04 12:00,4.579,,,1934-06-13 12:00,208.814,,,1934-07-31 12:00,4.736,,,1934-09-09 12:00,208.918,,,1934-10-27 12:00,4.893,,,1934-12-06 12:00,209.022,,,1935-01-23 12:00,5.05,,,1935-03-04 12:00,209.124,,,1935-04-21 12:00,5.204,,,1935-05-31 12:00,209.226,,,1935-07-18 12:00,5.359,,,1935-08-27 12:00,209.33,,,1935-10-14 12:00,5.516,,,1935-11-23 12:00,209.433,,,,,,
,,,,1926-11-16 12:00,9.719,,,1926-12-26 12:00,212.039,,,1927-02-12 12:00,9.881,,,1927-03-24 12:00,212.138,,,1927-05-11 12:00,10.04,,,1927-06-20 12:00,212.238,,,1927-08-07 12:00,10.197,,,1927-09-16 12:00,212.339,,,1927-11-03 12:00,10.358,,,1927-12-13 12:00,212.44,,,1928-01-30 12:00,10.521,,,1928-03-10 12:00,212.541,,,1928-04-27 12:00,10.683,,,1928-06-05 12:00,209.464,,,1928-07-24 12:00,10.843,,,1928-09-01 12:00,209.566,,,1928-10-20 12:00,11.001,,,1928-11-28 12:00,209.669,,,1929-01-16 12:00,11.164,,,1929-02-24 12:00,209.773,,,1929-04-14 12:00,11.328,,,1929-05-23 12:00,209.875,,,1929-07-11 12:00,11.49,,,1929-08-19 12:00,209.977,,,1929-10-07 12:00,11.65,,,1929-11-15 12:00,210.078,,,1930-01-03 12:00,11.812,,,1930-02-11 12:00,210.182,,,1930-04-01 12:00,11.975,,,1930-05-10 12:00,210.284,,,1930-06-28 12:00,12.139,,,1930-08-06 12:00,210.387,,,1930-09-24 12:00,12.3,,,1930-11-02 12:00,210.487,,,1930-12-21 12:00,12.462,,,1931-01-29 12:00,210.589,,,1931-03-19 12:00,12.625,,,1931-04-27 12:00,210.69,,,1931-06-15 12:00,12.788,,,1931-07-24 12:00,210.792,,,1931-09-11 12:00,12.952,,,1931-10-20 12:00,210.893,,,1931-12-08 12:00,13.112,,,1932-01-16 12:00,210.994,,,1932-03-05 12:00,13.275,,,1932-04-13 12:00,211.095,,,1932-06-01 12:00,13.439,,,1932-07-10 12:00,211.197,,,1932-08-28 12:00,13.604,,,1932-10-06 12:00,211.297,,,1932-11-24 12:00,13.767,,,1933-01-02 12:00,211.398,,,1933-02-20 12:00,13.928,,,1933-03-31 12:00,211.499,,,1933-05-19 12:00,14.092,,,1933-06-27 12:00,211.601,,,1933-08-15 12:00,14.258,,,1933-09-23 12:00,211.702,,,1933-11-10 12:00,9.271,,,1933-12-20 12:00,211.803,,,1934-02-06 12:00,9.431,,,1934-03-18 12:00,211.903,,,1934-05-05 12:00,9.588,,,1934-06-14 12:00,212.006,,,1934-08-01 12:00,9.75,,,1934-09-10 12:00,212.108,,,1934-10-28 12:00,9.912,,,1934-12-07 12:00,212.209,,,1935-01-24 12:00,10.074,,,1935-03-05 12:00,212.309,,,1935-04-22 12:00,10.232,,,1935-06-01 12:00,212.409,,,1935-07-19 12:00,10.392,,,1935-08-28 12:00,212.511,,,1935-10-15 12:00,10.554,,,1935-11-24 12:00,212.612,,,,,,
,,,,1926-11-17 12:00,14.888,,,1926-12-27 12:00,215.167,,,1927-02-13 12:00,15.055,,,1927-03-25 12:00,215.264,,,1927-05-12 12:00,15.218,,,1927-06-21 12:00,215.363,,,1927-08-08 12:00,15.38,,,1927-09-17 12:00,215.461,,,1927-11-04 12:00,15.545,,,1927-12-14 12:00,215.561,,,1928-01-31 12:00,15.713,,,1928-03-11 12:00,215.66,,,1928-04-28 12:00,15.88,,,1928-06-06 12:00,212.64,,,1928-07-25 12:00,16.044,,,1928-09-02 12:00,212.74,,,1928-10-21 12:00,16.208,,,1928-11-29 12:00,212.842,,,1929-01-17 12:00,16.375,,,1929-02-25 12:00,212.944,,,1929-04-15 12:00,16.543,,,1929-05-24 12:00,213.044,,,1929-07-12 12:00,16.71,,,1929-08-20 12:00,213.144,,,1929-10-08 12:00,16.875,,,1929-11-16 12:00,213.243,,,1930-01-04 12:00,17.042,,,1930-02-12 12:00,213.345,,,1930-04-02 12:00,17.21,,,1930-05-11 12:00,213.446,,,1930-06-29 12:00,17.378,,,1930-08-07 12:00,213.547,,,1930-09-25 12:00,17.544,,,1930-11-03 12:00,213.644,,,1930-12-22 12:00,17.71,,,1931-01-30 12:00,213.745,,,1931-03-20 12:00,17.878,,,1931-04-28 12:00,213.844,,,1931-06-16 12:00,18.046,,,1931-07-25 12:00,213.945,,,1931-09-12 12:00,18.215,,,1931-10-21 12:00,214.043,,,1931-12-09 12:00,18.379,,,1932-01-17 12:00,214.143,,,1932-03-06 12:00,18.547,,,1932-04-14 12:00,214.242,,,1932-06-02 12:00,18.715,,,1932-07-11 12:00,214.342,,,1932-08-29 12:00,18.885,,,1932-10-07 12:00,214.44,,,1932-11-25 12:00,19.052,,,1933-01-03 12:00,214.539,,,1933-02-21 12:00,19.218,,,1933-04-01 12:00,214.639,,,1933-05-20 12:00,19.386,,,1933-06-28 12:00,214.739,,,1933-08-16 12:00,19.558,,,1933-09-24 12:00,214.838,,,1933-11-11 12:00,14.423,,,1933-12-21 12:00,214.937,,,1934-02-07 12:00,14.588,,,1934-03-19 12:00,215.036,,,1934-05-06 12:00,14.749,,,1934-06-15 12:00,215.136,,,1934-08-02 12:00,14.916,,,1934-09-11 12:00,215.236,,,1934-10-29 12:00,15.083,,,1934-12-08 12:00,215.336,,,1935-01-25 12:00,15.249,,,1935-03-06 12:00,215.434,,,1935-04-23 12:00,15.413,,,1935-06-02 12:00,215.533,,,1935-07-20 12:00,15.577,,,1935-08-29 12:00,215.633,,,1935-10-16 12:00,15.743,,,1935-11-25 12:00,215.732,,,,,,
,,,,1926-11-18 12:00,20.209,,,1926-12-28 12:00,218.239,,,1927-02-14 12:00,20.381,,,1927-03-26 12:00,218.335,,,1927-05-13 12:00,20.549,,,1927-06-22 12:00,218.432,,,1927-08-09 12:00,20.715,,,1927-09-18 12:00,218.529,,,1927-11-05 12:00,20.885,,,1927-12-15 12:00,218.627,,,1928-02-01 12:00,21.057,,,1928-03-12 12:00,218.724,,,1928-04-29 12:00,21.228,,,1928-06-07 12:00,215.758,,,1928-07-26 12:00,21.398,,,1928-09-03 12:00,215.856,,,1928-10-22 12:00,21.566,,,1928-11-30 12:00,215.955,,,1929-01-18 12:00,21.738,,,1929-02-26 12:00,216.056,,,1929-04-16 12:00,21.911,,,1929-05-25 12:00,216.155,,,1929-07-13 12:00,22.082,,,1929-08-21 12:00,216.253,,,1929-10-09 12:00,22.252,,,1929-11-17 12:00,216.35,,,1930-01-05 12:00,22.423,,,1930-02-13 12:00,216.45,,,1930-04-03 12:00,22.596,,,1930-05-12 12:00,216.549,,,1930-06-30 12:00,22.769,,,1930-08-08 12:00,216.648,,,1930-09-26 12:00,22.939,,,1930-11-04 12:00,216.744,,,1930-12-23 12:00,23.11,,,1931-01-31 12:00,216.843,,,1931-03-21 12:00,23.282,,,1931-04-29 12:00,216.941,,,1931-06-17 12:00,23.455,,,1931-07-26 12:00,217.04,,,1931-09-13 12:00,23.628,,,1931-10-22 12:00,217.137,,,1931-12-10 12:00,23.796,,,1932-01-18 12:00,217.234,,,1932-03-07 12:00,23.969,,,1932-04-15 12:00,217.332,,,1932-06-03 12:00,24.142,,,1932-07-12 12:00,217.43,,,1932-08-30 12:00,24.317,,,1932-10-08 12:00,217.527,,,1932-11-26 12:00,24.488,,,1933-01-04 12:00,217.624,,,1933-02-22 12:00,24.659,,,1933-04-02 12:00,217.722,,,1933-05-21 12:00,24.832,,,1933-06-29 12:00,217.821,,,1933-08-17 12:00,25.008,,,1933-09-25 12:00,217.918,,,1933-11-12 12:00,19.728,,,1933-12-22 12:00,218.016,,,1934-02-08 12:00,19.896,,,1934-03-20 12:00,218.113,,,1934-05-07 12:00,20.063,,,1934-06-16 12:00,218.211,,,1934-08-03 12:00,20.234,,,1934-09-12 12:00,218.31,,,1934-10-30 12:00,20.406,,,1934-12-09 12:00,218.408,,,1935-01-26 12:00,20.577,,,1935-03-07 12:00,218.505,,,1935-04-24 12:00,20.745,,,1935-06-03 12:00,218.602,,,1935-07-21 12:00,20.914,,,1935-08-30 12:00,218.7,,,1935-10-17 12:00,21.085,,,1935-11-26 12:00,218.798,,,,,,
,,,,1926-11-19 12:00,25.68,,,1926-12-29 12:00,221.262,,,1927-02-15 12:00,25.856,,,1927-03-27 12:00,221.356,,,1927-05-14 12:00,26.029,,,1927-06-23 12:00,221.451,,,1927-08-10 12:00,26.2,,,1927-09-19 12:00,221.547,,,1927-11-06 12:00,26.374,,,1927-12-16 12:00,221.643,,,1928-02-02 12:00,26.552,,,1928-03-13 12:00,221.739,,,1928-04-30 12:00,26.727,,,1928-06-08 12:00,218.821,,,1928-07-27 12:00,26.901,,,1928-09-04 12:00,218.917,,,1928-10-23 12:00,27.073,,,1928-12-01 12:00,219.015,,,1929-01-19 12:00,27.251,,,1929-02-27 12:00,219.114,,,1929-04-17 12:00,27.428,,,1929-05-26 12:00,219.211,,,1929-07-14 12:00,27.604,,,1929-08-22 12:00,219.308,,,1929-10-10 12:00,27.778,,,1929-11-18 12:00,219.404,,,1930-01-06 12:00,27.953,,,1930-02-14 12:00,219.502,,,1930-04-04 12:00,28.131,,,1930-05-13 12:00,219.599,,,1930-07-01 12:00,28.308,,,1930-08-09 12:00,219.697,,,1930-09-27 12:00,28.483,,,1930-11-05 12:00,219.792,,,1930-12-24 12:00,28.658,,,1931-02-01 12:00,219.889,,,1931-03-22 12:00,28.835,,,1931-04-30 12:00,219.985,,,1931-06-18 12:00,29.012,,,1931-07-27 12:00,220.082,,,1931-09-14 12:00,29.19,,,1931-10-23 12:00,220.178,,,1931-12-11 12:00,29.362,,,1932-01-19 12:00,220.274,,,1932-03-08 12:00,29.539,,,1932-04-16 12:00,220.37,,,1932-06-04 12:00,29.717,,,1932-07-13 12:00,220.467,,,1932-08-31 12:00,29.896,,,1932-10-09 12:00,220.562,,,1932-11-27 12:00,30.072,,,1933-01-05 12:00,220.658,,,1933-02-23 12:00,30.247,,,1933-04-03 12:00,220.754,,,1933-05-22 12:00,30.424,,,1933-06-30 12:00,220.851,,,1933-08-18 12:00,30.605,,,1933-09-26 12:00,220.948,,,1933-11-13 12:00,25.182,,,1933-12-23 12:00,221.043,,,1934-02-09 12:00,25.356,,,1934-03-21 12:00,221.139,,,1934-05-08 12:00,25.527,,,1934-06-17 12:00,221.236,,,1934-08-04 12:00,25.703,,,1934-09-13 12:00,221.333,,,1934-10-31 12:00,25.879,,,1934-12-10 12:00,221.43,,,1935-01-27 12:00,26.054,,,1935-03-08 12:00,221.525,,,1935-04-25 12:00,26.227,,,1935-06-04 12:00,221.62,,,1935-07-22 12:00,26.401,,,1935-08-31 12:00,221.717,,,1935-10-18 12:00,26.577,,,1935-11-27 12:00,221.814,,,,,,
,,,,1926-11-20 12:00,31.298,,,1926-12-30 12:00,224.239,,,1927-02-16 12:00,31.478,,,1927-03-28 12:00,224.332,,,1927-05-15 12:00,31.655,,,1927-06-24 12:00,224.426,,,1927-08-11 12:00,31.83,,,1927-09-20 12:00,224.52,,,1927-11-07 12:00,32.009,,,1927-12-17 12:00,224.615,,,1928-02-03 12:00,32.191,,,1928-03-14 12:00,224.71,,,1928-05-01 12:00,32.371,,,1928-06-09 12:00,221.834,,,1928-07-28 12:00,32.549,,,1928-09-05 12:00,221.929,,,1928-10-24 12:00,32.726,,,1928-12-02 12:00,222.026,,,1929-01-20 12:00,32.908,,,1929-02-28 12:00,222.123,,,1929-04-18 12:00,33.09,,,1929-05-27 12:00,222.219,,,1929-07-15 12:00,33.269,,,1929-08-23 12:00,222.314,,,1929-10-11 12:00,33.448,,,1929-11-19 12:00,222.409,,,1930-01-07 12:00,33.628,,,1930-02-15 12:00,222.506,,,1930-04-05 12:00,33.81,,,1930-05-14 12:00,222.601,,,1930-07-02 12:00,33.991,,,1930-08-10 12:00,222.698,,,1930-09-28 12:00,34.17,,,1930-11-06 12:00,222.791,,,1930-12-25 12:00,34.349,,,1931-02-02 12:00,222.887,,,1931-03-23 12:00,34.531,,,1931-05-01 12:00,222.982,,,1931-06-19 12:00,34.712,,,1931-07-28 12:00,223.078,,,1931-09-15 12:00,34.894,,,1931-10-24 12:00,223.172,,,1931-12-12 12:00,35.071,,,1932-01-20 12:00,223.267,,,1932-03-09 12:00,35.252,,,1932-04-17 12:00,223.361,,,1932-06-05 12:00,35.434,,,1932-07-14 12:00,223.457,,,1932-09-01 12:00,35.617,,,1932-10-10 12:00,223.55,,,1932-11-28 12:00,35.798,,,1933-01-06 12:00,223.645,,,1933-02-24 12:00,35.976,,,1933-04-04 12:00,223.74,,,1933-05-23 12:00,36.158,,,1933-07-01 12:00,223.836,,,1933-08-19 12:00,36.343,,,1933-09-27 12:00,223.931,,,1933-11-14 12:00,30.784,,,1933-12-24 12:00,224.025,,,1934-02-10 12:00,30.962,,,1934-03-22 12:00,224.119,,,1934-05-09 12:00,31.137,,,1934-06-18 12:00,224.215,,,1934-08-05 12:00,31.318,,,1934-09-14 12:00,224.311,,,1934-11-01 12:00,31.498,,,1934-12-11 12:00,224.406,,,1935-01-28 12:00,31.678,,,1935-03-09 12:00,224.5,,,1935-04-26 12:00,31.855,,,1935-06-05 12:00,224.594,,,1935-07-23 12:00,32.033,,,1935-09-01 12:00,224.69,,,1935-10-19 12:00,32.214,,,1935-11-28 12:00,224.785,,,,,,
,,,,1926-11-21 12:00,37.055,,,1926-12-31 12:00,227.175,,,1927-02-17 12:00,37.24,,,1927-03-29 12:00,227.267,,,1927-05-16 12:00,37.421,,,1927-06-25 12:00,227.359,,,1927-08-12 12:00,37.6,,,1927-09-21 12:00,227.453,,,1927-11-08 12:00,37.783,,,1927-12-18 12:00,227.546,,,1928-02-04 12:00,37.969,,,1928-03-15 12:00,227.64,,,1928-05-02 12:00,38.153,,,1928-06-10 12:00,224.803,,,1928-07-29 12:00,38.336,,,1928-09-06 12:00,224.897,,,1928-10-25 12:00,38.517,,,1928-12-03 12:00,224.992,,,1929-01-21 12:00,38.703,,,1929-03-01 12:00,225.088,,,1929-04-19 12:00,38.888,,,1929-05-28 12:00,225.183,,,1929-07-16 12:00,39.072,,,1929-08-24 12:00,225.277,,,1929-10-12 12:00,39.255,,,1929-11-20 12:00,225.37,,,1930-01-08 12:00,39.439,,,1930-02-16 12:00,225.466,,,1930-04-06 12:00,39.625,,,1930-05-15 12:00,225.56,,,1930-07-03 12:00,39.81,,,1930-08-11 12:00,225.655,,,1930-09-29 12:00,39.993,,,1930-11-07 12:00,225.747,,,1930-12-26 12:00,40.176,,,1931-02-03 12:00,225.842,,,1931-03-24 12:00,40.362,,,1931-05-02 12:00,225.935,,,1931-06-20 12:00,40.547,,,1931-07-29 12:00,226.03,,,1931-09-16 12:00,40.733,,,1931-10-25 12:00,226.123,,,1931-12-13 12:00,40.913,,,1932-01-21 12:00,226.217,,,1932-03-10 12:00,41.098,,,1932-04-18 12:00,226.31,,,1932-06-06 12:00,41.285,,,1932-07-15 12:00,226.404,,,1932-09-02 12:00,41.472,,,1932-10-11 12:00,226.497,,,1932-11-29 12:00,41.656,,,1933-01-07 12:00,226.59,,,1933-02-25 12:00,41.839,,,1933-04-05 12:00,226.684,,,1933-05-24 12:00,42.025,,,1933-07-02 12:00,226.779,,,1933-08-20 12:00,42.214,,,1933-09-28 12:00,226.872,,,1933-11-15 12:00,36.526,,,1933-12-25 12:00,226.965,,,1934-02-11 12:00,36.708,,,1934-03-23 12:00,227.058,,,1934-05-10 12:00,36.888,,,1934-06-19 12:00,227.153,,,1934-08-06 12:00,37.073,,,1934-09-15 12:00,227.247,,,1934-11-02 12:00,37.258,,,1934-12-12 12:00,227.342,,,1935-01-29 12:00,37.441,,,1935-03-10 12:00,227.434,,,1935-04-27 12:00,37.623,,,1935-06-06 12:00,227.527,,,1935-07-24 12:00,37.805,,,1935-09-02 12:00,227.622,,,1935-10-20 12:00,37.99,,,1935-11-29 12:00,227.715,,,,,,
,,,,1926-11-22 12:00,42.944,,,1927-01-01 12:00,230.074,,,1927-02-18 12:00,43.132,,,1927-03-30 12:00,230.165,,,1927-05-17 12:00,43.317,,,1927-06-26 12:00,230.257,,,1927-08-13 12:00,43.5,,,1927-09-22 12:00,230.349,,,1927-11-09 12:00,43.687,,,1927-12-19 12:00,230.441,,,1928-02-05 12:00,43.877,,,1928-03-16 12:00,230.534,,,1928-05-03 12:00,44.064,,,1928-06-11 12:00,227.732,,,1928-07-30 12:00,44.25,,,1928-09-07 12:00,227.825,,,1928-10-26 12:00,44.435,,,1928-12-04 12:00,227.919,,,1929-01-22 12:00,44.625,,,1929-03-02 12:00,228.013,,,1929-04-20 12:00,44.815,,,1929-05-29 12:00,228.107,,,1929-07-17 12:00,45.002,,,1929-08-25 12:00,228.2,,,1929-10-13 12:00,45.188,,,1929-11-21 12:00,228.292,,,1930-01-09 12:00,45.376,,,1930-02-17 12:00,228.387,,,1930-04-07 12:00,45.566,,,1930-05-16 12:00,228.48,,,1930-07-04 12:00,45.755,,,1930-08-12 12:00,228.574,,,1930-09-30 12:00,45.941,,,1930-11-08 12:00,228.665,,,1930-12-27 12:00,46.128,,,1931-02-04 12:00,228.758,,,1931-03-25 12:00,46.317,,,1931-05-03 12:00,228.851,,,1931-06-21 12:00,46.506,,,1931-07-30 12:00,228.944,,,1931-09-17 12:00,46.695,,,1931-10-26 12:00,229.036,,,1931-12-14 12:00,46.879,,,1932-01-22 12:00,229.129,,,1932-03-11 12:00,47.068,,,1932-04-19 12:00,229.221,,,1932-06-07 12:00,47.258,,,1932-07-16 12:00,229.314,,,1932-09-03 12:00,47.449,,,1932-10-12 12:00,229.405,,,1932-11-30 12:00,47.636,,,1933-01-08 12:00,229.498,,,1933-02-26 12:00,47.822,,,1933-04-06 12:00,229.591,,,1933-05-25 12:00,48.012,,,1933-07-03 12:00,229.684,,,1933-08-21 12:00,48.204,,,1933-09-29 12:00,229.777,,,1933-11-16 12:00,42.4,,,1933-12-26 12:00,229.869,,,1934-02-12 12:00,42.586,,,1934-03-24 12:00,229.961,,,1934-05-11 12:00,42.77,,,1934-06-20 12:00,230.054,,,1934-08-07 12:00,42.959,,,1934-09-16 12:00,230.147,,,1934-11-03 12:00,43.147,,,1934-12-13 12:00,230.24,,,1935-01-30 12:00,43.335,,,1935-03-11 12:00,230.332,,,1935-04-28 12:00,43.52,,,1935-06-07 12:00,230.424,,,1935-07-25 12:00,43.706,,,1935-09-03 12:00,230.517,,,1935-10-21 12:00,43.895,,,1935-11-30 12:00,230.61,,,,,,
,,,,1926-11-23 12:00,48.95,,,1927-01-02 12:00,232.941,,,1927-02-19 12:00,49.142,,,1927-03-31 12:00,233.031,,,1927-05-18 12:00,49.33,,,1927-06-27 12:00,233.122,,,1927-08-14 12:00,49.517,,,1927-09-23 12:00,233.213,,,1927-11-10 12:00,49.707,,,1927-12-20 12:00,233.305,,,1928-02-06 12:00,49.9,,,1928-03-17 12:00,233.396,,,1928-05-04 12:00,50.091,,,1928-06-12 12:00,230.625,,,1928-07-31 12:00,50.281,,,1928-09-08 12:00,230.717,,,1928-10-27 12:00,50.469,,,1928-12-05 12:00,230.81,,,1929-01-23 12:00,50.662,,,1929-03-03 12:00,230.903,,,1929-04-21 12:00,50.855,,,1929-05-30 12:00,230.996,,,1929-07-18 12:00,51.046,,,1929-08-26 12:00,231.088,,,1929-10-14 12:00,51.235,,,1929-11-22 12:00,231.179,,,1930-01-10 12:00,51.426,,,1930-02-18 12:00,231.272,,,1930-04-08 12:00,51.62,,,1930-05-17 12:00,231.365,,,1930-07-05 12:00,51.812,,,1930-08-13 12:00,231.458,,,1930-10-01 12:00,52.001,,,1930-11-09 12:00,231.548,,,1930-12-28 12:00,52.19,,,1931-02-05 12:00,231.64,,,1931-03-26 12:00,52.383,,,1931-05-04 12:00,231.732,,,1931-06-22 12:00,52.576,,,1931-07-31 12:00,231.824,,,1931-09-18 12:00,52.768,,,1931-10-27 12:00,231.915,,,1931-12-15 12:00,52.955,,,1932-01-23 12:00,232.007,,,1932-03-12 12:00,53.146,,,1932-04-20 12:00,232.098,,,1932-06-08 12:00,53.339,,,1932-07-17 12:00,232.19,,,1932-09-04 12:00,53.533,,,1932-10-13 12:00,232.281,,,1932-12-01 12:00,53.724,,,1933-01-09 12:00,232.372,,,1933-02-27 12:00,53.913,,,1933-04-07 12:00,232.464,,,1933-05-26 12:00,54.106,,,1933-07-04 12:00,232.556,,,1933-08-22 12:00,54.301,,,1933-09-30 12:00,232.648,,,1933-11-17 12:00,48.395,,,1933-12-27 12:00,232.739,,,1934-02-13 12:00,48.584,,,1934-03-25 12:00,232.83,,,1934-05-12 12:00,48.772,,,1934-06-21 12:00,232.922,,,1934-08-08 12:00,48.964,,,1934-09-17 12:00,233.015,,,1934-11-04 12:00,49.156,,,1934-12-14 12:00,233.107,,,1935-01-31 12:00,49.347,,,1935-03-12 12:00,233.198,,,1935-04-29 12:00,49.535,,,1935-06-08 12:00,233.289,,,1935-07-26 12:00,49.725,,,1935-09-04 12:00,233.381,,,1935-10-22 12:00,49.917,,,1935-12-01 12:00,233.473,,,,,,
,,,,1926-11-24 12:00,55.06,,,1927-01-03 12:00,235.78,,,1927-02-20 12:00,55.255,,,1927-04-01 12:00,235.869,,,1927-05-19 12:00,55.446,,,1927-06-28 12:00,235.959,,,1927-08-15 12:00,55.635,,,1927-09-24 12:00,236.05,,,1927-11-11 12:00,55.829,,,1927-12-21 12:00,236.14,,,1928-02-07 12:00,56.025,,,1928-03-18 12:00,236.231,,,1928-05-05 12:00,56.219,,,1928-06-13 12:00,233.487,,,1928-08-01 12:00,56.411,,,1928-09-09 12:00,233.578,,,1928-10-28 12:00,56.602,,,1928-12-06 12:00,233.67,,,1929-01-24 12:00,56.798,,,1929-03-04 12:00,233.762,,,1929-04-22 12:00,56.994,,,1929-05-31 12:00,233.854,,,1929-07-19 12:00,57.187,,,1929-08-27 12:00,233.945,,,1929-10-15 12:00,57.379,,,1929-11-23 12:00,234.035,,,1930-01-11 12:00,57.573,,,1930-02-19 12:00,234.128,,,1930-04-09 12:00,57.769,,,1930-05-18 12:00,234.219,,,1930-07-06 12:00,57.964,,,1930-08-14 12:00,234.311,,,1930-10-02 12:00,58.155,,,1930-11-10 12:00,234.401,,,1930-12-29 12:00,58.348,,,1931-02-06 12:00,234.492,,,1931-03-27 12:00,58.543,,,1931-05-05 12:00,234.583,,,1931-06-23 12:00,58.738,,,1931-08-01 12:00,234.674,,,1931-09-19 12:00,58.933,,,1931-10-28 12:00,234.764,,,1931-12-16 12:00,59.122,,,1932-01-24 12:00,234.856,,,1932-03-13 12:00,59.316,,,1932-04-21 12:00,234.945,,,1932-06-09 12:00,59.512,,,1932-07-18 12:00,235.037,,,1932-09-05 12:00,59.708,,,1932-10-14 12:00,235.126,,,1932-12-02 12:00,59.901,,,1933-01-10 12:00,235.217,,,1933-02-28 12:00,60.092,,,1933-04-08 12:00,235.308,,,1933-05-27 12:00,60.288,,,1933-07-05 12:00,235.4,,,1933-08-23 12:00,60.486,,,1933-10-01 12:00,235.49,,,1933-11-18 12:00,54.494,,,1933-12-28 12:00,235.581,,,1934-02-14 12:00,54.687,,,1934-03-26 12:00,235.671,,,1934-05-13 12:00,54.877,,,1934-06-22 12:00,235.762,,,1934-08-09 12:00,55.073,,,1934-09-18 12:00,235.854,,,1934-11-05 12:00,55.267,,,1934-12-15 12:00,235.945,,,1935-02-01 12:00,55.461,,,1935-03-13 12:00,236.036,,,1935-04-30 12:00,55.652,,,1935-06-09 12:00,236.126,,,1935-07-27 12:00,55.845,,,1935-09-05 12:00,236.217,,,1935-10-23 12:00,56.04,,,1935-12-02 12:00,236.308,,,,,,
,,,,1926-11-25 12:00,61.256,,,1927-01-04 12:00,238.594,,,1927-02-21 12:00,61.453,,,1927-04-02 12:00,238.683,,,1927-05-20 12:00,61.646,,,1927-06-29 12:00,238.772,,,1927-08-16 12:00,61.838,,,1927-09-25 12:00,238.862,,,1927-11-12 12:00,62.034,,,1927-12-22 12:00,238.952,,,1928-02-08 12:00,62.232,,,1928-03-19 12:00,239.042,,,1928-05-06 12:00,62.428,,,1928-06-14 12:00,236.321,,,1928-08-02 12:00,62.622,,,1928-09-10 12:00,236.411,,,1928-10-29 12:00,62.816,,,1928-12-07 12:00,236.502,,,1929-01-25 12:00,63.015,,,1929-03-05 12:00,236.594,,,1929-04-23 12:00,63.212,,,1929-06-01 12:00,236.685,,,1929-07-20 12:00,63.407,,,1929-08-28 12:00,236.775,,,1929-10-16 12:00,63.601,,,1929-11-24 12:00,236.864,,,1930-01-12 12:00,63.798,,,1930-02-20 12:00,236.956,,,1930-04-10 12:00,63.996,,,1930-05-19 12:00,237.047,,,1930-07-07 12:00,64.192,,,1930-08-15 12:00,237.138,,,1930-10-03 12:00,64.386,,,1930-11-11 12:00,237.227,,,1930-12-30 12:00,64.58,,,1931-02-07 12:00,237.318,,,1931-03-28 12:00,64.777,,,1931-05-06 12:00,237.407,,,1931-06-24 12:00,64.974,,,1931-08-02 12:00,237.498,,,1931-09-20 12:00,65.171,,,1931-10-29 12:00,237.588,,,1931-12-17 12:00,65.362,,,1932-01-25 12:00,237.678,,,1932-03-14 12:00,65.558,,,1932-04-22 12:00,237.767,,,1932-06-10 12:00,65.755,,,1932-07-19 12:00,237.858,,,1932-09-06 12:00,65.953,,,1932-10-15 12:00,237.947,,,1932-12-03 12:00,66.149,,,1933-01-11 12:00,238.037,,,1933-03-01 12:00,66.342,,,1933-04-09 12:00,238.127,,,1933-05-28 12:00,66.539,,,1933-07-06 12:00,238.218,,,1933-08-24 12:00,66.739,,,1933-10-02 12:00,238.308,,,1933-11-19 12:00,60.682,,,1933-12-29 12:00,238.398,,,1934-02-15 12:00,60.876,,,1934-03-27 12:00,238.487,,,1934-05-14 12:00,61.069,,,1934-06-23 12:00,238.578,,,1934-08-10 12:00,61.267,,,1934-09-19 12:00,238.669,,,1934-11-06 12:00,61.464,,,1934-12-16 12:00,238.759,,,1935-02-02 12:00,61.66,,,1935-03-14 12:00,238.849,,,1935-05-01 12:00,61.854,,,1935-06-10 12:00,238.938,,,1935-07-28 12:00,62.049,,,1935-09-06 12:00,239.029,,,1935-10-24 12:00,62.246,,,1935-12-03 12:00,239.119,,,,,,
,,,,1926-11-26 12:00,67.517,,,1927-01-05 12:00,241.388,,,1927-02-22 12:00,67.715,,,1927-04-03 12:00,241.476,,,1927-05-21 12:00,67.91,,,1927-06-30 12:00,241.565,,,1927-08-17 12:00,68.103,,,1927-09-26 12:00,241.654,,,1927-11-13 12:00,68.301,,,1927-12-23 12:00,241.743,,,1928-02-09 12:00,68.501,,,1928-03-20 12:00,241.833,,,1928-05-07 12:00,68.698,,,1928-06-15 12:00,239.131,,,1928-08-03 12:00,68.894,,,1928-09-11 12:00,239.22,,,1928-10-30 12:00,69.089,,,1928-12-08 12:00,239.311,,,1929-01-26 12:00,69.29,,,1929-03-06 12:00,239.402,,,1929-04-24 12:00,69.489,,,1929-06-02 12:00,239.492,,,1929-07-21 12:00,69.685,,,1929-08-29 12:00,239.582,,,1929-10-17 12:00,69.88,,,1929-11-25 12:00,239.671,,,1930-01-13 12:00,70.078,,,1930-02-21 12:00,239.762,,,1930-04-11 12:00,70.278,,,1930-05-20 12:00,239.852,,,1930-07-08 12:00,70.476,,,1930-08-16 12:00,239.942,,,1930-10-04 12:00,70.67,,,1930-11-12 12:00,240.031,,,1930-12-31 12:00,70.866,,,1931-02-08 12:00,240.121,,,1931-03-29 12:00,71.064,,,1931-05-07 12:00,240.21,,,1931-06-25 12:00,71.263,,,1931-08-03 12:00,240.3,,,1931-09-21 12:00,71.46,,,1931-10-30 12:00,240.389,,,1931-12-18 12:00,71.652,,,1932-01-26 12:00,240.479,,,1932-03-15 12:00,71.85,,,1932-04-23 12:00,240.567,,,1932-06-11 12:00,72.048,,,1932-07-20 12:00,240.658,,,1932-09-07 12:00,72.248,,,1932-10-16 12:00,240.746,,,1932-12-04 12:00,72.444,,,1933-01-12 12:00,240.835,,,1933-03-02 12:00,72.638,,,1933-04-10 12:00,240.924,,,1933-05-29 12:00,72.837,,,1933-07-07 12:00,241.015,,,1933-08-25 12:00,73.037,,,1933-10-03 12:00,241.104,,,1933-11-20 12:00,66.936,,,1933-12-30 12:00,241.193,,,1934-02-16 12:00,67.132,,,1934-03-28 12:00,241.282,,,1934-05-15 12:00,67.328,,,1934-06-24 12:00,241.372,,,1934-08-11 12:00,67.527,,,1934-09-20 12:00,241.463,,,1934-11-07 12:00,67.726,,,1934-12-17 12:00,241.553,,,1935-02-03 12:00,67.923,,,1935-03-15 12:00,241.642,,,1935-05-02 12:00,68.118,,,1935-06-11 12:00,241.73,,,1935-07-29 12:00,68.315,,,1935-09-07 12:00,241.821,,,1935-10-25 12:00,68.514,,,1935-12-04 12:00,241.91,,,,,,
,,,,1926-11-27 12:00,73.82,,,1927-01-06 12:00,244.165,,,1927-02-23 12:00,74.019,,,1927-04-04 12:00,244.252,,,1927-05-22 12:00,74.215,,,1927-07-01 12:00,244.341,,,1927-08-18 12:00,74.409,,,1927-09-27 12:00,244.429,,,1927-11-14 12:00,74.608,,,1927-12-24 12:00,244.518,,,1928-02-10 12:00,74.808,,,1928-03-21 12:00,244.607,,,1928-05-08 12:00,75.006,,,1928-06-16 12:00,241.921,,,1928-08-04 12:00,75.203,,,1928-09-12 12:00,242.01,,,1928-10-31 12:00,75.399,,,1928-12-09 12:00,242.1,,,1929-01-27 12:00,75.6,,,1929-03-07 12:00,242.191,,,1929-04-25 12:00,75.8,,,1929-06-03 12:00,242.28,,,1929-07-22 12:00,75.997,,,1929-08-30 12:00,242.369,,,1929-10-18 12:00,76.193,,,1929-11-26 12:00,242.457,,,1930-01-14 12:00,76.392,,,1930-02-22 12:00,242.548,,,1930-04-12 12:00,76.592,,,1930-05-21 12:00,242.638,,,1930-07-09 12:00,76.79,,,1930-08-17 12:00,242.728,,,1930-10-05 12:00,76.985,,,1930-11-13 12:00,242.816,,,1931-01-01 12:00,77.181,,,1931-02-09 12:00,242.905,,,1931-03-30 12:00,77.38,,,1931-05-08 12:00,242.994,,,1931-06-26 12:00,77.579,,,1931-08-04 12:00,243.084,,,1931-09-22 12:00,77.777,,,1931-10-31 12:00,243.172,,,1931-12-19 12:00,77.97,,,1932-01-27 12:00,243.261,,,1932-03-16 12:00,78.167,,,1932-04-24 12:00,243.349,,,1932-06-12 12:00,78.367,,,1932-07-21 12:00,243.439,,,1932-09-08 12:00,78.566,,,1932-10-17 12:00,243.527,,,1932-12-05 12:00,78.763,,,1933-01-13 12:00,243.616,,,1933-03-03 12:00,78.957,,,1933-04-11 12:00,243.704,,,1933-05-30 12:00,79.156,,,1933-07-08 12:00,243.794,,,1933-08-26 12:00,79.357,,,1933-10-04 12:00,243.883,,,1933-11-21 12:00,73.236,,,1933-12-31 12:00,243.972,,,1934-02-17 12:00,73.433,,,1934-03-29 12:00,244.06,,,1934-05-16 12:00,73.629,,,1934-06-25 12:00,244.15,,,1934-08-12 12:00,73.83,,,1934-09-21 12:00,244.24,,,1934-11-08 12:00,74.029,,,1934-12-18 12:00,244.329,,,1935-02-04 12:00,74.228,,,1935-03-16 12:00,244.418,,,1935-05-03 12:00,74.424,,,1935-06-12 12:00,244.506,,,1935-07-30 12:00,74.622,,,1935-09-08 12:00,244.596,,,1935-10-26 12:00,74.821,,,1935-12-05 12:00,244.685,,,,,,
,,,,1926-11-28 12:00,80.14,,,1927-01-07 12:00,246.928,,,1927-02-24 12:00,80.34,,,1927-04-05 12:00,247.015,,,1927-05-23 12:00,80.536,,,1927-07-02 12:00,247.103,,,1927-08-19 12:00,80.73,,,1927-09-28 12:00,247.191,,,1927-11-15 12:00,80.929,,,1927-12-25 12:00,247.28,,,1928-02-11 12:00,81.13,,,1928-03-22 12:00,247.369,,,1928-05-09 12:00,81.328,,,1928-06-17 12:00,244.695,,,1928-08-05 12:00,81.524,,,1928-09-13 12:00,244.784,,,1928-11-01 12:00,81.721,,,1928-12-10 12:00,244.873,,,1929-01-28 12:00,81.922,,,1929-03-08 12:00,244.963,,,1929-04-26 12:00,82.122,,,1929-06-04 12:00,245.052,,,1929-07-23 12:00,82.318,,,1929-08-31 12:00,245.141,,,1929-10-19 12:00,82.514,,,1929-11-27 12:00,245.229,,,1930-01-15 12:00,82.713,,,1930-02-23 12:00,245.319,,,1930-04-13 12:00,82.913,,,1930-05-22 12:00,245.408,,,1930-07-10 12:00,83.111,,,1930-08-18 12:00,245.498,,,1930-10-06 12:00,83.305,,,1930-11-14 12:00,245.585,,,1931-01-02 12:00,83.502,,,1931-02-10 12:00,245.674,,,1931-03-31 12:00,83.7,,,1931-05-09 12:00,245.763,,,1931-06-27 12:00,83.899,,,1931-08-05 12:00,245.852,,,1931-09-23 12:00,84.097,,,1931-11-01 12:00,245.94,,,1931-12-20 12:00,84.289,,,1932-01-28 12:00,246.029,,,1932-03-17 12:00,84.486,,,1932-04-25 12:00,246.117,,,1932-06-13 12:00,84.685,,,1932-07-22 12:00,246.206,,,1932-09-09 12:00,84.884,,,1932-10-18 12:00,246.293,,,1932-12-06 12:00,85.08,,,1933-01-14 12:00,246.382,,,1933-03-04 12:00,85.274,,,1933-04-12 12:00,246.47,,,1933-05-31 12:00,85.473,,,1933-07-09 12:00,246.56,,,1933-08-27 12:00,85.673,,,1933-10-05 12:00,246.648,,,1933-11-22 12:00,79.556,,,1934-01-01 12:00,246.737,,,1934-02-18 12:00,79.753,,,1934-03-30 12:00,246.824,,,1934-05-17 12:00,79.95,,,1934-06-26 12:00,246.914,,,1934-08-13 12:00,80.151,,,1934-09-22 12:00,247.003,,,1934-11-09 12:00,80.351,,,1934-12-19 12:00,247.093,,,1935-02-05 12:00,80.549,,,1935-03-17 12:00,247.181,,,1935-05-04 12:00,80.745,,,1935-06-13 12:00,247.268,,,1935-07-31 12:00,80.943,,,1935-09-09 12:00,247.358,,,1935-10-27 12:00,81.143,,,1935-12-06 12:00,247.447,,,,,,
,,,,1926-11-29 12:00,86.454,,,1927-01-08 12:00,249.682,,,1927-02-25 12:00,86.652,,,1927-04-06 12:00,249.769,,,1927-05-24 12:00,86.848,,,1927-07-03 12:00,249.856,,,1927-08-20 12:00,87.042,,,1927-09-29 12:00,249.944,,,1927-11-16 12:00,87.24,,,1927-12-26 12:00,250.033,,,1928-02-12 12:00,87.44,,,1928-03-23 12:00,250.121,,,1928-05-10 12:00,87.637,,,1928-06-18 12:00,247.457,,,1928-08-06 12:00,87.833,,,1928-09-14 12:00,247.545,,,1928-11-02 12:00,88.029,,,1928-12-11 12:00,247.634,,,1929-01-29 12:00,88.229,,,1929-03-09 12:00,247.723,,,1929-04-27 12:00,88.428,,,1929-06-05 12:00,247.812,,,1929-07-24 12:00,88.624,,,1929-09-01 12:00,247.901,,,1929-10-20 12:00,88.819,,,1929-11-28 12:00,247.988,,,1930-01-16 12:00,89.017,,,1930-02-24 12:00,248.078,,,1930-04-14 12:00,89.216,,,1930-05-23 12:00,248.167,,,1930-07-11 12:00,89.413,,,1930-08-19 12:00,248.256,,,1930-10-07 12:00,89.606,,,1930-11-15 12:00,248.344,,,1931-01-03 12:00,89.802,,,1931-02-11 12:00,248.432,,,1931-04-01 12:00,89.999,,,1931-05-10 12:00,248.52,,,1931-06-28 12:00,90.197,,,1931-08-06 12:00,248.609,,,1931-09-24 12:00,90.393,,,1931-11-02 12:00,248.697,,,1931-12-21 12:00,90.584,,,1932-01-29 12:00,248.786,,,1932-03-18 12:00,90.781,,,1932-04-26 12:00,248.873,,,1932-06-14 12:00,90.978,,,1932-07-23 12:00,248.962,,,1932-09-10 12:00,91.176,,,1932-10-19 12:00,249.049,,,1932-12-07 12:00,91.371,,,1933-01-15 12:00,249.138,,,1933-03-05 12:00,91.564,,,1933-04-13 12:00,249.226,,,1933-06-01 12:00,91.762,,,1933-07-10 12:00,249.315,,,1933-08-28 12:00,91.961,,,1933-10-06 12:00,249.403,,,1933-11-23 12:00,85.871,,,1934-01-02 12:00,249.491,,,1934-02-19 12:00,86.068,,,1934-03-31 12:00,249.578,,,1934-05-18 12:00,86.265,,,1934-06-27 12:00,249.668,,,1934-08-14 12:00,86.465,,,1934-09-23 12:00,249.757,,,1934-11-10 12:00,86.664,,,1934-12-20 12:00,249.846,,,1935-02-06 12:00,86.862,,,1935-03-18 12:00,249.934,,,1935-05-05 12:00,87.057,,,1935-06-14 12:00,250.021,,,1935-08-01 12:00,87.255,,,1935-09-10 12:00,250.111,,,1935-10-28 12:00,87.454,,,1935-12-07 12:00,250.199,,,,,,
,,,,1926-11-30 12:00,92.735,,,1927-01-09 12:00,252.429,,,1927-02-26 12:00,92.932,,,1927-04-07 12:00,252.516,,,1927-05-25 12:00,93.126,,,1927-07-04 12:00,252.603,,,1927-08-21 12:00,93.319,,,1927-09-30 12:00,252.691,,,1927-11-17 12:00,93.516,,,1927-12-27 12:00,252.78,,,1928-02-13 12:00,93.714,,,1928-03-24 12:00,252.868,,,1928-05-11 12:00,93.91,,,1928-06-19 12:00,250.209,,,1928-08-07 12:00,94.104,,,1928-09-15 12:00,250.296,,,1928-11-03 12:00,94.299,,,1928-12-12 12:00,250.385,,,1929-01-30 12:00,94.497,,,1929-03-10 12:00,250.475,,,1929-04-28 12:00,94.695,,,1929-06-06 12:00,250.563,,,1929-07-25 12:00,94.889,,,1929-09-02 12:00,250.652,,,1929-10-21 12:00,95.082,,,1929-11-29 12:00,250.739,,,1930-01-17 12:00,95.279,,,1930-02-25 12:00,250.829,,,1930-04-15 12:00,95.476,,,1930-05-24 12:00,250.917,,,1930-07-12 12:00,95.672,,,1930-08-20 12:00,251.007,,,1930-10-08 12:00,95.863,,,1930-11-16 12:00,251.093,,,1931-01-04 12:00,96.056,,,1931-02-12 12:00,251.182,,,1931-04-02 12:00,96.252,,,1931-05-11 12:00,251.27,,,1931-06-29 12:00,96.448,,,1931-08-07 12:00,251.359,,,1931-09-25 12:00,96.642,,,1931-11-03 12:00,251.446,,,1931-12-22 12:00,96.832,,,1932-01-30 12:00,251.535,,,1932-03-19 12:00,97.026,,,1932-04-27 12:00,251.622,,,1932-06-15 12:00,97.222,,,1932-07-24 12:00,251.711,,,1932-09-11 12:00,97.418,,,1932-10-20 12:00,251.798,,,1932-12-08 12:00,97.611,,,1933-01-16 12:00,251.886,,,1933-03-06 12:00,97.802,,,1933-04-14 12:00,251.974,,,1933-06-02 12:00,97.998,,,1933-07-11 12:00,252.063,,,1933-08-29 12:00,98.195,,,1933-10-07 12:00,252.151,,,1933-11-24 12:00,92.157,,,1934-01-03 12:00,252.239,,,1934-02-20 12:00,92.353,,,1934-04-01 12:00,252.326,,,1934-05-19 12:00,92.549,,,1934-06-28 12:00,252.415,,,1934-08-15 12:00,92.747,,,1934-09-24 12:00,252.504,,,1934-11-11 12:00,92.945,,,1934-12-21 12:00,252.593,,,1935-02-07 12:00,93.141,,,1935-03-19 12:00,252.681,,,1935-05-06 12:00,93.335,,,1935-06-15 12:00,252.768,,,1935-08-02 12:00,93.532,,,1935-09-11 12:00,252.857,,,1935-10-29 12:00,93.729,,,1935-12-08 12:00,252.946,,,,,,
,,,,1926-12-01 12:00,98.96,,,1927-01-10 12:00,255.173,,,1927-02-27 12:00,99.154,,,1927-04-08 12:00,255.26,,,1927-05-26 12:00,99.346,,,1927-07-05 12:00,255.348,,,1927-08-22 12:00,99.537,,,1927-10-01 12:00,255.435,,,1927-11-18 12:00,99.732,,,1927-12-28 12:00,255.524,,,1928-02-14 12:00,99.928,,,1928-03-25 12:00,255.612,,,,,,,1928-06-20 12:00,252.955,,,,,,,1928-09-16 12:00,253.043,,,,,,,1928-12-13 12:00,253.131,,,,,,,1929-03-11 12:00,253.221,,,,,,,1929-06-07 12:00,253.309,,,,,,,1929-09-03 12:00,253.397,,,,,,,1929-11-30 12:00,253.485,,,,,,,1930-02-26 12:00,253.574,,,,,,,1930-05-25 12:00,253.662,,,,,,,1930-08-21 12:00,253.752,,,,,,,1930-11-17 12:00,253.839,,,,,,,1931-02-13 12:00,253.927,,,,,,,1931-05-12 12:00,254.015,,,,,,,1931-08-08 12:00,254.104,,,,,,,1931-11-04 12:00,254.191,,,,,,,1932-01-31 12:00,254.28,,,,,,,1932-04-28 12:00,254.367,,,,,,,1932-07-25 12:00,254.456,,,,,,,1932-10-21 12:00,254.542,,,,,,,1933-01-17 12:00,254.631,,,,,,,1933-04-15 12:00,254.718,,,,,,,1933-07-12 12:00,254.808,,,,,,,1933-10-08 12:00,254.895,,,1933-11-25 12:00,98.389,,,1934-01-04 12:00,254.983,,,1934-02-21 12:00,98.583,,,1934-04-02 12:00,255.07,,,1934-05-20 12:00,98.776,,,1934-06-29 12:00,255.16,,,1934-08-16 12:00,98.973,,,1934-09-25 12:00,255.248,,,1934-11-12 12:00,99.169,,,1934-12-22 12:00,255.337,,,1935-02-08 12:00,99.362,,,1935-03-20 12:00,255.425,,,1935-05-07 12:00,99.555,,,1935-06-16 12:00,255.512,,,1935-08-03 12:00,99.749,,,1935-09-12 12:00,255.601,,,1935-10-30 12:00,99.945,,,1935-12-09 12:00,255.69,,,,,,
,,,,,,,,1927-01-11 12:00,257.918,,,,,,,1927-04-09 12:00,258.005,,,,,,,1927-07-06 12:00,258.092,,,,,,,1927-10-02 12:00,258.18,,,,,,,1927-12-29 12:00,258.269,,,,,,,1928-03-26 12:00,258.357,,,,,,,1928-06-21 12:00,255.699,,,,,,,1928-09-17 12:00,255.787,,,,,,,1928-12-14 12:00,255.875,,,,,,,1929-03-12 12:00,255.965,,,,,,,1929-06-08 12:00,256.053,,,,,,,1929-09-04 12:00,256.141,,,,,,,1929-12-01 12:00,256.229,,,,,,,1930-02-27 12:00,256.318,,,,,,,1930-05-26 12:00,256.406,,,,,,,1930-08-22 12:00,256.496,,,,,,,1930-11-18 12:00,256.583,,,,,,,1931-02-14 12:00,256.672,,,,,,,1931-05-13 12:00,256.759,,,,,,,1931-08-09 12:00,256.848,,,,,,,1931-11-05 12:00,256.935,,,,,,,1932-02-01 12:00,257.024,,,,,,,1932-04-29 12:00,257.111,,,,,,,1932-07-26 12:00,257.2,,,,,,,1932-10-22 12:00,257.287,,,,,,,1933-01-18 12:00,257.375,,,,,,,1933-04-16 12:00,257.463,,,,,,,1933-07-13 12:00,257.552,,,,,,,1933-10-09 12:00,257.64,,,,,,,1934-01-05 12:00,257.728,,,,,,,1934-04-03 12:00,257.815,,,,,,,1934-06-30 12:00,257.904,,,,,,,1934-09-26 12:00,257.993,,,,,,,1934-12-23 12:00,258.082,,,,,,,1935-03-21 12:00,258.17,,,,,,,1935-06-17 12:00,258.257,,,,,,,1935-09-13 12:00,258.346,,,,,,,1935-12-10 12:00,258.435,,,,,,
,,,,,,,,1927-01-12 12:00,260.667,,,,,,,1927-04-10 12:00,260.754,,,,,,,1927-07-07 12:00,260.841,,,,,,,1927-10-03 12:00,260.929,,,,,,,1927-12-30 12:00,261.018,,,,,,,1928-03-27 12:00,261.106,,,,,,,1928-06-22 12:00,258.445,,,,,,,1928-09-18 12:00,258.532,,,,,,,1928-12-15 12:00,258.621,,,,,,,1929-03-13 12:00,258.71,,,,,,,1929-06-09 12:00,258.799,,,,,,,1929-09-05 12:00,258.887,,,,,,,1929-12-02 12:00,258.974,,,,,,,1930-02-28 12:00,259.064,,,,,,,1930-05-27 12:00,259.152,,,,,,,1930-08-23 12:00,259.242,,,,,,,1930-11-19 12:00,259.329,,,,,,,1931-02-15 12:00,259.418,,,,,,,1931-05-14 12:00,259.505,,,,,,,1931-08-10 12:00,259.595,,,,,,,1931-11-06 12:00,259.682,,,,,,,1932-02-02 12:00,259.771,,,,,,,1932-04-30 12:00,259.858,,,,,,,1932-07-27 12:00,259.947,,,,,,,1932-10-23 12:00,260.034,,,,,,,1933-01-19 12:00,260.122,,,,,,,1933-04-17 12:00,260.21,,,,,,,1933-07-14 12:00,260.3,,,,,,,1933-10-10 12:00,260.388,,,,,,,1934-01-06 12:00,260.476,,,,,,,1934-04-04 12:00,260.563,,,,,,,1934-07-01 12:00,260.653,,,,,,,1934-09-27 12:00,260.742,,,,,,,1934-12-24 12:00,260.831,,,,,,,1935-03-22 12:00,260.918,,,,,,,1935-06-18 12:00,261.006,,,,,,,1935-09-14 12:00,261.095,,,,,,,1935-12-11 12:00,261.184,,,,,,
,,,,,,,,1927-01-13 12:00,263.423,,,,,,,1927-04-11 12:00,263.51,,,,,,,1927-07-08 12:00,263.598,,,,,,,1927-10-04 12:00,263.686,,,,,,,1927-12-31 12:00,263.775,,,,,,,1928-03-28 12:00,263.864,,,,,,,1928-06-23 12:00,261.194,,,,,,,1928-09-19 12:00,261.282,,,,,,,1928-12-16 12:00,261.371,,,,,,,1929-03-14 12:00,261.46,,,,,,,1929-06-10 12:00,261.549,,,,,,,1929-09-06 12:00,261.638,,,,,,,1929-12-03 12:00,261.725,,,,,,,1930-03-01 12:00,261.815,,,,,,,1930-05-28 12:00,261.904,,,,,,,1930-08-24 12:00,261.994,,,,,,,1930-11-20 12:00,262.081,,,,,,,1931-02-16 12:00,262.17,,,,,,,1931-05-15 12:00,262.258,,,,,,,1931-08-11 12:00,262.347,,,,,,,1931-11-07 12:00,262.435,,,,,,,1932-02-03 12:00,262.524,,,,,,,1932-05-01 12:00,262.611,,,,,,,1932-07-28 12:00,262.7,,,,,,,1932-10-24 12:00,262.788,,,,,,,1933-01-20 12:00,262.876,,,,,,,1933-04-18 12:00,262.965,,,,,,,1933-07-15 12:00,263.054,,,,,,,1933-10-11 12:00,263.142,,,,,,,1934-01-07 12:00,263.231,,,,,,,1934-04-05 12:00,263.318,,,,,,,1934-07-02 12:00,263.408,,,,,,,1934-09-28 12:00,263.497,,,,,,,1934-12-25 12:00,263.587,,,,,,,1935-03-23 12:00,263.675,,,,,,,1935-06-19 12:00,263.763,,,,,,,1935-09-15 12:00,263.852,,,,,,,1935-12-12 12:00,263.941,,,,,,
,,,,,,,,1927-01-14 12:00,266.189,,,,,,,1927-04-12 12:00,266.277,,,,,,,1927-07-09 12:00,266.365,,,,,,,1927-10-05 12:00,266.454,,,,,,,1928-01-01 12:00,266.543,,,,,,,1928-03-29 12:00,266.632,,,,,,,1928-06-24 12:00,263.952,,,,,,,1928-09-20 12:00,264.04,,,,,,,1928-12-17 12:00,264.129,,,,,,,1929-03-15 12:00,264.219,,,,,,,1929-06-11 12:00,264.308,,,,,,,1929-09-07 12:00,264.397,,,,,,,1929-12-04 12:00,264.485,,,,,,,1930-03-02 12:00,264.575,,,,,,,1930-05-29 12:00,264.664,,,,,,,1930-08-25 12:00,264.754,,,,,,,1930-11-21 12:00,264.842,,,,,,,1931-02-17 12:00,264.931,,,,,,,1931-05-16 12:00,265.019,,,,,,,1931-08-12 12:00,265.109,,,,,,,1931-11-08 12:00,265.197,,,,,,,1932-02-04 12:00,265.286,,,,,,,1932-05-02 12:00,265.374,,,,,,,1932-07-29 12:00,265.464,,,,,,,1932-10-25 12:00,265.551,,,,,,,1933-01-21 12:00,265.64,,,,,,,1933-04-19 12:00,265.729,,,,,,,1933-07-16 12:00,265.818,,,,,,,1933-10-12 12:00,265.907,,,,,,,1934-01-08 12:00,265.996,,,,,,,1934-04-06 12:00,266.084,,,,,,,1934-07-03 12:00,266.174,,,,,,,1934-09-29 12:00,266.264,,,,,,,1934-12-26 12:00,266.353,,,,,,,1935-03-24 12:00,266.442,,,,,,,1935-06-20 12:00,266.53,,,,,,,1935-09-16 12:00,266.62,,,,,,,1935-12-13 12:00,266.71,,,,,,
,,,,,,,,1927-01-15 12:00,268.97,,,,,,,1927-04-13 12:00,269.058,,,,,,,1927-07-10 12:00,269.147,,,,,,,1927-10-06 12:00,269.236,,,,,,,1928-01-02 12:00,269.326,,,,,,,1928-03-30 12:00,269.415,,,,,,,1928-06-25 12:00,266.721,,,,,,,1928-09-21 12:00,266.809,,,,,,,1928-12-18 12:00,266.899,,,,,,,1929-03-16 12:00,266.989,,,,,,,1929-06-12 12:00,267.079,,,,,,,1929-09-08 12:00,267.168,,,,,,,1929-12-05 12:00,267.256,,,,,,,1930-03-03 12:00,267.346,,,,,,,1930-05-30 12:00,267.436,,,,,,,1930-08-26 12:00,267.526,,,,,,,1930-11-22 12:00,267.615,,,,,,,1931-02-18 12:00,267.704,,,,,,,1931-05-17 12:00,267.793,,,,,,,1931-08-13 12:00,267.883,,,,,,,1931-11-09 12:00,267.971,,,,,,,1932-02-05 12:00,268.061,,,,,,,1932-05-03 12:00,268.15,,,,,,,1932-07-30 12:00,268.24,,,,,,,1932-10-26 12:00,268.328,,,,,,,1933-01-22 12:00,268.417,,,,,,,1933-04-20 12:00,268.506,,,,,,,1933-07-17 12:00,268.596,,,,,,,1933-10-13 12:00,268.686,,,,,,,1934-01-09 12:00,268.775,,,,,,,1934-04-07 12:00,268.863,,,,,,,1934-07-04 12:00,268.954,,,,,,,1934-09-30 12:00,269.044,,,,,,,1934-12-27 12:00,269.134,,,,,,,1935-03-25 12:00,269.223,,,,,,,1935-06-21 12:00,269.312,,,,,,,1935-09-17 12:00,269.402,,,,,,,1935-12-14 12:00,269.492,,,,,,
,,,,,,,,1927-01-16 12:00,271.768,,,,,,,1927-04-14 12:00,271.857,,,,,,,1927-07-11 12:00,271.946,,,,,,,1927-10-07 12:00,272.036,,,,,,,1928-01-03 12:00,272.126,,,,,,,1928-03-31 12:00,272.217,,,,,,,1928-06-26 12:00,269.504,,,,,,,1928-09-22 12:00,269.593,,,,,,,1928-12-19 12:00,269.683,,,,,,,1929-03-17 12:00,269.774,,,,,,,1929-06-13 12:00,269.864,,,,,,,1929-09-09 12:00,269.954,,,,,,,1929-12-06 12:00,270.043,,,,,,,1930-03-04 12:00,270.133,,,,,,,1930-05-31 12:00,270.224,,,,,,,1930-08-27 12:00,270.315,,,,,,,1930-11-23 12:00,270.403,,,,,,,1931-02-19 12:00,270.494,,,,,,,1931-05-18 12:00,270.583,,,,,,,1931-08-14 12:00,270.674,,,,,,,1931-11-10 12:00,270.762,,,,,,,1932-02-06 12:00,270.853,,,,,,,1932-05-04 12:00,270.942,,,,,,,1932-07-31 12:00,271.032,,,,,,,1932-10-27 12:00,271.121,,,,,,,1933-01-23 12:00,271.211,,,,,,,1933-04-21 12:00,271.3,,,,,,,1933-07-18 12:00,271.391,,,,,,,1933-10-14 12:00,271.481,,,,,,,1934-01-10 12:00,271.571,,,,,,,1934-04-08 12:00,271.66,,,,,,,1934-07-05 12:00,271.751,,,,,,,1934-10-01 12:00,271.842,,,,,,,1934-12-28 12:00,271.933,,,,,,,1935-03-26 12:00,272.022,,,,,,,1935-06-22 12:00,272.112,,,,,,,1935-09-18 12:00,272.202,,,,,,,1935-12-15 12:00,272.293,,,,,,
,,,,,,,,1927-01-17 12:00,274.588,,,,,,,1927-04-15 12:00,274.677,,,,,,,1927-07-12 12:00,274.767,,,,,,,1927-10-08 12:00,274.857,,,,,,,1928-01-04 12:00,274.949,,,,,,,1928-04-01 12:00,275.04,,,,,,,1928-06-27 12:00,272.306,,,,,,,1928-09-23 12:00,272.395,,,,,,,1928-12-20 12:00,272.486,,,,,,,1929-03-18 12:00,272.577,,,,,,,1929-06-14 12:00,272.669,,,,,,,1929-09-10 12:00,272.759,,,,,,,1929-12-07 12:00,272.848,,,,,,,1930-03-05 12:00,272.94,,,,,,,1930-06-01 12:00,273.03,,,,,,,1930-08-28 12:00,273.122,,,,,,,1930-11-24 12:00,273.212,,,,,,,1931-02-20 12:00,273.302,,,,,,,1931-05-19 12:00,273.392,,,,,,,1931-08-15 12:00,273.484,,,,,,,1931-11-11 12:00,273.573,,,,,,,1932-02-07 12:00,273.664,,,,,,,1932-05-05 12:00,273.754,,,,,,,1932-08-01 12:00,273.845,,,,,,,1932-10-28 12:00,273.934,,,,,,,1933-01-24 12:00,274.025,,,,,,,1933-04-22 12:00,274.115,,,,,,,1933-07-19 12:00,274.207,,,,,,,1933-10-15 12:00,274.297,,,,,,,1934-01-11 12:00,274.388,,,,,,,1934-04-09 12:00,274.477,,,,,,,1934-07-06 12:00,274.569,,,,,,,1934-10-02 12:00,274.661,,,,,,,1934-12-29 12:00,274.752,,,,,,,1935-03-27 12:00,274.842,,,,,,,1935-06-23 12:00,274.933,,,,,,,1935-09-19 12:00,275.024,,,,,,,1935-12-16 12:00,275.116,,,,,,
,,,,,,,,1927-01-18 12:00,277.432,,,,,,,1927-04-16 12:00,277.522,,,,,,,1927-07-13 12:00,277.613,,,,,,,1927-10-09 12:00,277.704,,,,,,,1928-01-05 12:00,277.796,,,,,,,1928-04-02 12:00,277.888,,,,,,,1928-06-28 12:00,275.13,,,,,,,1928-09-24 12:00,275.22,,,,,,,1928-12-21 12:00,275.311,,,,,,,1929-03-19 12:00,275.403,,,,,,,1929-06-15 12:00,275.495,,,,,,,1929-09-11 12:00,275.586,,,,,,,1929-12-08 12:00,275.676,,,,,,,1930-03-06 12:00,275.768,,,,,,,1930-06-02 12:00,275.86,,,,,,,1930-08-29 12:00,275.952,,,,,,,1930-11-25 12:00,276.043,,,,,,,1931-02-21 12:00,276.134,,,,,,,1931-05-20 12:00,276.225,,,,,,,1931-08-16 12:00,276.317,,,,,,,1931-11-12 12:00,276.407,,,,,,,1932-02-08 12:00,276.499,,,,,,,1932-05-06 12:00,276.589,,,,,,,1932-08-02 12:00,276.682,,,,,,,1932-10-29 12:00,276.772,,,,,,,1933-01-25 12:00,276.863,,,,,,,1933-04-23 12:00,276.954,,,,,,,1933-07-20 12:00,277.047,,,,,,,1933-10-16 12:00,277.138,,,,,,,1934-01-12 12:00,277.229,,,,,,,1934-04-10 12:00,277.319,,,,,,,1934-07-07 12:00,277.412,,,,,,,1934-10-03 12:00,277.504,,,,,,,1934-12-30 12:00,277.597,,,,,,,1935-03-28 12:00,277.688,,,,,,,1935-06-24 12:00,277.779,,,,,,,1935-09-20 12:00,277.871,,,,,,,1935-12-17 12:00,277.963,,,,,,
,,,,,,,,,,,,,,,,,,,,,,,,,,,,,,,,,,,,,,,,,,,,,,,,,,,,,,,,1928-06-29 12:00,277.979,,,,,,,1928-09-25 12:00,278.07,,,,,,,1928-12-22 12:00,278.162,,,,,,,1929-03-20 12:00,278.255,,,,,,,1929-06-16 12:00,278.347,,,,,,,1929-09-12 12:00,278.439,,,,,,,1929-12-09 12:00,278.53,,,,,,,1930-03-07 12:00,278.623,,,,,,,1930-06-03 12:00,278.716,,,,,,,1930-08-30 12:00,278.809,,,,,,,1930-11-26 12:00,278.9,,,,,,,1931-02-22 12:00,278.992,,,,,,,1931-05-21 12:00,279.084,,,,,,,1931-08-17 12:00,279.177,,,,,,,1931-11-13 12:00,279.268,,,,,,,1932-02-09 12:00,279.361,,,,,,,1932-05-07 12:00,279.452,,,,,,,1932-08-03 12:00,279.546,,,,,,,1932-10-30 12:00,279.636,,,,,,,1933-01-26 12:00,279.729,,,,,,,1933-04-24 12:00,279.82,,,,,,,1933-07-21 12:00,279.914,,,,,,,,,,,,,,,,,,,,,,,,,,,,,,,,,,,,,,,,,,,,,,,,,,,,,,,,,,,,,,,,,,,,,,,,,,,,,,,,,,,,,,
,,,,,,,,,,,,,,,,,,,,,,,,,,,,,,,,,,,,,,,,,,,,,,,,,,,,,,,,,,,,,,,,,,,,,,,,,,,,,,,,,,,,,,,,,,,,,,,,,,,,,,,,,,,,,,,,,,,,,,,,,,,,,,,,,,,,,,,,,,,,,,,,,,,,,,,,,,,,,,,,,,,,,,,,,,,,,,,,,,,,,,,,,,,,,,,,,,,,,,,,,,,,,,,,,,,,,,,,,,,,,,,,,,,,,,,,,,,,,,,,,,,,,,,,,,,,,,,,,,,,,,,,,,,,,,,,,,,,,,,,,,,,,,,,,,,,,,,,,,,,,,,,,,,,,,,
