Timestamp,H.Venus,HighPrice,LowPrice,Timestamp,H.Venus,HighPrice,LowPrice,Timestamp,H.Venus,HighPrice,LowPrice,Timestamp,H.Venus,HighPrice,LowPrice,Timestamp,H.Venus,HighPrice,LowPrice,Timestamp,H.Venus,HighPrice,LowPrice,Timestamp,H.Venus,HighPrice,LowPrice,Timestamp,H.Venus,HighPrice,LowPrice,Timestamp,H.Venus,HighPrice,LowPrice,Timestamp,H.Venus,HighPrice,LowPrice,Timestamp,H.Venus,HighPrice,LowPrice,Timestamp,H.Venus,HighPrice,LowPrice,Timestamp,H.Venus,HighPrice,LowPrice,Timestamp,H.Venus,HighPrice,LowPrice,Timestamp,H.Venus,HighPrice,LowPrice,Timestamp,H.Venus,HighPrice,LowPrice,Timestamp,H.Venus,HighPrice,LowPrice,Timestamp,H.Venus,HighPrice,LowPrice,Timestamp,H.Venus,HighPrice,LowPrice,Timestamp,H.Venus,HighPrice,LowPrice,Timestamp,H.Venus,HighPrice,LowPrice,Timestamp,H.Venus,HighPrice,LowPrice,Timestamp,H.Venus,HighPrice,LowPrice,Timestamp,H.Venus,HighPrice,LowPrice,Timestamp,H.Venus,HighPrice,LowPrice,Timestamp,H.Venus,HighPrice,LowPrice,Timestamp,H.Venus,HighPrice,LowPrice,Timestamp,H.Venus,HighPrice,LowPrice,Timestamp,H.Venus,HighPrice,LowPrice,Timestamp,H.Venus,HighPrice,LowPrice,Timestamp,H.Venus,HighPrice,LowPrice
,,,,1926-10-23 12:00,192.26,,,1927-02-14 12:00,13.521,,,1927-06-05 12:00,192.752,,,1927-09-26 12:00,12.414,,,1928-01-16 12:00,193.235,,,1928-05-08 12:00,12.904,,,1928-08-27 12:00,192.113,,,1928-12-19 12:00,13.391,,,1929-04-09 12:00,192.609,,,1929-07-31 12:00,12.276,,,1929-11-20 12:00,193.104,,,1930-03-13 12:00,12.763,,,1930-07-03 12:00,193.596,,,1930-10-24 12:00,13.251,,,1931-02-12 12:00,192.466,,,1931-06-05 12:00,12.146,,,1931-09-25 12:00,192.961,,,1932-01-16 12:00,12.633,,,1932-05-07 12:00,193.457,,,1932-08-28 12:00,13.117,,,1932-12-17 12:00,192.335,,,1933-04-09 12:00,12.013,,,1933-07-30 12:00,192.828,,,1933-11-20 12:00,12.501,,,1934-03-12 12:00,193.321,,,1934-07-03 12:00,12.98,,,1934-10-22 12:00,192.201,,,1935-02-13 12:00,13.466,,,1935-06-04 12:00,192.694,,,1935-09-25 12:00,12.359,,
,,,,1926-10-24 12:00,193.874,,,1927-02-15 12:00,15.115,,,1927-06-06 12:00,194.366,,,1927-09-27 12:00,14.008,,,1928-01-17 12:00,194.849,,,1928-05-09 12:00,14.498,,,1928-08-28 12:00,193.727,,,1928-12-20 12:00,14.985,,,1929-04-10 12:00,194.222,,,1929-08-01 12:00,13.87,,,1929-11-21 12:00,194.717,,,1930-03-14 12:00,14.356,,,1930-07-04 12:00,195.209,,,1930-10-25 12:00,14.846,,,1931-02-13 12:00,194.08,,,1931-06-06 12:00,13.74,,,1931-09-26 12:00,194.574,,,1932-01-17 12:00,14.227,,,1932-05-08 12:00,195.07,,,1932-08-29 12:00,14.711,,,1932-12-18 12:00,193.949,,,1933-04-10 12:00,13.606,,,1933-07-31 12:00,194.442,,,1933-11-21 12:00,14.095,,,1934-03-13 12:00,194.935,,,1934-07-04 12:00,14.574,,,1934-10-23 12:00,193.815,,,1935-02-14 12:00,15.06,,,1935-06-05 12:00,194.308,,,1935-09-26 12:00,13.953,,
,,,,1926-10-25 12:00,195.488,,,1927-02-16 12:00,16.71,,,1927-06-07 12:00,195.979,,,1927-09-28 12:00,15.603,,,1928-01-18 12:00,196.462,,,1928-05-10 12:00,16.093,,,1928-08-29 12:00,195.341,,,1928-12-21 12:00,16.58,,,1929-04-11 12:00,195.836,,,1929-08-02 12:00,15.464,,,1929-11-22 12:00,196.331,,,1930-03-15 12:00,15.951,,,1930-07-05 12:00,196.822,,,1930-10-26 12:00,16.44,,,1931-02-14 12:00,195.694,,,1931-06-07 12:00,15.334,,,1931-09-27 12:00,196.187,,,1932-01-18 12:00,15.821,,,1932-05-09 12:00,196.683,,,1932-08-30 12:00,16.306,,,1932-12-19 12:00,195.562,,,1933-04-11 12:00,15.201,,,1933-08-01 12:00,196.055,,,1933-11-22 12:00,15.689,,,1934-03-14 12:00,196.547,,,1934-07-05 12:00,16.169,,,1934-10-24 12:00,195.428,,,1935-02-15 12:00,16.654,,,1935-06-06 12:00,195.921,,,1935-09-27 12:00,15.547,,
,,,,1926-10-26 12:00,197.1,,,1927-02-17 12:00,18.305,,,1927-06-08 12:00,197.591,,,1927-09-29 12:00,17.197,,,1928-01-19 12:00,198.074,,,1928-05-11 12:00,17.687,,,1928-08-30 12:00,196.954,,,1928-12-22 12:00,18.175,,,1929-04-12 12:00,197.448,,,1929-08-03 12:00,17.058,,,1929-11-23 12:00,197.943,,,1930-03-16 12:00,17.545,,,1930-07-06 12:00,198.435,,,1930-10-27 12:00,18.035,,,1931-02-15 12:00,197.306,,,1931-06-08 12:00,16.929,,,1931-09-28 12:00,197.8,,,1932-01-19 12:00,17.416,,,1932-05-10 12:00,198.295,,,1932-08-31 12:00,17.9,,,1932-12-20 12:00,197.175,,,1933-04-12 12:00,16.795,,,1933-08-02 12:00,197.668,,,1933-11-23 12:00,17.284,,,1934-03-15 12:00,198.16,,,1934-07-06 12:00,17.764,,,1934-10-25 12:00,197.041,,,1935-02-16 12:00,18.25,,,1935-06-07 12:00,197.534,,,1935-09-28 12:00,17.142,,
,,,,1926-10-27 12:00,198.712,,,1927-02-18 12:00,19.9,,,1927-06-09 12:00,199.203,,,1927-09-30 12:00,18.792,,,1928-01-20 12:00,199.686,,,1928-05-12 12:00,19.283,,,1928-08-31 12:00,198.566,,,1928-12-23 12:00,19.77,,,1929-04-13 12:00,199.06,,,1929-08-04 12:00,18.654,,,1929-11-24 12:00,199.555,,,1930-03-17 12:00,19.141,,,1930-07-07 12:00,200.046,,,1930-10-28 12:00,19.63,,,1931-02-16 12:00,198.918,,,1931-06-09 12:00,18.524,,,1931-09-29 12:00,199.411,,,1932-01-20 12:00,19.012,,,1932-05-11 12:00,199.907,,,1932-09-01 12:00,19.496,,,1932-12-21 12:00,198.787,,,1933-04-13 12:00,18.39,,,1933-08-03 12:00,199.28,,,1933-11-24 12:00,18.879,,,1934-03-16 12:00,199.771,,,1934-07-07 12:00,19.359,,,1934-10-26 12:00,198.653,,,1935-02-17 12:00,19.845,,,1935-06-08 12:00,199.146,,,1935-09-29 12:00,18.737,,
,,,,1926-10-28 12:00,200.323,,,1927-02-19 12:00,21.496,,,1927-06-10 12:00,200.814,,,1927-10-01 12:00,20.388,,,1928-01-21 12:00,201.297,,,1928-05-13 12:00,20.878,,,1928-09-01 12:00,200.177,,,1928-12-24 12:00,21.366,,,1929-04-14 12:00,200.671,,,1929-08-05 12:00,20.249,,,1929-11-25 12:00,201.166,,,1930-03-18 12:00,20.736,,,1930-07-08 12:00,201.657,,,1930-10-29 12:00,21.226,,,1931-02-17 12:00,200.529,,,1931-06-10 12:00,20.119,,,1931-09-30 12:00,201.022,,,1932-01-21 12:00,20.607,,,1932-05-12 12:00,201.517,,,1932-09-02 12:00,21.091,,,1932-12-22 12:00,200.399,,,1933-04-14 12:00,19.985,,,1933-08-04 12:00,200.891,,,1933-11-25 12:00,20.475,,,1934-03-17 12:00,201.382,,,1934-07-08 12:00,20.955,,,1934-10-27 12:00,200.264,,,1935-02-18 12:00,21.441,,,1935-06-09 12:00,200.757,,,1935-09-30 12:00,20.333,,
,,,,1926-10-29 12:00,201.934,,,1927-02-20 12:00,23.092,,,1927-06-11 12:00,202.424,,,1927-10-02 12:00,21.984,,,1928-01-22 12:00,202.907,,,1928-05-14 12:00,22.474,,,1928-09-02 12:00,201.788,,,1928-12-25 12:00,22.962,,,1929-04-15 12:00,202.282,,,1929-08-06 12:00,21.845,,,1929-11-26 12:00,202.776,,,1930-03-19 12:00,22.332,,,1930-07-09 12:00,203.267,,,1930-10-30 12:00,22.822,,,1931-02-18 12:00,202.139,,,1931-06-11 12:00,21.715,,,1931-10-01 12:00,202.632,,,1932-01-22 12:00,22.204,,,1932-05-13 12:00,203.127,,,1932-09-03 12:00,22.687,,,1932-12-23 12:00,202.009,,,1933-04-15 12:00,21.581,,,1933-08-05 12:00,202.501,,,1933-11-26 12:00,22.07,,,1934-03-18 12:00,202.992,,,1934-07-09 12:00,22.551,,,1934-10-28 12:00,201.875,,,1935-02-19 12:00,23.037,,,1935-06-10 12:00,202.367,,,1935-10-01 12:00,21.928,,
,,,,1926-10-30 12:00,203.543,,,1927-02-21 12:00,24.689,,,1927-06-12 12:00,204.034,,,1927-10-03 12:00,23.58,,,1928-01-23 12:00,204.516,,,1928-05-15 12:00,24.071,,,1928-09-03 12:00,203.397,,,1928-12-26 12:00,24.559,,,1929-04-16 12:00,203.891,,,1929-08-07 12:00,23.441,,,1929-11-27 12:00,204.385,,,1930-03-20 12:00,23.928,,,1930-07-10 12:00,204.876,,,1930-10-31 12:00,24.419,,,1931-02-19 12:00,203.749,,,1931-06-12 12:00,23.312,,,1931-10-02 12:00,204.242,,,1932-01-23 12:00,23.8,,,1932-05-14 12:00,204.736,,,1932-09-04 12:00,24.284,,,1932-12-24 12:00,203.619,,,1933-04-16 12:00,23.177,,,1933-08-06 12:00,204.111,,,1933-11-27 12:00,23.667,,,1934-03-19 12:00,204.601,,,1934-07-10 12:00,24.148,,,1934-10-29 12:00,203.485,,,1935-02-20 12:00,24.634,,,1935-06-11 12:00,203.976,,,1935-10-02 12:00,23.525,,
,,,,1926-10-31 12:00,205.152,,,1927-02-22 12:00,26.286,,,1927-06-13 12:00,205.643,,,1927-10-04 12:00,25.177,,,1928-01-24 12:00,206.125,,,1928-05-16 12:00,25.668,,,1928-09-04 12:00,205.007,,,1928-12-27 12:00,26.156,,,1929-04-17 12:00,205.5,,,1929-08-08 12:00,25.038,,,1929-11-28 12:00,205.994,,,1930-03-21 12:00,25.525,,,1930-07-11 12:00,206.485,,,1930-11-01 12:00,26.016,,,1931-02-20 12:00,205.358,,,1931-06-13 12:00,24.909,,,1931-10-03 12:00,205.85,,,1932-01-24 12:00,25.397,,,1932-05-15 12:00,206.345,,,1932-09-05 12:00,25.881,,,1932-12-25 12:00,205.228,,,1933-04-17 12:00,24.774,,,1933-08-07 12:00,205.72,,,1933-11-28 12:00,25.264,,,1934-03-20 12:00,206.209,,,1934-07-11 12:00,25.745,,,1934-10-30 12:00,205.094,,,1935-02-21 12:00,26.231,,,1935-06-12 12:00,205.585,,,1935-10-03 12:00,25.122,,
,,,,1926-11-01 12:00,206.76,,,1927-02-23 12:00,27.884,,,1927-06-14 12:00,207.251,,,1927-10-05 12:00,26.774,,,1928-01-25 12:00,207.733,,,1928-05-17 12:00,27.265,,,1928-09-05 12:00,206.615,,,1928-12-28 12:00,27.754,,,1929-04-18 12:00,207.109,,,1929-08-09 12:00,26.635,,,1929-11-29 12:00,207.602,,,1930-03-22 12:00,27.123,,,1930-07-12 12:00,208.092,,,1930-11-02 12:00,27.613,,,1931-02-21 12:00,206.966,,,1931-06-14 12:00,26.506,,,1931-10-04 12:00,207.458,,,1932-01-25 12:00,26.994,,,1932-05-16 12:00,207.953,,,1932-09-06 12:00,27.478,,,1932-12-26 12:00,206.837,,,1933-04-18 12:00,26.371,,,1933-08-08 12:00,207.328,,,1933-11-29 12:00,26.861,,,1934-03-21 12:00,207.817,,,1934-07-12 12:00,27.343,,,1934-10-31 12:00,206.702,,,1935-02-22 12:00,27.829,,,1935-06-13 12:00,207.193,,,1935-10-04 12:00,26.719,,
,,,,1926-11-02 12:00,208.368,,,1927-02-24 12:00,29.482,,,1927-06-15 12:00,208.858,,,1927-10-06 12:00,28.372,,,1928-01-26 12:00,209.34,,,1928-05-18 12:00,28.863,,,1928-09-06 12:00,208.223,,,1928-12-29 12:00,29.352,,,1929-04-19 12:00,208.716,,,1929-08-10 12:00,28.233,,,1929-11-30 12:00,209.209,,,1930-03-23 12:00,28.72,,,1930-07-13 12:00,209.699,,,1930-11-03 12:00,29.211,,,1931-02-22 12:00,208.573,,,1931-06-15 12:00,28.104,,,1931-10-05 12:00,209.065,,,1932-01-26 12:00,28.592,,,1932-05-17 12:00,209.56,,,1932-09-07 12:00,29.076,,,1932-12-27 12:00,208.444,,,1933-04-19 12:00,27.969,,,1933-08-09 12:00,208.935,,,1933-11-30 12:00,28.459,,,1934-03-22 12:00,209.424,,,1934-07-13 12:00,28.941,,,1934-11-01 12:00,208.309,,,1935-02-23 12:00,29.427,,,1935-06-14 12:00,208.801,,,1935-10-05 12:00,28.317,,
,,,,1926-11-03 12:00,209.975,,,1927-02-25 12:00,31.08,,,1927-06-16 12:00,210.465,,,1927-10-07 12:00,29.97,,,1928-01-27 12:00,210.947,,,1928-05-19 12:00,30.461,,,1928-09-07 12:00,209.83,,,1928-12-30 12:00,30.95,,,1929-04-20 12:00,210.323,,,1929-08-11 12:00,29.831,,,1929-12-01 12:00,210.816,,,1930-03-24 12:00,30.319,,,1930-07-14 12:00,211.306,,,1930-11-04 12:00,30.809,,,1931-02-23 12:00,210.18,,,1931-06-16 12:00,29.702,,,1931-10-06 12:00,210.672,,,1932-01-27 12:00,30.191,,,1932-05-18 12:00,211.166,,,1932-09-08 12:00,30.674,,,1932-12-28 12:00,210.051,,,1933-04-20 12:00,29.566,,,1933-08-10 12:00,210.542,,,1933-12-01 12:00,30.057,,,1934-03-23 12:00,211.031,,,1934-07-14 12:00,30.539,,,1934-11-02 12:00,209.916,,,1935-02-24 12:00,31.025,,,1935-06-15 12:00,210.407,,,1935-10-06 12:00,29.915,,
,,,,1926-11-04 12:00,211.58,,,1927-02-26 12:00,32.679,,,1927-06-17 12:00,212.07,,,1927-10-08 12:00,31.569,,,1928-01-28 12:00,212.552,,,1928-05-20 12:00,32.06,,,1928-09-08 12:00,211.436,,,1928-12-31 12:00,32.549,,,1929-04-21 12:00,211.928,,,1929-08-12 12:00,31.429,,,1929-12-02 12:00,212.421,,,1930-03-25 12:00,31.917,,,1930-07-15 12:00,212.911,,,1930-11-05 12:00,32.408,,,1931-02-24 12:00,211.786,,,1931-06-17 12:00,31.3,,,1931-10-07 12:00,212.277,,,1932-01-28 12:00,31.789,,,1932-05-19 12:00,212.771,,,1932-09-09 12:00,32.273,,,1932-12-29 12:00,211.658,,,1933-04-21 12:00,31.165,,,1933-08-11 12:00,212.148,,,1933-12-02 12:00,31.655,,,1934-03-24 12:00,212.636,,,1934-07-15 12:00,32.138,,,1934-11-03 12:00,211.522,,,1935-02-25 12:00,32.624,,,1935-06-16 12:00,212.013,,,1935-10-07 12:00,31.513,,
,,,,1926-11-05 12:00,213.186,,,1927-02-27 12:00,34.279,,,1927-06-18 12:00,213.675,,,1927-10-09 12:00,33.168,,,1928-01-29 12:00,214.157,,,1928-05-21 12:00,33.659,,,1928-09-09 12:00,213.041,,,1929-01-01 12:00,34.148,,,1929-04-22 12:00,213.534,,,1929-08-13 12:00,33.028,,,1929-12-03 12:00,214.026,,,1930-03-26 12:00,33.516,,,1930-07-16 12:00,214.516,,,1930-11-06 12:00,34.007,,,1931-02-25 12:00,213.391,,,1931-06-18 12:00,32.899,,,1931-10-08 12:00,213.882,,,1932-01-29 12:00,33.388,,,1932-05-20 12:00,214.376,,,1932-09-10 12:00,33.872,,,1932-12-30 12:00,213.263,,,1933-04-22 12:00,32.764,,,1933-08-12 12:00,213.753,,,1933-12-03 12:00,33.254,,,1934-03-25 12:00,214.241,,,1934-07-16 12:00,33.737,,,1934-11-04 12:00,213.127,,,1935-02-26 12:00,34.224,,,1935-06-17 12:00,213.618,,,1935-10-08 12:00,33.112,,
,,,,1926-11-06 12:00,214.79,,,1927-02-28 12:00,35.879,,,1927-06-19 12:00,215.28,,,1927-10-10 12:00,34.767,,,1928-01-30 12:00,215.761,,,1928-05-22 12:00,35.259,,,1928-09-10 12:00,214.646,,,1929-01-02 12:00,35.748,,,1929-04-23 12:00,215.138,,,1929-08-14 12:00,34.628,,,1929-12-04 12:00,215.63,,,1930-03-27 12:00,35.116,,,1930-07-17 12:00,216.12,,,1930-11-07 12:00,35.607,,,1931-02-26 12:00,214.996,,,1931-06-19 12:00,34.499,,,1931-10-09 12:00,215.486,,,1932-01-30 12:00,34.988,,,1932-05-21 12:00,215.98,,,1932-09-11 12:00,35.472,,,1932-12-31 12:00,214.868,,,1933-04-23 12:00,34.363,,,1933-08-13 12:00,215.357,,,1933-12-04 12:00,34.854,,,1934-03-26 12:00,215.845,,,1934-07-17 12:00,35.337,,,1934-11-05 12:00,214.732,,,1935-02-27 12:00,35.824,,,1935-06-18 12:00,215.223,,,1935-10-09 12:00,34.712,,
,,,,1926-11-07 12:00,216.394,,,1927-03-01 12:00,37.479,,,1927-06-20 12:00,216.883,,,1927-10-11 12:00,36.367,,,1928-01-31 12:00,217.365,,,1928-05-23 12:00,36.859,,,1928-09-11 12:00,216.25,,,1929-01-03 12:00,37.348,,,1929-04-24 12:00,216.742,,,1929-08-15 12:00,36.228,,,1929-12-05 12:00,217.234,,,1930-03-28 12:00,36.716,,,1930-07-18 12:00,217.723,,,1930-11-08 12:00,37.207,,,1931-02-27 12:00,216.599,,,1931-06-20 12:00,36.099,,,1931-10-10 12:00,217.09,,,1932-01-31 12:00,36.588,,,1932-05-22 12:00,217.583,,,1932-09-12 12:00,37.072,,,1933-01-01 12:00,216.471,,,1933-04-24 12:00,35.962,,,1933-08-14 12:00,216.961,,,1933-12-05 12:00,36.454,,,1934-03-27 12:00,217.448,,,1934-07-18 12:00,36.937,,,1934-11-06 12:00,216.335,,,1935-02-28 12:00,37.424,,,1935-06-19 12:00,216.826,,,1935-10-10 12:00,36.311,,
,,,,1926-11-08 12:00,217.996,,,1927-03-02 12:00,39.08,,,1927-06-21 12:00,218.486,,,1927-10-12 12:00,37.967,,,1928-02-01 12:00,218.967,,,1928-05-24 12:00,38.459,,,1928-09-12 12:00,217.853,,,1929-01-04 12:00,38.949,,,1929-04-25 12:00,218.344,,,1929-08-16 12:00,37.828,,,1929-12-06 12:00,218.837,,,1930-03-29 12:00,38.316,,,1930-07-19 12:00,219.325,,,1930-11-09 12:00,38.807,,,1931-02-28 12:00,218.202,,,1931-06-21 12:00,37.699,,,1931-10-11 12:00,218.692,,,1932-02-01 12:00,38.189,,,1932-05-23 12:00,219.186,,,1932-09-13 12:00,38.672,,,1933-01-02 12:00,218.074,,,1933-04-25 12:00,37.563,,,1933-08-15 12:00,218.564,,,1933-12-06 12:00,38.054,,,1934-03-28 12:00,219.05,,,1934-07-19 12:00,38.538,,,1934-11-07 12:00,217.938,,,1935-03-01 12:00,39.025,,,1935-06-20 12:00,218.429,,,1935-10-11 12:00,37.912,,
,,,,1926-11-09 12:00,219.599,,,1927-03-03 12:00,40.681,,,1927-06-22 12:00,220.088,,,1927-10-13 12:00,39.568,,,1928-02-02 12:00,220.569,,,1928-05-25 12:00,40.06,,,1928-09-13 12:00,219.455,,,1929-01-05 12:00,40.55,,,1929-04-26 12:00,219.947,,,1929-08-17 12:00,39.429,,,1929-12-07 12:00,220.438,,,1930-03-30 12:00,39.917,,,1930-07-20 12:00,220.927,,,1930-11-10 12:00,40.409,,,1931-03-01 12:00,219.804,,,1931-06-22 12:00,39.3,,,1931-10-12 12:00,220.294,,,1932-02-02 12:00,39.79,,,1932-05-24 12:00,220.787,,,1932-09-14 12:00,40.273,,,1933-01-03 12:00,219.677,,,1933-04-26 12:00,39.163,,,1933-08-16 12:00,220.166,,,1933-12-07 12:00,39.655,,,1934-03-29 12:00,220.652,,,1934-07-20 12:00,40.139,,,1934-11-08 12:00,219.54,,,1935-03-02 12:00,40.626,,,1935-06-21 12:00,220.031,,,1935-10-12 12:00,39.512,,
,,,,1926-11-10 12:00,221.2,,,1927-03-04 12:00,42.283,,,1927-06-23 12:00,221.689,,,1927-10-14 12:00,41.169,,,1928-02-03 12:00,222.17,,,1928-05-26 12:00,41.661,,,1928-09-14 12:00,221.057,,,1929-01-06 12:00,42.152,,,1929-04-27 12:00,221.548,,,1929-08-18 12:00,41.03,,,1929-12-08 12:00,222.04,,,1930-03-31 12:00,41.518,,,1930-07-21 12:00,222.528,,,1930-11-11 12:00,42.01,,,1931-03-02 12:00,221.406,,,1931-06-23 12:00,40.901,,,1931-10-13 12:00,221.895,,,1932-02-03 12:00,41.391,,,1932-05-25 12:00,222.388,,,1932-09-15 12:00,41.875,,,1933-01-04 12:00,221.278,,,1933-04-27 12:00,40.764,,,1933-08-17 12:00,221.767,,,1933-12-08 12:00,41.256,,,1934-03-30 12:00,222.253,,,1934-07-21 12:00,41.741,,,1934-11-09 12:00,221.142,,,1935-03-03 12:00,42.228,,,1935-06-22 12:00,221.632,,,1935-10-13 12:00,41.114,,
,,,,1926-11-11 12:00,222.801,,,1927-03-05 12:00,43.885,,,1927-06-24 12:00,223.289,,,1927-10-15 12:00,42.771,,,1928-02-04 12:00,223.771,,,1928-05-27 12:00,43.263,,,1928-09-15 12:00,222.658,,,1929-01-07 12:00,43.754,,,1929-04-28 12:00,223.149,,,1929-08-19 12:00,42.632,,,1929-12-09 12:00,223.64,,,1930-04-01 12:00,43.12,,,1930-07-22 12:00,224.128,,,1930-11-12 12:00,43.612,,,1931-03-03 12:00,223.006,,,1931-06-24 12:00,42.503,,,1931-10-14 12:00,223.495,,,1932-02-04 12:00,42.993,,,1932-05-26 12:00,223.988,,,1932-09-16 12:00,43.476,,,1933-01-05 12:00,222.879,,,1933-04-28 12:00,42.366,,,1933-08-18 12:00,223.368,,,1933-12-09 12:00,42.858,,,1934-03-31 12:00,223.853,,,1934-07-22 12:00,43.343,,,1934-11-10 12:00,222.743,,,1935-03-04 12:00,43.83,,,1935-06-23 12:00,223.232,,,1935-10-14 12:00,42.715,,
,,,,1926-11-12 12:00,224.4,,,1927-03-06 12:00,45.488,,,1927-06-25 12:00,224.889,,,1927-10-16 12:00,44.373,,,1928-02-05 12:00,225.37,,,1928-05-28 12:00,44.865,,,1928-09-16 12:00,224.258,,,1929-01-08 12:00,45.356,,,1929-04-29 12:00,224.748,,,1929-08-20 12:00,44.234,,,1929-12-10 12:00,225.239,,,1930-04-02 12:00,44.722,,,1930-07-23 12:00,225.727,,,1930-11-13 12:00,45.215,,,1931-03-04 12:00,224.606,,,1931-06-25 12:00,44.105,,,1931-10-15 12:00,225.095,,,1932-02-05 12:00,44.595,,,1932-05-27 12:00,225.588,,,1932-09-17 12:00,45.079,,,1933-01-06 12:00,224.479,,,1933-04-29 12:00,43.968,,,1933-08-19 12:00,224.968,,,1933-12-10 12:00,44.46,,,1934-04-01 12:00,225.452,,,1934-07-23 12:00,44.945,,,1934-11-11 12:00,224.343,,,1935-03-05 12:00,45.433,,,1935-06-24 12:00,224.832,,,1935-10-15 12:00,44.318,,
,,,,1926-11-13 12:00,225.999,,,1927-03-07 12:00,47.091,,,1927-06-26 12:00,226.488,,,1927-10-17 12:00,45.976,,,1928-02-06 12:00,226.969,,,1928-05-29 12:00,46.468,,,1928-09-17 12:00,225.857,,,1929-01-09 12:00,46.959,,,1929-04-30 12:00,226.347,,,1929-08-21 12:00,45.837,,,1929-12-11 12:00,226.838,,,1930-04-03 12:00,46.325,,,1930-07-24 12:00,227.326,,,1930-11-14 12:00,46.817,,,1931-03-05 12:00,226.205,,,1931-06-26 12:00,45.708,,,1931-10-16 12:00,226.694,,,1932-02-06 12:00,46.198,,,1932-05-28 12:00,227.186,,,1932-09-18 12:00,46.682,,,1933-01-07 12:00,226.078,,,1933-04-30 12:00,45.57,,,1933-08-20 12:00,226.567,,,1933-12-11 12:00,46.062,,,1934-04-02 12:00,227.051,,,1934-07-24 12:00,46.548,,,1934-11-12 12:00,225.942,,,1935-03-06 12:00,47.036,,,1935-06-25 12:00,226.431,,,1935-10-16 12:00,45.92,,
,,,,1926-11-14 12:00,227.598,,,1927-03-08 12:00,48.694,,,1927-06-27 12:00,228.086,,,1927-10-18 12:00,47.579,,,1928-02-07 12:00,228.567,,,1928-05-30 12:00,48.071,,,1928-09-18 12:00,227.456,,,1929-01-10 12:00,48.562,,,1929-05-01 12:00,227.946,,,1929-08-22 12:00,47.44,,,1929-12-12 12:00,228.436,,,1930-04-04 12:00,47.928,,,1930-07-25 12:00,228.924,,,1930-11-15 12:00,48.421,,,1931-03-06 12:00,227.803,,,1931-06-27 12:00,47.311,,,1931-10-17 12:00,228.292,,,1932-02-07 12:00,47.801,,,1932-05-29 12:00,228.784,,,1932-09-19 12:00,48.285,,,1933-01-08 12:00,227.677,,,1933-05-01 12:00,47.173,,,1933-08-21 12:00,228.165,,,1933-12-12 12:00,47.666,,,1934-04-03 12:00,228.649,,,1934-07-25 12:00,48.152,,,1934-11-13 12:00,227.54,,,1935-03-07 12:00,48.639,,,1935-06-26 12:00,228.029,,,1935-10-17 12:00,47.523,,
,,,,1926-11-15 12:00,229.195,,,1927-03-09 12:00,50.298,,,1927-06-28 12:00,229.684,,,1927-10-19 12:00,49.182,,,1928-02-08 12:00,230.165,,,1928-05-31 12:00,49.675,,,1928-09-19 12:00,229.054,,,1929-01-11 12:00,50.166,,,1929-05-02 12:00,229.543,,,1929-08-23 12:00,49.043,,,1929-12-13 12:00,230.034,,,1930-04-05 12:00,49.532,,,1930-07-26 12:00,230.521,,,1930-11-16 12:00,50.025,,,1931-03-07 12:00,229.401,,,1931-06-28 12:00,48.914,,,1931-10-18 12:00,229.889,,,1932-02-08 12:00,49.405,,,1932-05-30 12:00,230.381,,,1932-09-20 12:00,49.889,,,1933-01-09 12:00,229.275,,,1933-05-02 12:00,48.777,,,1933-08-22 12:00,229.763,,,1933-12-13 12:00,49.269,,,1934-04-04 12:00,230.246,,,1934-07-26 12:00,49.756,,,1934-11-14 12:00,229.138,,,1935-03-08 12:00,50.243,,,1935-06-27 12:00,229.627,,,1935-10-18 12:00,49.127,,
,,,,1926-11-16 12:00,230.792,,,1927-03-10 12:00,51.903,,,1927-06-29 12:00,231.28,,,1927-10-20 12:00,50.787,,,1928-02-09 12:00,231.761,,,1928-06-01 12:00,51.279,,,1928-09-20 12:00,230.651,,,1929-01-12 12:00,51.771,,,1929-05-03 12:00,231.14,,,1929-08-24 12:00,50.647,,,1929-12-14 12:00,231.63,,,1930-04-06 12:00,51.136,,,1930-07-27 12:00,232.118,,,1930-11-17 12:00,51.629,,,1931-03-08 12:00,230.998,,,1931-06-29 12:00,50.518,,,1931-10-19 12:00,231.486,,,1932-02-09 12:00,51.009,,,1932-05-31 12:00,231.978,,,1932-09-21 12:00,51.493,,,1933-01-10 12:00,230.872,,,1933-05-03 12:00,50.381,,,1933-08-23 12:00,231.36,,,1933-12-14 12:00,50.873,,,1934-04-05 12:00,231.843,,,1934-07-27 12:00,51.36,,,1934-11-15 12:00,230.735,,,1935-03-09 12:00,51.848,,,1935-06-28 12:00,231.224,,,1935-10-19 12:00,50.731,,
,,,,1926-11-17 12:00,232.388,,,1927-03-11 12:00,53.508,,,1927-06-30 12:00,232.876,,,1927-10-21 12:00,52.391,,,1928-02-10 12:00,233.357,,,1928-06-02 12:00,52.884,,,1928-09-21 12:00,232.247,,,1929-01-13 12:00,53.376,,,1929-05-04 12:00,232.736,,,1929-08-25 12:00,52.252,,,1929-12-15 12:00,233.226,,,1930-04-07 12:00,52.741,,,1930-07-28 12:00,233.714,,,1930-11-18 12:00,53.234,,,1931-03-09 12:00,232.594,,,1931-06-30 12:00,52.123,,,1931-10-20 12:00,233.082,,,1932-02-10 12:00,52.614,,,1932-06-01 12:00,233.574,,,1932-09-22 12:00,53.098,,,1933-01-11 12:00,232.468,,,1933-05-04 12:00,51.985,,,1933-08-24 12:00,232.956,,,1933-12-15 12:00,52.478,,,1934-04-06 12:00,233.438,,,1934-07-28 12:00,52.965,,,1934-11-16 12:00,232.331,,,1935-03-10 12:00,53.453,,,1935-06-29 12:00,232.82,,,1935-10-20 12:00,52.335,,
,,,,1926-11-18 12:00,233.984,,,1927-03-12 12:00,55.113,,,1927-07-01 12:00,234.472,,,1927-10-22 12:00,53.996,,,1928-02-11 12:00,234.952,,,1928-06-03 12:00,54.489,,,1928-09-22 12:00,233.843,,,1929-01-14 12:00,54.981,,,1929-05-05 12:00,234.332,,,1929-08-26 12:00,53.857,,,1929-12-16 12:00,234.822,,,1930-04-08 12:00,54.346,,,1930-07-29 12:00,235.309,,,1930-11-19 12:00,54.839,,,1931-03-10 12:00,234.19,,,1931-07-01 12:00,53.728,,,1931-10-21 12:00,234.677,,,1932-02-11 12:00,54.219,,,1932-06-02 12:00,235.169,,,1932-09-23 12:00,54.703,,,1933-01-12 12:00,234.064,,,1933-05-05 12:00,53.59,,,1933-08-25 12:00,234.551,,,1933-12-16 12:00,54.083,,,1934-04-07 12:00,235.033,,,1934-07-29 12:00,54.57,,,1934-11-17 12:00,233.926,,,1935-03-11 12:00,55.058,,,1935-06-30 12:00,234.415,,,1935-10-21 12:00,53.94,,
,,,,1926-11-19 12:00,235.578,,,1927-03-13 12:00,56.719,,,1927-07-02 12:00,236.066,,,1927-10-23 12:00,55.601,,,1928-02-12 12:00,236.547,,,1928-06-04 12:00,56.095,,,1928-09-23 12:00,235.438,,,1929-01-15 12:00,56.587,,,1929-05-06 12:00,235.927,,,1929-08-27 12:00,55.462,,,1929-12-17 12:00,236.416,,,1930-04-09 12:00,55.952,,,1930-07-30 12:00,236.903,,,1930-11-20 12:00,56.445,,,1931-03-11 12:00,235.784,,,1931-07-02 12:00,55.333,,,1931-10-22 12:00,236.272,,,1932-02-12 12:00,55.824,,,1932-06-03 12:00,236.763,,,1932-09-24 12:00,56.308,,,1933-01-13 12:00,235.659,,,1933-05-06 12:00,55.195,,,1933-08-26 12:00,236.146,,,1933-12-17 12:00,55.688,,,1934-04-08 12:00,236.628,,,1934-07-30 12:00,56.176,,,1934-11-18 12:00,235.521,,,1935-03-12 12:00,56.664,,,1935-07-01 12:00,236.01,,,1935-10-22 12:00,55.546,,
,,,,1926-11-20 12:00,237.173,,,1927-03-14 12:00,58.326,,,1927-07-03 12:00,237.66,,,1927-10-24 12:00,57.207,,,1928-02-13 12:00,238.141,,,1928-06-05 12:00,57.701,,,1928-09-24 12:00,237.032,,,1929-01-16 12:00,58.193,,,1929-05-07 12:00,237.521,,,1929-08-28 12:00,57.068,,,1929-12-18 12:00,238.01,,,1930-04-10 12:00,57.558,,,1930-07-31 12:00,238.497,,,1930-11-21 12:00,58.051,,,1931-03-12 12:00,237.379,,,1931-07-03 12:00,56.939,,,1931-10-23 12:00,237.866,,,1932-02-13 12:00,57.431,,,1932-06-04 12:00,238.357,,,1932-09-25 12:00,57.915,,,1933-01-14 12:00,237.253,,,1933-05-07 12:00,56.801,,,1933-08-27 12:00,237.74,,,1933-12-18 12:00,57.294,,,1934-04-09 12:00,238.222,,,1934-07-31 12:00,57.782,,,1934-11-19 12:00,237.115,,,1935-03-13 12:00,58.271,,,1935-07-02 12:00,237.604,,,1935-10-23 12:00,57.152,,
,,,,1926-11-21 12:00,238.766,,,1927-03-15 12:00,59.933,,,1927-07-04 12:00,239.253,,,1927-10-25 12:00,58.814,,,1928-02-14 12:00,239.734,,,1928-06-06 12:00,59.307,,,1928-09-25 12:00,238.626,,,1929-01-17 12:00,59.8,,,1929-05-08 12:00,239.114,,,1929-08-29 12:00,58.675,,,1929-12-19 12:00,239.603,,,1930-04-11 12:00,59.164,,,1930-08-01 12:00,240.09,,,1930-11-22 12:00,59.658,,,1931-03-13 12:00,238.972,,,1931-07-04 12:00,58.546,,,1931-10-24 12:00,239.459,,,1932-02-14 12:00,59.037,,,1932-06-05 12:00,239.95,,,1932-09-26 12:00,59.521,,,1933-01-15 12:00,238.847,,,1933-05-08 12:00,58.407,,,1933-08-28 12:00,239.333,,,1933-12-19 12:00,58.901,,,1934-04-10 12:00,239.815,,,1934-08-01 12:00,59.389,,,1934-11-20 12:00,238.709,,,1935-03-14 12:00,59.878,,,1935-07-03 12:00,239.197,,,1935-10-24 12:00,58.758,,
,,,,1926-11-22 12:00,240.359,,,1927-03-16 12:00,61.54,,,1927-07-05 12:00,240.846,,,1927-10-26 12:00,60.421,,,1928-02-15 12:00,241.327,,,1928-06-07 12:00,60.915,,,1928-09-26 12:00,240.219,,,1929-01-18 12:00,61.407,,,1929-05-09 12:00,240.707,,,1929-08-30 12:00,60.282,,,1929-12-20 12:00,241.196,,,1930-04-12 12:00,60.772,,,1930-08-02 12:00,241.682,,,1930-11-23 12:00,61.265,,,1931-03-14 12:00,240.565,,,1931-07-05 12:00,60.153,,,1931-10-25 12:00,241.051,,,1932-02-15 12:00,60.644,,,1932-06-06 12:00,241.542,,,1932-09-27 12:00,61.128,,,1933-01-16 12:00,240.44,,,1933-05-09 12:00,60.014,,,1933-08-29 12:00,240.926,,,1933-12-20 12:00,60.508,,,1934-04-11 12:00,241.407,,,1934-08-02 12:00,60.996,,,1934-11-21 12:00,240.302,,,1935-03-15 12:00,61.485,,,1935-07-04 12:00,240.79,,,1935-10-25 12:00,60.365,,
,,,,1926-11-23 12:00,241.951,,,1927-03-17 12:00,63.148,,,1927-07-06 12:00,242.438,,,1927-10-27 12:00,62.028,,,1928-02-16 12:00,242.919,,,1928-06-08 12:00,62.522,,,1928-09-27 12:00,241.812,,,1929-01-19 12:00,63.015,,,1929-05-10 12:00,242.299,,,1929-08-31 12:00,61.89,,,1929-12-21 12:00,242.788,,,1930-04-13 12:00,62.379,,,1930-08-03 12:00,243.274,,,1930-11-24 12:00,62.873,,,1931-03-15 12:00,242.157,,,1931-07-06 12:00,61.76,,,1931-10-26 12:00,242.643,,,1932-02-16 12:00,62.252,,,1932-06-07 12:00,243.134,,,1932-09-28 12:00,62.736,,,1933-01-17 12:00,242.032,,,1933-05-10 12:00,61.621,,,1933-08-30 12:00,242.518,,,1933-12-21 12:00,62.115,,,1934-04-12 12:00,242.999,,,1934-08-03 12:00,62.604,,,1934-11-22 12:00,241.894,,,1935-03-16 12:00,63.093,,,1935-07-05 12:00,242.382,,,1935-10-26 12:00,61.973,,
,,,,1926-11-24 12:00,243.542,,,1927-03-18 12:00,64.757,,,1927-07-07 12:00,244.029,,,1927-10-28 12:00,63.636,,,1928-02-17 12:00,244.51,,,1928-06-09 12:00,64.13,,,1928-09-28 12:00,243.403,,,1929-01-20 12:00,64.623,,,1929-05-11 12:00,243.89,,,1929-09-01 12:00,63.498,,,1929-12-22 12:00,244.379,,,1930-04-14 12:00,63.987,,,1930-08-04 12:00,244.865,,,1930-11-25 12:00,64.481,,,1931-03-16 12:00,243.749,,,1931-07-07 12:00,63.368,,,1931-10-27 12:00,244.235,,,1932-02-17 12:00,63.86,,,1932-06-08 12:00,244.725,,,1932-09-29 12:00,64.344,,,1933-01-18 12:00,243.624,,,1933-05-11 12:00,63.229,,,1933-08-31 12:00,244.11,,,1933-12-22 12:00,63.723,,,1934-04-13 12:00,244.59,,,1934-08-04 12:00,64.212,,,1934-11-23 12:00,243.485,,,1935-03-17 12:00,64.702,,,1935-07-06 12:00,243.973,,,1935-10-27 12:00,63.581,,
,,,,1926-11-25 12:00,245.133,,,1927-03-19 12:00,66.366,,,1927-07-08 12:00,245.62,,,1927-10-29 12:00,65.245,,,1928-02-18 12:00,246.101,,,1928-06-10 12:00,65.739,,,1928-09-29 12:00,244.994,,,1929-01-21 12:00,66.232,,,1929-05-12 12:00,245.481,,,1929-09-02 12:00,65.106,,,1929-12-23 12:00,245.97,,,1930-04-15 12:00,65.596,,,1930-08-05 12:00,246.455,,,1930-11-26 12:00,66.09,,,1931-03-17 12:00,245.339,,,1931-07-08 12:00,64.976,,,1931-10-28 12:00,245.825,,,1932-02-18 12:00,65.469,,,1932-06-09 12:00,246.316,,,1932-09-30 12:00,65.953,,,1933-01-19 12:00,245.215,,,1933-05-12 12:00,64.837,,,1933-09-01 12:00,245.701,,,1933-12-23 12:00,65.332,,,1934-04-14 12:00,246.18,,,1934-08-05 12:00,65.821,,,1934-11-24 12:00,245.076,,,1935-03-18 12:00,66.311,,,1935-07-07 12:00,245.564,,,1935-10-28 12:00,65.189,,
,,,,1926-11-26 12:00,246.723,,,1927-03-20 12:00,67.975,,,1927-07-09 12:00,247.21,,,1927-10-30 12:00,66.854,,,1928-02-19 12:00,247.691,,,1928-06-11 12:00,67.348,,,1928-09-30 12:00,246.585,,,1929-01-22 12:00,67.841,,,1929-05-13 12:00,247.072,,,1929-09-03 12:00,66.715,,,1929-12-24 12:00,247.56,,,1930-04-16 12:00,67.205,,,1930-08-06 12:00,248.045,,,1930-11-27 12:00,67.699,,,1931-03-18 12:00,246.93,,,1931-07-09 12:00,66.585,,,1931-10-29 12:00,247.415,,,1932-02-19 12:00,67.078,,,1932-06-10 12:00,247.906,,,1932-10-01 12:00,67.562,,,1933-01-20 12:00,246.805,,,1933-05-13 12:00,66.446,,,1933-09-02 12:00,247.291,,,1933-12-24 12:00,66.941,,,1934-04-15 12:00,247.77,,,1934-08-06 12:00,67.431,,,1934-11-25 12:00,246.667,,,1935-03-19 12:00,67.92,,,1935-07-08 12:00,247.154,,,1935-10-29 12:00,66.798,,
,,,,1926-11-27 12:00,248.313,,,1927-03-21 12:00,69.585,,,1927-07-10 12:00,248.799,,,1927-10-31 12:00,68.463,,,1928-02-20 12:00,249.28,,,1928-06-12 12:00,68.957,,,1928-10-01 12:00,248.175,,,1929-01-23 12:00,69.451,,,1929-05-14 12:00,248.661,,,1929-09-04 12:00,68.325,,,1929-12-25 12:00,249.149,,,1930-04-17 12:00,68.815,,,1930-08-07 12:00,249.634,,,1930-11-28 12:00,69.309,,,1931-03-19 12:00,248.519,,,1931-07-10 12:00,68.195,,,1931-10-30 12:00,249.005,,,1932-02-20 12:00,68.687,,,1932-06-11 12:00,249.495,,,1932-10-02 12:00,69.172,,,1933-01-21 12:00,248.395,,,1933-05-14 12:00,68.055,,,1933-09-03 12:00,248.88,,,1933-12-25 12:00,68.55,,,1934-04-16 12:00,249.359,,,1934-08-07 12:00,69.04,,,1934-11-26 12:00,248.256,,,1935-03-20 12:00,69.53,,,1935-07-09 12:00,248.743,,,1935-10-30 12:00,68.407,,
,,,,1926-11-28 12:00,249.902,,,1927-03-22 12:00,71.195,,,1927-07-11 12:00,250.388,,,1927-11-01 12:00,70.073,,,1928-02-21 12:00,250.869,,,1928-06-13 12:00,70.567,,,1928-10-02 12:00,249.764,,,1929-01-24 12:00,71.061,,,1929-05-15 12:00,250.25,,,1929-09-05 12:00,69.935,,,1929-12-26 12:00,250.738,,,1930-04-18 12:00,70.425,,,1930-08-08 12:00,251.223,,,1930-11-29 12:00,70.919,,,1931-03-20 12:00,250.108,,,1931-07-11 12:00,69.805,,,1931-10-31 12:00,250.594,,,1932-02-21 12:00,70.297,,,1932-06-12 12:00,251.084,,,1932-10-03 12:00,70.782,,,1933-01-22 12:00,249.984,,,1933-05-15 12:00,69.665,,,1933-09-04 12:00,250.469,,,1933-12-26 12:00,70.16,,,1934-04-17 12:00,250.948,,,1934-08-08 12:00,70.651,,,1934-11-27 12:00,249.845,,,1935-03-21 12:00,71.14,,,1935-07-10 12:00,250.332,,,1935-10-31 12:00,70.017,,
,,,,1926-11-29 12:00,251.49,,,1927-03-23 12:00,72.806,,,1927-07-12 12:00,251.977,,,1927-11-02 12:00,71.684,,,1928-02-22 12:00,252.457,,,1928-06-14 12:00,72.178,,,1928-10-03 12:00,251.353,,,1929-01-25 12:00,72.672,,,1929-05-16 12:00,251.839,,,1929-09-06 12:00,71.545,,,1929-12-27 12:00,252.326,,,1930-04-19 12:00,72.036,,,1930-08-09 12:00,252.811,,,1930-11-30 12:00,72.53,,,1931-03-21 12:00,251.697,,,1931-07-12 12:00,71.415,,,1931-11-01 12:00,252.182,,,1932-02-22 12:00,71.908,,,1932-06-13 12:00,252.672,,,1932-10-04 12:00,72.392,,,1933-01-23 12:00,251.573,,,1933-05-16 12:00,71.275,,,1933-09-05 12:00,252.058,,,1933-12-27 12:00,71.771,,,1934-04-18 12:00,252.536,,,1934-08-09 12:00,72.261,,,1934-11-28 12:00,251.434,,,1935-03-22 12:00,72.751,,,1935-07-11 12:00,251.921,,,1935-11-01 12:00,71.628,,
,,,,1926-11-30 12:00,253.078,,,1927-03-24 12:00,74.418,,,1927-07-13 12:00,253.564,,,1927-11-03 12:00,73.295,,,1928-02-23 12:00,254.045,,,1928-06-15 12:00,73.789,,,1928-10-04 12:00,252.941,,,1929-01-26 12:00,74.283,,,1929-05-17 12:00,253.427,,,1929-09-07 12:00,73.156,,,1929-12-28 12:00,253.914,,,1930-04-20 12:00,73.647,,,1930-08-10 12:00,254.399,,,1930-12-01 12:00,74.141,,,1931-03-22 12:00,253.285,,,1931-07-13 12:00,73.026,,,1931-11-02 12:00,253.77,,,1932-02-23 12:00,73.519,,,1932-06-14 12:00,254.26,,,1932-10-05 12:00,74.004,,,1933-01-24 12:00,253.161,,,1933-05-17 12:00,72.886,,,1933-09-06 12:00,253.646,,,1933-12-28 12:00,73.382,,,1934-04-19 12:00,254.124,,,1934-08-10 12:00,73.873,,,1934-11-29 12:00,253.022,,,1935-03-23 12:00,74.363,,,1935-07-12 12:00,253.509,,,1935-11-02 12:00,73.239,,
,,,,1926-12-01 12:00,254.666,,,1927-03-25 12:00,76.03,,,1927-07-14 12:00,255.152,,,1927-11-04 12:00,74.906,,,1928-02-24 12:00,255.633,,,1928-06-16 12:00,75.401,,,1928-10-05 12:00,254.529,,,1929-01-27 12:00,75.895,,,1929-05-18 12:00,255.014,,,1929-09-08 12:00,74.768,,,1929-12-29 12:00,255.502,,,1930-04-21 12:00,75.258,,,1930-08-11 12:00,255.986,,,1930-12-02 12:00,75.753,,,1931-03-23 12:00,254.873,,,1931-07-14 12:00,74.638,,,1931-11-03 12:00,255.358,,,1932-02-24 12:00,75.131,,,1932-06-15 12:00,255.847,,,1932-10-06 12:00,75.615,,,1933-01-25 12:00,254.749,,,1933-05-18 12:00,74.497,,,1933-09-07 12:00,255.233,,,1933-12-29 12:00,74.993,,,1934-04-20 12:00,255.711,,,1934-08-11 12:00,75.485,,,1934-11-30 12:00,254.609,,,1935-03-24 12:00,75.975,,,1935-07-13 12:00,255.096,,,1935-11-03 12:00,74.85,,
,,,,1926-12-02 12:00,256.253,,,1927-03-26 12:00,77.642,,,1927-07-15 12:00,256.739,,,1927-11-05 12:00,76.518,,,1928-02-25 12:00,257.219,,,1928-06-17 12:00,77.013,,,1928-10-06 12:00,256.116,,,1929-01-28 12:00,77.507,,,1929-05-19 12:00,256.601,,,1929-09-09 12:00,76.38,,,1929-12-30 12:00,257.088,,,1930-04-22 12:00,76.871,,,1930-08-12 12:00,257.573,,,1930-12-03 12:00,77.365,,,1931-03-24 12:00,256.46,,,1931-07-15 12:00,76.25,,,1931-11-04 12:00,256.944,,,1932-02-25 12:00,76.743,,,1932-06-16 12:00,257.433,,,1932-10-07 12:00,77.227,,,1933-01-26 12:00,256.336,,,1933-05-19 12:00,76.109,,,1933-09-08 12:00,256.82,,,1933-12-30 12:00,76.605,,,1934-04-21 12:00,257.298,,,1934-08-12 12:00,77.097,,,1934-12-01 12:00,256.196,,,1935-03-25 12:00,77.587,,,1935-07-14 12:00,256.683,,,1935-11-04 12:00,76.462,,
,,,,1926-12-03 12:00,257.839,,,1927-03-27 12:00,79.255,,,1927-07-16 12:00,258.325,,,1927-11-06 12:00,78.13,,,1928-02-26 12:00,258.806,,,1928-06-18 12:00,78.625,,,1928-10-07 12:00,257.703,,,1929-01-29 12:00,79.12,,,1929-05-20 12:00,258.188,,,1929-09-10 12:00,77.992,,,1929-12-31 12:00,258.675,,,1930-04-23 12:00,78.483,,,1930-08-13 12:00,259.159,,,1930-12-04 12:00,78.978,,,1931-03-25 12:00,258.046,,,1931-07-16 12:00,77.862,,,1931-11-05 12:00,258.531,,,1932-02-26 12:00,78.355,,,1932-06-17 12:00,259.02,,,1932-10-08 12:00,78.84,,,1933-01-27 12:00,257.923,,,1933-05-20 12:00,77.721,,,1933-09-09 12:00,258.407,,,1933-12-31 12:00,78.218,,,1934-04-22 12:00,258.884,,,1934-08-13 12:00,78.71,,,1934-12-02 12:00,257.783,,,1935-03-26 12:00,79.2,,,1935-07-15 12:00,258.269,,,1935-11-05 12:00,78.075,,
,,,,1926-12-04 12:00,259.425,,,1927-03-28 12:00,80.869,,,1927-07-17 12:00,259.911,,,1927-11-07 12:00,79.743,,,1928-02-27 12:00,260.392,,,1928-06-19 12:00,80.239,,,1928-10-08 12:00,259.289,,,1929-01-30 12:00,80.733,,,1929-05-21 12:00,259.774,,,1929-09-11 12:00,79.605,,,1930-01-01 12:00,260.26,,,1930-04-24 12:00,80.096,,,1930-08-14 12:00,260.745,,,1930-12-05 12:00,80.591,,,1931-03-26 12:00,259.632,,,1931-07-17 12:00,79.475,,,1931-11-06 12:00,260.117,,,1932-02-27 12:00,79.968,,,1932-06-18 12:00,260.606,,,1932-10-09 12:00,80.453,,,1933-01-28 12:00,259.509,,,1933-05-21 12:00,79.334,,,1933-09-10 12:00,259.993,,,1934-01-01 12:00,79.831,,,1934-04-23 12:00,260.47,,,1934-08-14 12:00,80.323,,,1934-12-03 12:00,259.369,,,1935-03-27 12:00,80.813,,,1935-07-16 12:00,259.855,,,1935-11-06 12:00,79.688,,
,,,,1926-12-05 12:00,261.01,,,1927-03-29 12:00,82.483,,,1927-07-18 12:00,261.496,,,1927-11-08 12:00,81.357,,,1928-02-28 12:00,261.977,,,1928-06-20 12:00,81.852,,,1928-10-09 12:00,260.875,,,1929-01-31 12:00,82.347,,,1929-05-22 12:00,261.359,,,1929-09-12 12:00,81.219,,,1930-01-02 12:00,261.846,,,1930-04-25 12:00,81.71,,,1930-08-15 12:00,262.33,,,1930-12-06 12:00,82.205,,,1931-03-27 12:00,261.218,,,1931-07-18 12:00,81.088,,,1931-11-07 12:00,261.702,,,1932-02-28 12:00,81.582,,,1932-06-19 12:00,262.191,,,1932-10-10 12:00,82.067,,,1933-01-29 12:00,261.094,,,1933-05-22 12:00,80.948,,,1933-09-11 12:00,261.578,,,1934-01-02 12:00,81.444,,,1934-04-24 12:00,262.055,,,1934-08-15 12:00,81.937,,,1934-12-04 12:00,260.954,,,1935-03-28 12:00,82.427,,,1935-07-17 12:00,261.441,,,1935-11-07 12:00,81.301,,
,,,,1926-12-06 12:00,262.596,,,1927-03-30 12:00,84.097,,,1927-07-19 12:00,263.081,,,1927-11-09 12:00,82.971,,,1928-02-29 12:00,263.562,,,1928-06-21 12:00,83.466,,,1928-10-10 12:00,262.46,,,1929-02-01 12:00,83.961,,,1929-05-23 12:00,262.944,,,1929-09-13 12:00,82.833,,,1930-01-03 12:00,263.431,,,1930-04-26 12:00,83.324,,,1930-08-16 12:00,263.915,,,1930-12-07 12:00,83.819,,,1931-03-28 12:00,262.803,,,1931-07-19 12:00,82.702,,,1931-11-08 12:00,263.287,,,1932-02-29 12:00,83.196,,,1932-06-20 12:00,263.776,,,1932-10-11 12:00,83.681,,,1933-01-30 12:00,262.68,,,1933-05-23 12:00,82.561,,,1933-09-12 12:00,263.164,,,1934-01-03 12:00,83.058,,,1934-04-25 12:00,263.64,,,1934-08-16 12:00,83.551,,,1934-12-05 12:00,262.539,,,1935-03-29 12:00,84.042,,,1935-07-18 12:00,263.026,,,1935-11-08 12:00,82.915,,
,,,,1926-12-07 12:00,264.18,,,1927-03-31 12:00,85.712,,,1927-07-20 12:00,264.666,,,1927-11-10 12:00,84.585,,,1928-03-01 12:00,265.147,,,1928-06-22 12:00,85.081,,,1928-10-11 12:00,264.045,,,1929-02-02 12:00,85.576,,,1929-05-24 12:00,264.529,,,1929-09-14 12:00,84.447,,,1930-01-04 12:00,265.015,,,1930-04-27 12:00,84.939,,,1930-08-17 12:00,265.499,,,1930-12-08 12:00,85.434,,,1931-03-29 12:00,264.388,,,1931-07-20 12:00,84.317,,,1931-11-09 12:00,264.872,,,1932-03-01 12:00,84.811,,,1932-06-21 12:00,265.361,,,1932-10-12 12:00,85.296,,,1933-01-31 12:00,264.264,,,1933-05-24 12:00,84.176,,,1933-09-13 12:00,264.748,,,1934-01-04 12:00,84.673,,,1934-04-26 12:00,265.224,,,1934-08-17 12:00,85.166,,,1934-12-06 12:00,264.124,,,1935-03-30 12:00,85.657,,,1935-07-19 12:00,264.611,,,1935-11-09 12:00,84.529,,
,,,,1926-12-08 12:00,265.765,,,1927-04-01 12:00,87.328,,,1927-07-21 12:00,266.25,,,1927-11-11 12:00,86.2,,,1928-03-02 12:00,266.731,,,1928-06-23 12:00,86.696,,,1928-10-12 12:00,265.629,,,1929-02-03 12:00,87.191,,,1929-05-25 12:00,266.113,,,1929-09-15 12:00,86.062,,,1930-01-05 12:00,266.6,,,1930-04-28 12:00,86.554,,,1930-08-18 12:00,267.083,,,1930-12-09 12:00,87.049,,,1931-03-30 12:00,265.972,,,1931-07-21 12:00,85.931,,,1931-11-10 12:00,266.456,,,1932-03-02 12:00,86.426,,,1932-06-22 12:00,266.945,,,1932-10-13 12:00,86.911,,,1933-02-01 12:00,265.849,,,1933-05-25 12:00,85.79,,,1933-09-14 12:00,266.333,,,1934-01-05 12:00,86.288,,,1934-04-27 12:00,266.808,,,1934-08-18 12:00,86.781,,,1934-12-07 12:00,265.709,,,1935-03-31 12:00,87.272,,,1935-07-20 12:00,266.195,,,1935-11-10 12:00,86.144,,
,,,,1926-12-09 12:00,267.348,,,1927-04-02 12:00,88.944,,,1927-07-22 12:00,267.834,,,1927-11-12 12:00,87.816,,,1928-03-03 12:00,268.315,,,1928-06-24 12:00,88.311,,,1928-10-13 12:00,267.214,,,1929-02-04 12:00,88.807,,,1929-05-26 12:00,267.697,,,1929-09-16 12:00,87.678,,,1930-01-06 12:00,268.183,,,1930-04-29 12:00,88.17,,,1930-08-19 12:00,268.667,,,1930-12-10 12:00,88.665,,,1931-03-31 12:00,267.557,,,1931-07-22 12:00,87.547,,,1931-11-11 12:00,268.04,,,1932-03-03 12:00,88.041,,,1932-06-23 12:00,268.529,,,1932-10-14 12:00,88.526,,,1933-02-02 12:00,267.433,,,1933-05-26 12:00,87.406,,,1933-09-15 12:00,267.917,,,1934-01-06 12:00,87.903,,,1934-04-28 12:00,268.392,,,1934-08-19 12:00,88.397,,,1934-12-08 12:00,267.293,,,1935-04-01 12:00,88.888,,,1935-07-21 12:00,267.779,,,1935-11-11 12:00,87.76,,
,,,,1926-12-10 12:00,268.932,,,1927-04-03 12:00,90.56,,,1927-07-23 12:00,269.417,,,1927-11-13 12:00,89.431,,,1928-03-04 12:00,269.899,,,1928-06-25 12:00,89.927,,,1928-10-14 12:00,268.797,,,1929-02-05 12:00,90.423,,,1929-05-27 12:00,269.281,,,1929-09-17 12:00,89.294,,,1930-01-07 12:00,269.767,,,1930-04-30 12:00,89.786,,,1930-08-20 12:00,270.25,,,1930-12-11 12:00,90.281,,,1931-04-01 12:00,269.14,,,1931-07-23 12:00,89.163,,,1931-11-12 12:00,269.624,,,1932-03-04 12:00,89.657,,,1932-06-24 12:00,270.112,,,1932-10-15 12:00,90.143,,,1933-02-03 12:00,269.017,,,1933-05-27 12:00,89.022,,,1933-09-16 12:00,269.5,,,1934-01-07 12:00,89.519,,,1934-04-29 12:00,269.975,,,1934-08-20 12:00,90.013,,,1934-12-09 12:00,268.876,,,1935-04-02 12:00,90.504,,,1935-07-22 12:00,269.362,,,1935-11-12 12:00,89.376,,
,,,,1926-12-11 12:00,270.515,,,1927-04-04 12:00,92.177,,,1927-07-24 12:00,271.0,,,1927-11-14 12:00,91.048,,,1928-03-05 12:00,271.482,,,1928-06-26 12:00,91.544,,,1928-10-15 12:00,270.381,,,1929-02-06 12:00,92.04,,,1929-05-28 12:00,270.864,,,1929-09-18 12:00,90.91,,,1930-01-08 12:00,271.35,,,1930-05-01 12:00,91.402,,,1930-08-21 12:00,271.834,,,1930-12-12 12:00,91.898,,,1931-04-02 12:00,270.724,,,1931-07-24 12:00,90.779,,,1931-11-13 12:00,271.207,,,1932-03-05 12:00,91.274,,,1932-06-25 12:00,271.695,,,1932-10-16 12:00,91.759,,,1933-02-04 12:00,270.6,,,1933-05-28 12:00,90.638,,,1933-09-17 12:00,271.084,,,1934-01-08 12:00,91.135,,,1934-04-30 12:00,271.558,,,1934-08-21 12:00,91.63,,,1934-12-10 12:00,270.46,,,1935-04-03 12:00,92.121,,,1935-07-23 12:00,270.945,,,1935-11-13 12:00,90.992,,
,,,,1926-12-12 12:00,272.098,,,1927-04-05 12:00,93.794,,,1927-07-25 12:00,272.583,,,1927-11-15 12:00,92.665,,,1928-03-06 12:00,273.065,,,1928-06-27 12:00,93.161,,,1928-10-16 12:00,271.964,,,1929-02-07 12:00,93.657,,,1929-05-29 12:00,272.447,,,1929-09-19 12:00,92.527,,,1930-01-09 12:00,272.933,,,1930-05-02 12:00,93.02,,,1930-08-22 12:00,273.416,,,1930-12-13 12:00,93.515,,,1931-04-03 12:00,272.307,,,1931-07-25 12:00,92.396,,,1931-11-14 12:00,272.79,,,1932-03-06 12:00,92.891,,,1932-06-26 12:00,273.278,,,1932-10-17 12:00,93.376,,,1933-02-05 12:00,272.183,,,1933-05-29 12:00,92.255,,,1933-09-18 12:00,272.667,,,1934-01-09 12:00,92.752,,,1934-05-01 12:00,273.141,,,1934-08-22 12:00,93.247,,,1934-12-11 12:00,272.043,,,1935-04-04 12:00,93.739,,,1935-07-24 12:00,272.528,,,1935-11-14 12:00,92.609,,
,,,,1926-12-13 12:00,273.681,,,1927-04-06 12:00,95.412,,,1927-07-26 12:00,274.166,,,1927-11-16 12:00,94.282,,,1928-03-07 12:00,274.647,,,1928-06-28 12:00,94.778,,,1928-10-17 12:00,273.547,,,1929-02-08 12:00,95.275,,,1929-05-30 12:00,274.03,,,1929-09-20 12:00,94.145,,,1930-01-10 12:00,274.515,,,1930-05-03 12:00,94.637,,,1930-08-23 12:00,274.999,,,1930-12-14 12:00,95.133,,,1931-04-04 12:00,273.889,,,1931-07-26 12:00,94.013,,,1931-11-15 12:00,274.373,,,1932-03-07 12:00,94.508,,,1932-06-27 12:00,274.861,,,1932-10-18 12:00,94.994,,,1933-02-06 12:00,273.766,,,1933-05-30 12:00,93.872,,,1933-09-19 12:00,274.249,,,1934-01-10 12:00,94.37,,,1934-05-02 12:00,274.724,,,1934-08-23 12:00,94.864,,,1934-12-12 12:00,273.625,,,1935-04-05 12:00,95.356,,,1935-07-25 12:00,274.111,,,1935-11-15 12:00,94.226,,
,,,,1926-12-14 12:00,275.263,,,1927-04-07 12:00,97.03,,,1927-07-27 12:00,275.748,,,1927-11-17 12:00,95.9,,,1928-03-08 12:00,276.23,,,1928-06-29 12:00,96.396,,,1928-10-18 12:00,275.129,,,1929-02-09 12:00,96.893,,,1929-05-31 12:00,275.612,,,1929-09-21 12:00,95.763,,,1930-01-11 12:00,276.098,,,1930-05-04 12:00,96.255,,,1930-08-24 12:00,276.581,,,1930-12-15 12:00,96.751,,,1931-04-05 12:00,275.472,,,1931-07-27 12:00,95.631,,,1931-11-16 12:00,275.955,,,1932-03-08 12:00,96.126,,,1932-06-28 12:00,276.443,,,1932-10-19 12:00,96.612,,,1933-02-07 12:00,275.349,,,1933-05-31 12:00,95.489,,,1933-09-20 12:00,275.832,,,1934-01-11 12:00,95.988,,,1934-05-03 12:00,276.306,,,1934-08-24 12:00,96.483,,,1934-12-13 12:00,275.208,,,1935-04-06 12:00,96.975,,,1935-07-26 12:00,275.693,,,1935-11-16 12:00,95.844,,
,,,,1926-12-15 12:00,276.845,,,1927-04-08 12:00,98.649,,,1927-07-28 12:00,277.33,,,1927-11-18 12:00,97.518,,,1928-03-09 12:00,277.812,,,1928-06-30 12:00,98.014,,,1928-10-19 12:00,276.712,,,1929-02-10 12:00,98.511,,,1929-06-01 12:00,277.194,,,1929-09-22 12:00,97.381,,,1930-01-12 12:00,277.68,,,1930-05-05 12:00,97.874,,,1930-08-25 12:00,278.163,,,1930-12-16 12:00,98.369,,,1931-04-06 12:00,277.054,,,1931-07-28 12:00,97.249,,,1931-11-17 12:00,277.537,,,1932-03-09 12:00,97.744,,,1932-06-29 12:00,278.025,,,1932-10-20 12:00,98.23,,,1933-02-08 12:00,276.931,,,1933-06-01 12:00,97.108,,,1933-09-21 12:00,277.414,,,1934-01-12 12:00,97.606,,,1934-05-04 12:00,277.888,,,1934-08-25 12:00,98.101,,,1934-12-14 12:00,276.79,,,1935-04-07 12:00,98.593,,,1935-07-27 12:00,277.275,,,1935-11-17 12:00,97.462,,
,,,,1926-12-16 12:00,278.427,,,1927-04-09 12:00,100.268,,,1927-07-29 12:00,278.912,,,1927-11-19 12:00,99.137,,,1928-03-10 12:00,279.394,,,1928-07-01 12:00,99.633,,,1928-10-20 12:00,278.294,,,1929-02-11 12:00,100.13,,,1929-06-02 12:00,278.776,,,1929-09-23 12:00,99.0,,,1930-01-13 12:00,279.262,,,1930-05-06 12:00,99.493,,,1930-08-26 12:00,279.745,,,1930-12-17 12:00,99.988,,,1931-04-07 12:00,278.636,,,1931-07-29 12:00,98.868,,,1931-11-18 12:00,279.119,,,1932-03-10 12:00,99.363,,,1932-06-30 12:00,279.607,,,1932-10-21 12:00,99.849,,,1933-02-09 12:00,278.513,,,1933-06-02 12:00,98.726,,,1933-09-22 12:00,278.996,,,1934-01-13 12:00,99.225,,,1934-05-05 12:00,279.47,,,1934-08-26 12:00,99.72,,,1934-12-15 12:00,278.372,,,1935-04-08 12:00,100.212,,,1935-07-28 12:00,278.857,,,1935-11-18 12:00,99.081,,
,,,,1926-12-17 12:00,280.009,,,1927-04-10 12:00,101.888,,,1927-07-30 12:00,280.494,,,1927-11-20 12:00,100.756,,,1928-03-11 12:00,280.976,,,1928-07-02 12:00,101.253,,,1928-10-21 12:00,279.876,,,1929-02-12 12:00,101.749,,,1929-06-03 12:00,280.358,,,1929-09-24 12:00,100.619,,,1930-01-14 12:00,280.843,,,1930-05-07 12:00,101.112,,,1930-08-27 12:00,281.326,,,1930-12-18 12:00,101.608,,,1931-04-08 12:00,280.218,,,1931-07-30 12:00,100.487,,,1931-11-19 12:00,280.701,,,1932-03-11 12:00,100.982,,,1932-07-01 12:00,281.189,,,1932-10-22 12:00,101.469,,,1933-02-10 12:00,280.095,,,1933-06-03 12:00,100.345,,,1933-09-23 12:00,280.578,,,1934-01-14 12:00,100.844,,,1934-05-06 12:00,281.052,,,1934-08-27 12:00,101.339,,,1934-12-16 12:00,279.953,,,1935-04-09 12:00,101.832,,,1935-07-29 12:00,280.439,,,1935-11-19 12:00,100.7,,
,,,,1926-12-18 12:00,281.59,,,1927-04-11 12:00,103.508,,,1927-07-31 12:00,282.075,,,1927-11-21 12:00,102.375,,,1928-03-12 12:00,282.557,,,1928-07-03 12:00,102.872,,,1928-10-22 12:00,281.458,,,1929-02-13 12:00,103.369,,,1929-06-04 12:00,281.939,,,1929-09-25 12:00,102.239,,,1930-01-15 12:00,282.425,,,1930-05-08 12:00,102.732,,,1930-08-28 12:00,282.908,,,1930-12-19 12:00,103.227,,,1931-04-09 12:00,281.8,,,1931-07-31 12:00,102.106,,,1931-11-20 12:00,282.283,,,1932-03-12 12:00,102.602,,,1932-07-02 12:00,282.77,,,1932-10-23 12:00,103.088,,,1933-02-11 12:00,281.676,,,1933-06-04 12:00,101.965,,,1933-09-24 12:00,282.159,,,1934-01-15 12:00,102.464,,,1934-05-07 12:00,282.633,,,1934-08-28 12:00,102.959,,,1934-12-17 12:00,281.535,,,1935-04-10 12:00,103.452,,,1935-07-30 12:00,282.021,,,1935-11-20 12:00,102.32,,
,,,,1926-12-19 12:00,283.172,,,1927-04-12 12:00,105.128,,,1927-08-01 12:00,283.657,,,1927-11-22 12:00,103.995,,,1928-03-13 12:00,284.139,,,1928-07-04 12:00,104.492,,,1928-10-23 12:00,283.039,,,1929-02-14 12:00,104.989,,,1929-06-05 12:00,283.521,,,1929-09-26 12:00,103.859,,,1930-01-16 12:00,284.006,,,1930-05-09 12:00,104.352,,,1930-08-29 12:00,284.489,,,1930-12-20 12:00,104.848,,,1931-04-10 12:00,283.381,,,1931-08-01 12:00,103.726,,,1931-11-21 12:00,283.864,,,1932-03-13 12:00,104.222,,,1932-07-03 12:00,284.352,,,1932-10-24 12:00,104.709,,,1933-02-12 12:00,283.258,,,1933-06-05 12:00,103.584,,,1933-09-25 12:00,283.741,,,1934-01-16 12:00,104.084,,,1934-05-08 12:00,284.214,,,1934-08-29 12:00,104.579,,,1934-12-18 12:00,283.116,,,1935-04-11 12:00,105.072,,,1935-07-31 12:00,283.602,,,1935-11-21 12:00,103.94,,
,,,,1926-12-20 12:00,284.753,,,1927-04-13 12:00,106.749,,,1927-08-02 12:00,285.238,,,1927-11-23 12:00,105.616,,,1928-03-14 12:00,285.72,,,1928-07-05 12:00,106.113,,,1928-10-24 12:00,284.621,,,1929-02-15 12:00,106.61,,,1929-06-06 12:00,285.102,,,1929-09-27 12:00,105.479,,,1930-01-17 12:00,285.587,,,1930-05-10 12:00,105.973,,,1930-08-30 12:00,286.07,,,1930-12-21 12:00,106.468,,,1931-04-11 12:00,284.963,,,1931-08-02 12:00,105.346,,,1931-11-22 12:00,285.445,,,1932-03-14 12:00,105.842,,,1932-07-04 12:00,285.933,,,1932-10-25 12:00,106.329,,,1933-02-13 12:00,284.839,,,1933-06-06 12:00,105.205,,,1933-09-26 12:00,285.322,,,1934-01-17 12:00,105.704,,,1934-05-09 12:00,285.795,,,1934-08-30 12:00,106.2,,,1934-12-19 12:00,284.697,,,1935-04-12 12:00,106.693,,,1935-08-01 12:00,285.183,,,1935-11-22 12:00,105.56,,
,,,,1926-12-21 12:00,286.334,,,1927-04-14 12:00,108.37,,,1927-08-03 12:00,286.819,,,1927-11-24 12:00,107.237,,,1928-03-15 12:00,287.301,,,1928-07-06 12:00,107.734,,,1928-10-25 12:00,286.202,,,1929-02-16 12:00,108.231,,,1929-06-07 12:00,286.683,,,1929-09-28 12:00,107.1,,,1930-01-18 12:00,287.168,,,1930-05-11 12:00,107.594,,,1930-08-31 12:00,287.651,,,1930-12-22 12:00,108.089,,,1931-04-12 12:00,286.544,,,1931-08-03 12:00,106.967,,,1931-11-23 12:00,287.027,,,1932-03-15 12:00,107.463,,,1932-07-05 12:00,287.514,,,1932-10-26 12:00,107.95,,,1933-02-14 12:00,286.42,,,1933-06-07 12:00,106.825,,,1933-09-27 12:00,286.903,,,1934-01-18 12:00,107.325,,,1934-05-10 12:00,287.376,,,1934-08-31 12:00,107.821,,,1934-12-20 12:00,286.279,,,1935-04-13 12:00,108.314,,,1935-08-02 12:00,286.764,,,1935-11-23 12:00,107.181,,
,,,,1926-12-22 12:00,287.915,,,1927-04-15 12:00,109.992,,,1927-08-04 12:00,288.4,,,1927-11-25 12:00,108.858,,,1928-03-16 12:00,288.882,,,1928-07-07 12:00,109.355,,,1928-10-26 12:00,287.783,,,1929-02-17 12:00,109.852,,,1929-06-08 12:00,288.264,,,1929-09-29 12:00,108.722,,,1930-01-19 12:00,288.749,,,1930-05-12 12:00,109.215,,,1930-09-01 12:00,289.232,,,1930-12-23 12:00,109.711,,,1931-04-13 12:00,288.125,,,1931-08-04 12:00,108.588,,,1931-11-24 12:00,288.608,,,1932-03-16 12:00,109.084,,,1932-07-06 12:00,289.095,,,1932-10-27 12:00,109.572,,,1933-02-15 12:00,288.001,,,1933-06-08 12:00,108.447,,,1933-09-28 12:00,288.484,,,1934-01-19 12:00,108.946,,,1934-05-11 12:00,288.957,,,1934-09-01 12:00,109.443,,,1934-12-21 12:00,287.86,,,1935-04-14 12:00,109.936,,,1935-08-03 12:00,288.345,,,1935-11-24 12:00,108.802,,
,,,,1926-12-23 12:00,289.496,,,1927-04-16 12:00,111.614,,,1927-08-05 12:00,289.98,,,1927-11-26 12:00,110.479,,,1928-03-17 12:00,290.463,,,1928-07-08 12:00,110.977,,,1928-10-27 12:00,289.364,,,1929-02-18 12:00,111.474,,,1929-06-09 12:00,289.845,,,1929-09-30 12:00,110.343,,,1930-01-20 12:00,290.33,,,1930-05-13 12:00,110.837,,,1930-09-02 12:00,290.813,,,1930-12-24 12:00,111.333,,,1931-04-14 12:00,289.706,,,1931-08-05 12:00,110.21,,,1931-11-25 12:00,290.189,,,1932-03-17 12:00,110.706,,,1932-07-07 12:00,290.676,,,1932-10-28 12:00,111.193,,,1933-02-16 12:00,289.582,,,1933-06-09 12:00,110.068,,,1933-09-29 12:00,290.065,,,1934-01-20 12:00,110.568,,,1934-05-12 12:00,290.538,,,1934-09-02 12:00,111.064,,,1934-12-22 12:00,289.44,,,1935-04-15 12:00,111.558,,,1935-08-04 12:00,289.926,,,1935-11-25 12:00,110.423,,
,,,,1926-12-24 12:00,291.076,,,1927-04-17 12:00,113.236,,,1927-08-06 12:00,291.561,,,1927-11-27 12:00,112.101,,,1928-03-18 12:00,292.044,,,1928-07-09 12:00,112.599,,,1928-10-28 12:00,290.945,,,1929-02-19 12:00,113.096,,,1929-06-10 12:00,291.426,,,1929-10-01 12:00,111.965,,,1930-01-21 12:00,291.911,,,1930-05-14 12:00,112.459,,,1930-09-03 12:00,292.394,,,1930-12-25 12:00,112.955,,,1931-04-15 12:00,291.287,,,1931-08-06 12:00,111.831,,,1931-11-26 12:00,291.77,,,1932-03-18 12:00,112.328,,,1932-07-08 12:00,292.257,,,1932-10-29 12:00,112.815,,,1933-02-17 12:00,291.163,,,1933-06-10 12:00,111.69,,,1933-09-30 12:00,291.646,,,1934-01-21 12:00,112.19,,,1934-05-13 12:00,292.119,,,1934-09-03 12:00,112.687,,,1934-12-23 12:00,291.021,,,1935-04-16 12:00,113.18,,,1935-08-05 12:00,291.507,,,1935-11-26 12:00,112.045,,
,,,,1926-12-25 12:00,292.657,,,1927-04-18 12:00,114.859,,,1927-08-07 12:00,293.142,,,1927-11-28 12:00,113.724,,,1928-03-19 12:00,293.625,,,1928-07-10 12:00,114.221,,,1928-10-29 12:00,292.526,,,1929-02-20 12:00,114.719,,,1929-06-11 12:00,293.007,,,1929-10-02 12:00,113.588,,,1930-01-22 12:00,293.491,,,1930-05-15 12:00,114.082,,,1930-09-04 12:00,293.975,,,1930-12-26 12:00,114.577,,,1931-04-16 12:00,292.868,,,1931-08-07 12:00,113.454,,,1931-11-27 12:00,293.351,,,1932-03-19 12:00,113.95,,,1932-07-09 12:00,293.838,,,1932-10-30 12:00,114.438,,,1933-02-18 12:00,292.744,,,1933-06-11 12:00,113.312,,,1933-10-01 12:00,293.227,,,1934-01-22 12:00,113.812,,,1934-05-14 12:00,293.7,,,1934-09-04 12:00,114.309,,,1934-12-24 12:00,292.602,,,1935-04-17 12:00,114.803,,,1935-08-06 12:00,293.087,,,1935-11-27 12:00,113.668,,
,,,,1926-12-26 12:00,294.238,,,1927-04-19 12:00,116.482,,,1927-08-08 12:00,294.723,,,1927-11-29 12:00,115.346,,,1928-03-20 12:00,295.206,,,1928-07-11 12:00,115.843,,,1928-10-30 12:00,294.107,,,1929-02-21 12:00,116.342,,,1929-06-12 12:00,294.587,,,1929-10-03 12:00,115.21,,,1930-01-23 12:00,295.072,,,1930-05-16 12:00,115.704,,,1930-09-05 12:00,295.555,,,1930-12-27 12:00,116.2,,,1931-04-17 12:00,294.449,,,1931-08-08 12:00,115.076,,,1931-11-28 12:00,294.932,,,1932-03-20 12:00,115.573,,,1932-07-10 12:00,295.418,,,1932-10-31 12:00,116.061,,,1933-02-19 12:00,294.325,,,1933-06-12 12:00,114.935,,,1933-10-02 12:00,294.808,,,1934-01-23 12:00,115.435,,,1934-05-15 12:00,295.281,,,1934-09-05 12:00,115.932,,,1934-12-25 12:00,294.183,,,1935-04-18 12:00,116.426,,,1935-08-07 12:00,294.668,,,1935-11-28 12:00,115.29,,
,,,,1926-12-27 12:00,295.819,,,1927-04-20 12:00,118.105,,,1927-08-09 12:00,296.303,,,1927-11-30 12:00,116.969,,,1928-03-21 12:00,296.786,,,1928-07-12 12:00,117.466,,,1928-10-31 12:00,295.688,,,1929-02-22 12:00,117.965,,,1929-06-13 12:00,296.168,,,1929-10-04 12:00,116.833,,,1930-01-24 12:00,296.653,,,1930-05-17 12:00,117.328,,,1930-09-06 12:00,297.136,,,1930-12-28 12:00,117.823,,,1931-04-18 12:00,296.03,,,1931-08-09 12:00,116.699,,,1931-11-29 12:00,296.512,,,1932-03-21 12:00,117.196,,,1932-07-11 12:00,296.999,,,1932-11-01 12:00,117.684,,,1933-02-20 12:00,295.906,,,1933-06-13 12:00,116.558,,,1933-10-03 12:00,296.388,,,1934-01-24 12:00,117.058,,,1934-05-16 12:00,296.861,,,1934-09-06 12:00,117.555,,,1934-12-26 12:00,295.763,,,1935-04-19 12:00,118.049,,,1935-08-08 12:00,296.249,,,1935-11-29 12:00,116.913,,
,,,,1926-12-28 12:00,297.399,,,1927-04-21 12:00,119.729,,,1927-08-10 12:00,297.884,,,1927-12-01 12:00,118.592,,,1928-03-22 12:00,298.367,,,1928-07-13 12:00,119.09,,,1928-11-01 12:00,297.268,,,1929-02-23 12:00,119.588,,,1929-06-14 12:00,297.749,,,1929-10-05 12:00,118.457,,,1930-01-25 12:00,298.234,,,1930-05-18 12:00,118.951,,,1930-09-07 12:00,298.717,,,1930-12-29 12:00,119.446,,,1931-04-19 12:00,297.611,,,1931-08-10 12:00,118.322,,,1931-11-30 12:00,298.093,,,1932-03-22 12:00,118.819,,,1932-07-12 12:00,298.58,,,1932-11-02 12:00,119.307,,,1933-02-21 12:00,297.487,,,1933-06-14 12:00,118.181,,,1933-10-04 12:00,297.969,,,1934-01-25 12:00,118.681,,,1934-05-17 12:00,298.442,,,1934-09-07 12:00,119.178,,,1934-12-27 12:00,297.344,,,1935-04-20 12:00,119.672,,,1935-08-09 12:00,297.83,,,1935-11-30 12:00,118.536,,
,,,,1926-12-29 12:00,298.98,,,1927-04-22 12:00,121.353,,,1927-08-11 12:00,299.465,,,1927-12-02 12:00,120.216,,,1928-03-23 12:00,299.948,,,1928-07-14 12:00,120.713,,,1928-11-02 12:00,298.849,,,1929-02-24 12:00,121.212,,,1929-06-15 12:00,299.329,,,1929-10-06 12:00,120.08,,,1930-01-26 12:00,299.814,,,1930-05-19 12:00,120.575,,,1930-09-08 12:00,300.298,,,1930-12-30 12:00,121.07,,,1931-04-20 12:00,299.191,,,1931-08-11 12:00,119.946,,,1931-12-01 12:00,299.674,,,1932-03-23 12:00,120.443,,,1932-07-13 12:00,300.161,,,1932-11-03 12:00,120.931,,,1933-02-22 12:00,299.067,,,1933-06-15 12:00,119.804,,,1933-10-05 12:00,299.55,,,1934-01-26 12:00,120.304,,,1934-05-18 12:00,300.023,,,1934-09-08 12:00,120.802,,,1934-12-28 12:00,298.925,,,1935-04-21 12:00,121.296,,,1935-08-10 12:00,299.41,,,1935-12-01 12:00,120.16,,
,,,,1926-12-30 12:00,300.561,,,1927-04-23 12:00,122.977,,,1927-08-12 12:00,301.046,,,1927-12-03 12:00,121.84,,,1928-03-24 12:00,301.529,,,1928-07-15 12:00,122.337,,,1928-11-03 12:00,300.43,,,1929-02-25 12:00,122.836,,,1929-06-16 12:00,300.91,,,1929-10-07 12:00,121.704,,,1930-01-27 12:00,301.395,,,1930-05-20 12:00,122.199,,,1930-09-09 12:00,301.878,,,1930-12-31 12:00,122.694,,,1931-04-21 12:00,300.772,,,1931-08-12 12:00,121.57,,,1931-12-02 12:00,301.255,,,1932-03-24 12:00,122.067,,,1932-07-14 12:00,301.742,,,1932-11-04 12:00,122.555,,,1933-02-23 12:00,300.648,,,1933-06-16 12:00,121.428,,,1933-10-06 12:00,301.131,,,1934-01-27 12:00,121.928,,,1934-05-19 12:00,301.604,,,1934-09-09 12:00,122.426,,,1934-12-29 12:00,300.506,,,1935-04-22 12:00,122.92,,,1935-08-11 12:00,300.991,,,1935-12-02 12:00,121.784,,
,,,,1926-12-31 12:00,302.141,,,1927-04-24 12:00,124.601,,,1927-08-13 12:00,302.626,,,1927-12-04 12:00,123.464,,,1928-03-25 12:00,303.11,,,1928-07-16 12:00,123.961,,,1928-11-04 12:00,302.011,,,1929-02-26 12:00,124.46,,,1929-06-17 12:00,302.491,,,1929-10-08 12:00,123.328,,,1930-01-28 12:00,302.976,,,1930-05-21 12:00,123.823,,,1930-09-10 12:00,303.459,,,1931-01-01 12:00,124.318,,,1931-04-22 12:00,302.353,,,1931-08-13 12:00,123.194,,,1931-12-03 12:00,302.836,,,1932-03-25 12:00,123.691,,,1932-07-15 12:00,303.323,,,1932-11-05 12:00,124.179,,,1933-02-24 12:00,302.229,,,1933-06-17 12:00,123.052,,,1933-10-07 12:00,302.712,,,1934-01-28 12:00,123.552,,,1934-05-20 12:00,303.185,,,1934-09-10 12:00,124.05,,,1934-12-30 12:00,302.086,,,1935-04-23 12:00,124.545,,,1935-08-12 12:00,302.572,,,1935-12-03 12:00,123.408,,
,,,,1927-01-01 12:00,303.722,,,1927-04-25 12:00,126.226,,,1927-08-14 12:00,304.207,,,1927-12-05 12:00,125.088,,,1928-03-26 12:00,304.691,,,1928-07-17 12:00,125.586,,,1928-11-05 12:00,303.592,,,1929-02-27 12:00,126.084,,,1929-06-18 12:00,304.072,,,1929-10-09 12:00,124.953,,,1930-01-29 12:00,304.557,,,1930-05-22 12:00,125.448,,,1930-09-11 12:00,305.04,,,1931-01-02 12:00,125.943,,,1931-04-23 12:00,303.935,,,1931-08-14 12:00,124.818,,,1931-12-04 12:00,304.417,,,1932-03-26 12:00,125.315,,,1932-07-16 12:00,304.904,,,1932-11-06 12:00,125.804,,,1933-02-25 12:00,303.81,,,1933-06-18 12:00,124.676,,,1933-10-08 12:00,304.293,,,1934-01-29 12:00,125.177,,,1934-05-21 12:00,304.765,,,1934-09-11 12:00,125.675,,,1934-12-31 12:00,303.667,,,1935-04-24 12:00,126.169,,,1935-08-13 12:00,304.153,,,1935-12-04 12:00,125.032,,
,,,,1927-01-02 12:00,305.303,,,1927-04-26 12:00,127.851,,,1927-08-15 12:00,305.788,,,1927-12-06 12:00,126.713,,,1928-03-27 12:00,306.272,,,1928-07-18 12:00,127.21,,,1928-11-06 12:00,305.173,,,1929-02-28 12:00,127.709,,,1929-06-19 12:00,305.653,,,1929-10-10 12:00,126.578,,,1930-01-30 12:00,306.138,,,1930-05-23 12:00,127.072,,,1930-09-12 12:00,306.621,,,1931-01-03 12:00,127.567,,,1931-04-24 12:00,305.516,,,1931-08-15 12:00,126.442,,,1931-12-05 12:00,305.998,,,1932-03-27 12:00,126.94,,,1932-07-17 12:00,306.485,,,1932-11-07 12:00,127.429,,,1933-02-26 12:00,305.391,,,1933-06-19 12:00,126.301,,,1933-10-09 12:00,305.874,,,1934-01-30 12:00,126.801,,,1934-05-22 12:00,306.346,,,1934-09-12 12:00,127.299,,,1935-01-01 12:00,305.248,,,1935-04-25 12:00,127.794,,,1935-08-14 12:00,305.734,,,1935-12-05 12:00,126.657,,
,,,,1927-01-03 12:00,306.884,,,1927-04-27 12:00,129.476,,,1927-08-16 12:00,307.369,,,1927-12-07 12:00,128.337,,,1928-03-28 12:00,307.853,,,1928-07-19 12:00,128.835,,,1928-11-07 12:00,306.754,,,1929-03-01 12:00,129.334,,,1929-06-20 12:00,307.234,,,1929-10-11 12:00,128.202,,,1930-01-31 12:00,307.719,,,1930-05-24 12:00,128.697,,,1930-09-13 12:00,308.202,,,1931-01-04 12:00,129.192,,,1931-04-25 12:00,307.097,,,1931-08-16 12:00,128.067,,,1931-12-06 12:00,307.58,,,1932-03-28 12:00,128.564,,,1932-07-18 12:00,308.066,,,1932-11-08 12:00,129.053,,,1933-02-27 12:00,306.972,,,1933-06-20 12:00,127.926,,,1933-10-10 12:00,307.455,,,1934-01-31 12:00,128.426,,,1934-05-23 12:00,307.928,,,1934-09-13 12:00,128.924,,,1935-01-02 12:00,306.829,,,1935-04-26 12:00,129.419,,,1935-08-15 12:00,307.315,,,1935-12-06 12:00,128.281,,
,,,,1927-01-04 12:00,308.466,,,1927-04-28 12:00,131.101,,,1927-08-17 12:00,308.95,,,1927-12-08 12:00,129.962,,,1928-03-29 12:00,309.435,,,1928-07-20 12:00,130.46,,,1928-11-08 12:00,308.336,,,1929-03-02 12:00,130.959,,,1929-06-21 12:00,308.815,,,1929-10-12 12:00,129.827,,,1930-02-01 12:00,309.3,,,1930-05-25 12:00,130.322,,,1930-09-14 12:00,309.783,,,1931-01-05 12:00,130.817,,,1931-04-26 12:00,308.678,,,1931-08-17 12:00,129.692,,,1931-12-07 12:00,309.161,,,1932-03-29 12:00,130.189,,,1932-07-19 12:00,309.648,,,1932-11-09 12:00,130.678,,,1933-02-28 12:00,308.553,,,1933-06-21 12:00,129.551,,,1933-10-11 12:00,309.036,,,1934-02-01 12:00,130.051,,,1934-05-24 12:00,309.509,,,1934-09-14 12:00,130.549,,,1935-01-03 12:00,308.41,,,1935-04-27 12:00,131.044,,,1935-08-16 12:00,308.896,,,1935-12-07 12:00,129.906,,
,,,,1927-01-05 12:00,310.047,,,1927-04-29 12:00,132.726,,,1927-08-18 12:00,310.532,,,1927-12-09 12:00,131.588,,,1928-03-30 12:00,311.016,,,1928-07-21 12:00,132.085,,,1928-11-09 12:00,309.917,,,1929-03-03 12:00,132.584,,,1929-06-22 12:00,310.396,,,1929-10-13 12:00,131.453,,,1930-02-02 12:00,310.881,,,1930-05-26 12:00,131.948,,,1930-09-15 12:00,311.365,,,1931-01-06 12:00,132.442,,,1931-04-27 12:00,310.26,,,1931-08-18 12:00,131.317,,,1931-12-08 12:00,310.743,,,1932-03-30 12:00,131.814,,,1932-07-20 12:00,311.229,,,1932-11-10 12:00,132.304,,,1933-03-01 12:00,310.135,,,1933-06-22 12:00,131.176,,,1933-10-12 12:00,310.618,,,1934-02-02 12:00,131.676,,,1934-05-25 12:00,311.09,,,1934-09-15 12:00,132.174,,,1935-01-04 12:00,309.992,,,1935-04-28 12:00,132.669,,,1935-08-17 12:00,310.477,,,1935-12-08 12:00,131.531,,
,,,,1927-01-06 12:00,311.628,,,1927-04-30 12:00,134.351,,,1927-08-19 12:00,312.113,,,1927-12-10 12:00,133.213,,,1928-03-31 12:00,312.598,,,1928-07-22 12:00,133.71,,,1928-11-10 12:00,311.499,,,1929-03-04 12:00,134.209,,,1929-06-23 12:00,311.978,,,1929-10-14 12:00,133.078,,,1930-02-03 12:00,312.463,,,1930-05-27 12:00,133.573,,,1930-09-16 12:00,312.946,,,1931-01-07 12:00,134.068,,,1931-04-28 12:00,311.841,,,1931-08-19 12:00,132.942,,,1931-12-09 12:00,312.324,,,1932-03-31 12:00,133.44,,,1932-07-21 12:00,312.811,,,1932-11-11 12:00,133.929,,,1933-03-02 12:00,311.716,,,1933-06-23 12:00,132.801,,,1933-10-13 12:00,312.199,,,1934-02-03 12:00,133.301,,,1934-05-26 12:00,312.672,,,1934-09-16 12:00,133.8,,,1935-01-05 12:00,311.573,,,1935-04-29 12:00,134.295,,,1935-08-18 12:00,312.059,,,1935-12-09 12:00,133.157,,
,,,,1927-01-07 12:00,313.21,,,1927-05-01 12:00,135.977,,,1927-08-20 12:00,313.695,,,1927-12-11 12:00,134.838,,,1928-04-01 12:00,314.18,,,1928-07-23 12:00,135.336,,,1928-11-11 12:00,313.08,,,1929-03-05 12:00,135.835,,,1929-06-24 12:00,313.559,,,1929-10-15 12:00,134.703,,,1930-02-04 12:00,314.044,,,1930-05-28 12:00,135.198,,,1930-09-17 12:00,314.528,,,1931-01-08 12:00,135.693,,,1931-04-29 12:00,313.423,,,1931-08-20 12:00,134.567,,,1931-12-10 12:00,313.906,,,1932-04-01 12:00,135.065,,,1932-07-22 12:00,314.392,,,1932-11-12 12:00,135.554,,,1933-03-03 12:00,313.298,,,1933-06-24 12:00,134.426,,,1933-10-14 12:00,313.781,,,1934-02-04 12:00,134.927,,,1934-05-27 12:00,314.254,,,1934-09-17 12:00,135.425,,,1935-01-06 12:00,313.155,,,1935-04-30 12:00,135.92,,,1935-08-19 12:00,313.641,,,1935-12-10 12:00,134.782,,
,,,,1927-01-08 12:00,314.792,,,1927-05-02 12:00,137.602,,,1927-08-21 12:00,315.277,,,1927-12-12 12:00,136.464,,,1928-04-02 12:00,315.762,,,1928-07-24 12:00,136.961,,,1928-11-12 12:00,314.662,,,1929-03-06 12:00,137.46,,,1929-06-25 12:00,315.141,,,1929-10-16 12:00,136.329,,,1930-02-05 12:00,315.626,,,1930-05-29 12:00,136.824,,,1930-09-18 12:00,316.11,,,1931-01-09 12:00,137.318,,,1931-04-30 12:00,315.005,,,1931-08-21 12:00,136.192,,,1931-12-11 12:00,315.488,,,1932-04-02 12:00,136.69,,,1932-07-23 12:00,315.974,,,1932-11-13 12:00,137.18,,,1933-03-04 12:00,314.88,,,1933-06-25 12:00,136.052,,,1933-10-15 12:00,315.363,,,1934-02-05 12:00,136.552,,,1934-05-28 12:00,315.836,,,1934-09-18 12:00,137.051,,,1935-01-07 12:00,314.737,,,1935-05-01 12:00,137.545,,,1935-08-20 12:00,315.222,,,1935-12-11 12:00,136.407,,
,,,,1927-01-09 12:00,316.374,,,1927-05-03 12:00,139.228,,,1927-08-22 12:00,316.859,,,1927-12-13 12:00,138.089,,,1928-04-03 12:00,317.344,,,1928-07-25 12:00,138.586,,,1928-11-13 12:00,316.244,,,1929-03-07 12:00,139.086,,,1929-06-26 12:00,316.723,,,1929-10-17 12:00,137.955,,,1930-02-06 12:00,317.208,,,1930-05-30 12:00,138.45,,,1930-09-19 12:00,317.692,,,1931-01-10 12:00,138.944,,,1931-05-01 12:00,316.587,,,1931-08-22 12:00,137.818,,,1931-12-12 12:00,317.071,,,1932-04-03 12:00,138.316,,,1932-07-24 12:00,317.556,,,1932-11-14 12:00,138.806,,,1933-03-05 12:00,316.462,,,1933-06-26 12:00,137.677,,,1933-10-16 12:00,316.945,,,1934-02-06 12:00,138.178,,,1934-05-29 12:00,317.418,,,1934-09-19 12:00,138.676,,,1935-01-08 12:00,316.319,,,1935-05-02 12:00,139.171,,,1935-08-21 12:00,316.804,,,1935-12-12 12:00,138.033,,
,,,,1927-01-10 12:00,317.956,,,1927-05-04 12:00,140.854,,,1927-08-23 12:00,318.441,,,1927-12-14 12:00,139.715,,,1928-04-04 12:00,318.926,,,1928-07-26 12:00,140.212,,,1928-11-14 12:00,317.826,,,1929-03-08 12:00,140.711,,,1929-06-27 12:00,318.305,,,1929-10-18 12:00,139.58,,,1930-02-07 12:00,318.79,,,1930-05-31 12:00,140.076,,,1930-09-20 12:00,319.274,,,1931-01-11 12:00,140.569,,,1931-05-02 12:00,318.17,,,1931-08-23 12:00,139.443,,,1931-12-13 12:00,318.653,,,1932-04-04 12:00,139.941,,,1932-07-25 12:00,319.139,,,1932-11-15 12:00,140.431,,,1933-03-06 12:00,318.044,,,1933-06-27 12:00,139.303,,,1933-10-17 12:00,318.527,,,1934-02-07 12:00,139.803,,,1934-05-30 12:00,319.0,,,1934-09-20 12:00,140.302,,,1935-01-09 12:00,317.901,,,1935-05-03 12:00,140.797,,,1935-08-22 12:00,318.387,,,1935-12-13 12:00,139.658,,
,,,,1927-01-11 12:00,319.538,,,1927-05-05 12:00,142.48,,,1927-08-24 12:00,320.023,,,1927-12-15 12:00,141.34,,,1928-04-05 12:00,320.509,,,1928-07-27 12:00,141.838,,,1928-11-15 12:00,319.409,,,1929-03-09 12:00,142.337,,,1929-06-28 12:00,319.888,,,1929-10-19 12:00,141.206,,,1930-02-08 12:00,320.372,,,1930-06-01 12:00,141.701,,,1930-09-21 12:00,320.857,,,1931-01-12 12:00,142.195,,,1931-05-03 12:00,319.752,,,1931-08-24 12:00,141.069,,,1931-12-14 12:00,320.236,,,1932-04-05 12:00,141.567,,,1932-07-26 12:00,320.721,,,1932-11-16 12:00,142.057,,,1933-03-07 12:00,319.626,,,1933-06-28 12:00,140.929,,,1933-10-18 12:00,320.11,,,1934-02-08 12:00,141.429,,,1934-05-31 12:00,320.583,,,1934-09-21 12:00,141.927,,,1935-01-10 12:00,319.483,,,1935-05-04 12:00,142.422,,,1935-08-23 12:00,319.969,,,1935-12-14 12:00,141.284,,
,,,,1927-01-12 12:00,321.121,,,1927-05-06 12:00,144.105,,,1927-08-25 12:00,321.606,,,1927-12-16 12:00,142.966,,,1928-04-06 12:00,322.091,,,1928-07-28 12:00,143.463,,,1928-11-16 12:00,320.991,,,1929-03-10 12:00,143.962,,,1929-06-29 12:00,321.47,,,1929-10-20 12:00,142.832,,,1930-02-09 12:00,321.955,,,1930-06-02 12:00,143.327,,,1930-09-22 12:00,322.44,,,1931-01-13 12:00,143.821,,,1931-05-04 12:00,321.335,,,1931-08-25 12:00,142.694,,,1931-12-15 12:00,321.818,,,1932-04-06 12:00,143.192,,,1932-07-27 12:00,322.304,,,1932-11-17 12:00,143.683,,,1933-03-08 12:00,321.209,,,1933-06-29 12:00,142.554,,,1933-10-19 12:00,321.692,,,1934-02-09 12:00,143.054,,,1934-06-01 12:00,322.165,,,1934-09-22 12:00,143.553,,,1935-01-11 12:00,321.066,,,1935-05-05 12:00,144.048,,,1935-08-24 12:00,321.552,,,1935-12-15 12:00,142.91,,
,,,,1927-01-13 12:00,322.703,,,1927-05-07 12:00,145.731,,,1927-08-26 12:00,323.189,,,1927-12-17 12:00,144.592,,,1928-04-07 12:00,323.674,,,1928-07-29 12:00,145.089,,,1928-11-17 12:00,322.574,,,1929-03-11 12:00,145.588,,,1929-06-30 12:00,323.053,,,1929-10-21 12:00,144.457,,,1930-02-10 12:00,323.538,,,1930-06-03 12:00,144.953,,,1930-09-23 12:00,324.022,,,1931-01-14 12:00,145.446,,,1931-05-05 12:00,322.918,,,1931-08-26 12:00,144.32,,,1931-12-16 12:00,323.401,,,1932-04-07 12:00,144.818,,,1932-07-28 12:00,323.887,,,1932-11-18 12:00,145.308,,,1933-03-09 12:00,322.792,,,1933-06-30 12:00,144.18,,,1933-10-20 12:00,323.275,,,1934-02-10 12:00,144.68,,,1934-06-02 12:00,323.748,,,1934-09-23 12:00,145.178,,,1935-01-12 12:00,322.648,,,1935-05-06 12:00,145.674,,,1935-08-25 12:00,323.135,,,1935-12-16 12:00,144.535,,
,,,,1927-01-14 12:00,324.286,,,1927-05-08 12:00,147.357,,,1927-08-27 12:00,324.772,,,1927-12-18 12:00,146.217,,,1928-04-08 12:00,325.258,,,1928-07-30 12:00,146.714,,,1928-11-18 12:00,324.158,,,1929-03-12 12:00,147.213,,,1929-07-01 12:00,324.636,,,1929-10-22 12:00,146.083,,,1930-02-11 12:00,325.121,,,1930-06-04 12:00,146.578,,,1930-09-24 12:00,325.606,,,1931-01-15 12:00,147.072,,,1931-05-06 12:00,324.501,,,1931-08-27 12:00,145.945,,,1931-12-17 12:00,324.985,,,1932-04-08 12:00,146.443,,,1932-07-29 12:00,325.47,,,1932-11-19 12:00,146.934,,,1933-03-10 12:00,324.375,,,1933-07-01 12:00,145.805,,,1933-10-21 12:00,324.858,,,1934-02-11 12:00,146.306,,,1934-06-03 12:00,325.332,,,1934-09-24 12:00,146.804,,,1935-01-13 12:00,324.231,,,1935-05-07 12:00,147.299,,,1935-08-26 12:00,324.718,,,1935-12-17 12:00,146.161,,
,,,,1927-01-15 12:00,325.87,,,1927-05-09 12:00,148.982,,,1927-08-28 12:00,326.355,,,1927-12-19 12:00,147.843,,,1928-04-09 12:00,326.841,,,1928-07-31 12:00,148.34,,,1928-11-19 12:00,325.741,,,1929-03-13 12:00,148.839,,,1929-07-02 12:00,326.219,,,1929-10-23 12:00,147.709,,,1930-02-12 12:00,326.704,,,1930-06-05 12:00,148.204,,,1930-09-25 12:00,327.189,,,1931-01-16 12:00,148.697,,,1931-05-07 12:00,326.085,,,1931-08-28 12:00,147.571,,,1931-12-18 12:00,326.568,,,1932-04-09 12:00,148.069,,,1932-07-30 12:00,327.054,,,1932-11-20 12:00,148.559,,,1933-03-11 12:00,325.958,,,1933-07-02 12:00,147.431,,,1933-10-22 12:00,326.442,,,1934-02-12 12:00,147.931,,,1934-06-04 12:00,326.915,,,1934-09-25 12:00,148.429,,,1935-01-14 12:00,325.815,,,1935-05-08 12:00,148.925,,,1935-08-27 12:00,326.301,,,1935-12-18 12:00,147.786,,
,,,,1927-01-16 12:00,327.453,,,1927-05-10 12:00,150.607,,,1927-08-29 12:00,327.939,,,1927-12-20 12:00,149.468,,,1928-04-10 12:00,328.425,,,1928-08-01 12:00,149.965,,,1928-11-20 12:00,327.324,,,1929-03-14 12:00,150.464,,,1929-07-03 12:00,327.803,,,1929-10-24 12:00,149.334,,,1930-02-13 12:00,328.288,,,1930-06-06 12:00,149.829,,,1930-09-26 12:00,328.773,,,1931-01-17 12:00,150.322,,,1931-05-08 12:00,327.668,,,1931-08-29 12:00,149.196,,,1931-12-19 12:00,328.152,,,1932-04-10 12:00,149.694,,,1932-07-31 12:00,328.638,,,1932-11-21 12:00,150.185,,,1933-03-12 12:00,327.541,,,1933-07-03 12:00,149.056,,,1933-10-23 12:00,328.025,,,1934-02-13 12:00,149.556,,,1934-06-05 12:00,328.499,,,1934-09-26 12:00,150.055,,,1935-01-15 12:00,327.398,,,1935-05-09 12:00,150.55,,,1935-08-28 12:00,327.885,,,1935-12-19 12:00,149.412,,
,,,,1927-01-17 12:00,329.037,,,1927-05-11 12:00,152.233,,,1927-08-30 12:00,329.523,,,1927-12-21 12:00,151.093,,,1928-04-11 12:00,330.009,,,1928-08-02 12:00,151.59,,,1928-11-21 12:00,328.908,,,1929-03-15 12:00,152.089,,,1929-07-04 12:00,329.387,,,1929-10-25 12:00,150.96,,,1930-02-14 12:00,329.872,,,1930-06-07 12:00,151.455,,,1930-09-27 12:00,330.357,,,1931-01-18 12:00,151.947,,,1931-05-09 12:00,329.252,,,1931-08-30 12:00,150.821,,,1931-12-20 12:00,329.736,,,1932-04-11 12:00,151.319,,,1932-08-01 12:00,330.222,,,1932-11-22 12:00,151.81,,,1933-03-13 12:00,329.125,,,1933-07-04 12:00,150.682,,,1933-10-24 12:00,329.609,,,1934-02-14 12:00,151.182,,,1934-06-06 12:00,330.083,,,1934-09-27 12:00,151.68,,,1935-01-16 12:00,328.982,,,1935-05-10 12:00,152.175,,,1935-08-29 12:00,329.468,,,1935-12-20 12:00,151.037,,
,,,,1927-01-18 12:00,330.621,,,1927-05-12 12:00,153.858,,,1927-08-31 12:00,331.107,,,1927-12-22 12:00,152.718,,,1928-04-12 12:00,331.593,,,1928-08-03 12:00,153.215,,,1928-11-22 12:00,330.492,,,1929-03-16 12:00,153.714,,,1929-07-05 12:00,330.971,,,1929-10-26 12:00,152.585,,,1930-02-15 12:00,331.456,,,1930-06-08 12:00,153.08,,,1930-09-28 12:00,331.941,,,1931-01-19 12:00,153.573,,,1931-05-10 12:00,330.837,,,1931-08-31 12:00,152.446,,,1931-12-21 12:00,331.32,,,1932-04-12 12:00,152.944,,,1932-08-02 12:00,331.806,,,1932-11-23 12:00,153.435,,,1933-03-14 12:00,330.709,,,1933-07-05 12:00,152.307,,,1933-10-25 12:00,331.194,,,1934-02-15 12:00,152.807,,,1934-06-07 12:00,331.667,,,1934-09-28 12:00,153.305,,,1935-01-17 12:00,330.566,,,1935-05-11 12:00,153.8,,,1935-08-30 12:00,331.053,,,1935-12-21 12:00,152.662,,
,,,,1927-01-19 12:00,332.206,,,1927-05-13 12:00,155.483,,,1927-09-01 12:00,332.691,,,1927-12-23 12:00,154.344,,,1928-04-13 12:00,333.178,,,1928-08-04 12:00,154.84,,,1928-11-23 12:00,332.077,,,1929-03-17 12:00,155.339,,,1929-07-06 12:00,332.555,,,1929-10-27 12:00,154.21,,,1930-02-16 12:00,333.04,,,1930-06-09 12:00,154.705,,,1930-09-29 12:00,333.526,,,1931-01-20 12:00,155.197,,,1931-05-11 12:00,332.421,,,1931-09-01 12:00,154.071,,,1931-12-22 12:00,332.905,,,1932-04-13 12:00,154.569,,,1932-08-03 12:00,333.391,,,1932-11-24 12:00,155.06,,,1933-03-15 12:00,332.294,,,1933-07-06 12:00,153.932,,,1933-10-26 12:00,332.778,,,1934-02-16 12:00,154.432,,,1934-06-08 12:00,333.252,,,1934-09-29 12:00,154.93,,,1935-01-18 12:00,332.151,,,1935-05-12 12:00,155.425,,,1935-08-31 12:00,332.637,,,1935-12-22 12:00,154.287,,
,,,,1927-01-20 12:00,333.79,,,1927-05-14 12:00,157.107,,,1927-09-02 12:00,334.276,,,1927-12-24 12:00,155.968,,,1928-04-14 12:00,334.763,,,1928-08-05 12:00,156.465,,,1928-11-24 12:00,333.662,,,1929-03-18 12:00,156.964,,,1929-07-07 12:00,334.14,,,1929-10-28 12:00,155.835,,,1930-02-17 12:00,334.625,,,1930-06-10 12:00,156.33,,,1930-09-30 12:00,335.111,,,1931-01-21 12:00,156.822,,,1931-05-12 12:00,334.006,,,1931-09-02 12:00,155.696,,,1931-12-23 12:00,334.49,,,1932-04-14 12:00,156.194,,,1932-08-04 12:00,334.976,,,1932-11-25 12:00,156.685,,,1933-03-16 12:00,333.878,,,1933-07-07 12:00,155.557,,,1933-10-27 12:00,334.363,,,1934-02-17 12:00,156.057,,,1934-06-09 12:00,334.837,,,1934-09-30 12:00,156.555,,,1935-01-19 12:00,333.735,,,1935-05-13 12:00,157.05,,,1935-09-01 12:00,334.222,,,1935-12-23 12:00,155.912,,
,,,,1927-01-21 12:00,335.375,,,1927-05-15 12:00,158.732,,,1927-09-03 12:00,335.861,,,1927-12-25 12:00,157.593,,,1928-04-15 12:00,336.348,,,1928-08-06 12:00,158.089,,,1928-11-25 12:00,335.247,,,1929-03-19 12:00,158.588,,,1929-07-08 12:00,335.725,,,1929-10-29 12:00,157.46,,,1930-02-18 12:00,336.21,,,1930-06-11 12:00,157.955,,,1930-10-01 12:00,336.696,,,1931-01-22 12:00,158.446,,,1931-05-13 12:00,335.591,,,1931-09-03 12:00,157.32,,,1931-12-24 12:00,336.075,,,1932-04-15 12:00,157.819,,,1932-08-05 12:00,336.561,,,1932-11-26 12:00,158.31,,,1933-03-17 12:00,335.463,,,1933-07-08 12:00,157.182,,,1933-10-28 12:00,335.948,,,1934-02-18 12:00,157.681,,,1934-06-10 12:00,336.422,,,1934-10-01 12:00,158.179,,,1935-01-20 12:00,335.32,,,1935-05-14 12:00,158.674,,,1935-09-02 12:00,335.807,,,1935-12-24 12:00,157.537,,
,,,,1927-01-22 12:00,336.961,,,1927-05-16 12:00,160.356,,,1927-09-04 12:00,337.447,,,1927-12-26 12:00,159.217,,,1928-04-16 12:00,337.933,,,1928-08-07 12:00,159.714,,,1928-11-26 12:00,336.832,,,1929-03-20 12:00,160.212,,,1929-07-09 12:00,337.31,,,1929-10-30 12:00,159.084,,,1930-02-19 12:00,337.795,,,1930-06-12 12:00,159.579,,,1930-10-02 12:00,338.281,,,1931-01-23 12:00,160.07,,,1931-05-14 12:00,337.177,,,1931-09-04 12:00,158.945,,,1931-12-25 12:00,337.661,,,1932-04-16 12:00,159.443,,,1932-08-06 12:00,338.146,,,1932-11-27 12:00,159.934,,,1933-03-18 12:00,337.049,,,1933-07-09 12:00,158.807,,,1933-10-29 12:00,337.533,,,1934-02-19 12:00,159.305,,,1934-06-11 12:00,338.008,,,1934-10-02 12:00,159.803,,,1935-01-21 12:00,336.906,,,1935-05-15 12:00,160.298,,,1935-09-03 12:00,337.392,,,1935-12-25 12:00,159.161,,
,,,,1927-01-23 12:00,338.546,,,1927-05-17 12:00,161.98,,,1927-09-05 12:00,339.032,,,1927-12-27 12:00,160.842,,,1928-04-17 12:00,339.519,,,1928-08-08 12:00,161.338,,,1928-11-27 12:00,338.418,,,1929-03-21 12:00,161.836,,,1929-07-10 12:00,338.896,,,1929-10-31 12:00,160.708,,,1930-02-20 12:00,339.381,,,1930-06-13 12:00,161.203,,,1930-10-03 12:00,339.867,,,1931-01-24 12:00,161.694,,,1931-05-15 12:00,338.762,,,1931-09-05 12:00,160.569,,,1931-12-26 12:00,339.247,,,1932-04-17 12:00,161.067,,,1932-08-07 12:00,339.732,,,1932-11-28 12:00,161.558,,,1933-03-19 12:00,338.634,,,1933-07-10 12:00,160.431,,,1933-10-30 12:00,339.119,,,1934-02-20 12:00,160.929,,,1934-06-12 12:00,339.594,,,1934-10-03 12:00,161.427,,,1935-01-22 12:00,338.491,,,1935-05-16 12:00,161.922,,,1935-09-04 12:00,338.978,,,1935-12-26 12:00,160.785,,
,,,,1927-01-24 12:00,340.132,,,1927-05-18 12:00,163.604,,,1927-09-06 12:00,340.618,,,1927-12-28 12:00,162.465,,,1928-04-18 12:00,341.105,,,1928-08-09 12:00,162.961,,,1928-11-28 12:00,340.004,,,1929-03-22 12:00,163.46,,,1929-07-11 12:00,340.482,,,1929-11-01 12:00,162.332,,,1930-02-21 12:00,340.967,,,1930-06-14 12:00,162.827,,,1930-10-04 12:00,341.453,,,1931-01-25 12:00,163.318,,,1931-05-16 12:00,340.348,,,1931-09-06 12:00,162.192,,,1931-12-27 12:00,340.833,,,1932-04-18 12:00,162.69,,,1932-08-08 12:00,341.318,,,1932-11-29 12:00,163.182,,,1933-03-20 12:00,340.22,,,1933-07-11 12:00,162.055,,,1933-10-31 12:00,340.705,,,1934-02-21 12:00,162.553,,,1934-06-13 12:00,341.18,,,1934-10-04 12:00,163.051,,,1935-01-23 12:00,340.077,,,1935-05-17 12:00,163.546,,,1935-09-05 12:00,340.564,,,1935-12-27 12:00,162.409,,
,,,,1927-01-25 12:00,341.718,,,1927-05-19 12:00,165.227,,,1927-09-07 12:00,342.205,,,1927-12-29 12:00,164.089,,,1928-04-19 12:00,342.692,,,1928-08-10 12:00,164.585,,,1928-11-29 12:00,341.59,,,1929-03-23 12:00,165.083,,,1929-07-12 12:00,342.068,,,1929-11-02 12:00,163.956,,,1930-02-22 12:00,342.553,,,1930-06-15 12:00,164.451,,,1930-10-05 12:00,343.039,,,1931-01-26 12:00,164.941,,,1931-05-17 12:00,341.935,,,1931-09-07 12:00,163.816,,,1931-12-28 12:00,342.42,,,1932-04-19 12:00,164.314,,,1932-08-09 12:00,342.905,,,1932-11-30 12:00,164.806,,,1933-03-21 12:00,341.806,,,1933-07-12 12:00,163.678,,,1933-11-01 12:00,342.291,,,1934-02-22 12:00,164.177,,,1934-06-14 12:00,342.766,,,1934-10-05 12:00,164.674,,,1935-01-24 12:00,341.663,,,1935-05-18 12:00,165.169,,,1935-09-06 12:00,342.15,,,1935-12-28 12:00,164.033,,
,,,,1927-01-26 12:00,343.305,,,1927-05-20 12:00,166.85,,,1927-09-08 12:00,343.791,,,1927-12-30 12:00,165.712,,,1928-04-20 12:00,344.279,,,1928-08-11 12:00,166.208,,,1928-11-30 12:00,343.177,,,1929-03-24 12:00,166.706,,,1929-07-13 12:00,343.654,,,1929-11-03 12:00,165.579,,,1930-02-23 12:00,344.14,,,1930-06-16 12:00,166.074,,,1930-10-06 12:00,344.626,,,1931-01-27 12:00,166.564,,,1931-05-18 12:00,343.522,,,1931-09-08 12:00,165.439,,,1931-12-29 12:00,344.007,,,1932-04-20 12:00,165.937,,,1932-08-10 12:00,344.492,,,1932-12-01 12:00,166.429,,,1933-03-22 12:00,343.393,,,1933-07-13 12:00,165.302,,,1933-11-02 12:00,343.878,,,1934-02-23 12:00,165.8,,,1934-06-15 12:00,344.353,,,1934-10-06 12:00,166.297,,,1935-01-25 12:00,343.25,,,1935-05-19 12:00,166.792,,,1935-09-07 12:00,343.737,,,1935-12-29 12:00,165.656,,
,,,,1927-01-27 12:00,344.892,,,1927-05-21 12:00,168.473,,,1927-09-09 12:00,345.379,,,1927-12-31 12:00,167.335,,,1928-04-21 12:00,345.866,,,1928-08-12 12:00,167.83,,,1928-12-01 12:00,344.763,,,1929-03-25 12:00,168.329,,,1929-07-14 12:00,345.241,,,1929-11-04 12:00,167.202,,,1930-02-24 12:00,345.727,,,1930-06-17 12:00,167.697,,,1930-10-07 12:00,346.213,,,1931-01-28 12:00,168.187,,,1931-05-19 12:00,345.109,,,1931-09-09 12:00,167.062,,,1931-12-30 12:00,345.594,,,1932-04-21 12:00,167.56,,,1932-08-11 12:00,346.079,,,1932-12-02 12:00,168.052,,,1933-03-23 12:00,344.98,,,1933-07-14 12:00,166.925,,,1933-11-03 12:00,345.465,,,1934-02-24 12:00,167.423,,,1934-06-16 12:00,345.94,,,1934-10-07 12:00,167.92,,,1935-01-26 12:00,344.837,,,1935-05-20 12:00,168.415,,,1935-09-08 12:00,345.324,,,1935-12-30 12:00,167.279,,
,,,,1927-01-28 12:00,346.479,,,1927-05-22 12:00,170.095,,,1927-09-10 12:00,346.966,,,1928-01-01 12:00,168.957,,,1928-04-22 12:00,347.453,,,1928-08-13 12:00,169.453,,,1928-12-02 12:00,346.351,,,1929-03-26 12:00,169.951,,,1929-07-15 12:00,346.829,,,1929-11-05 12:00,168.825,,,1930-02-25 12:00,347.314,,,1930-06-18 12:00,169.319,,,1930-10-08 12:00,347.801,,,1931-01-29 12:00,169.809,,,1931-05-20 12:00,346.696,,,1931-09-10 12:00,168.684,,,1931-12-31 12:00,347.181,,,1932-04-22 12:00,169.182,,,1932-08-12 12:00,347.666,,,1932-12-03 12:00,169.674,,,1933-03-24 12:00,346.567,,,1933-07-15 12:00,168.547,,,1933-11-04 12:00,347.052,,,1934-02-25 12:00,169.045,,,1934-06-17 12:00,347.528,,,1934-10-08 12:00,169.542,,,1935-01-27 12:00,346.424,,,1935-05-21 12:00,170.037,,,1935-09-09 12:00,346.911,,,,,,
,,,,1927-01-29 12:00,348.067,,,1927-05-23 12:00,171.717,,,1927-09-11 12:00,348.554,,,1928-01-02 12:00,170.58,,,1928-04-23 12:00,349.041,,,1928-08-14 12:00,171.075,,,1928-12-03 12:00,347.938,,,1929-03-27 12:00,171.572,,,1929-07-16 12:00,348.416,,,1929-11-06 12:00,170.447,,,1930-02-26 12:00,348.902,,,1930-06-19 12:00,170.941,,,1930-10-09 12:00,349.389,,,1931-01-30 12:00,171.431,,,1931-05-21 12:00,348.284,,,1931-09-11 12:00,170.306,,,1932-01-01 12:00,348.769,,,1932-04-23 12:00,170.804,,,1932-08-13 12:00,349.254,,,1932-12-04 12:00,171.296,,,1933-03-25 12:00,348.154,,,1933-07-16 12:00,170.17,,,1933-11-05 12:00,348.64,,,1934-02-26 12:00,170.667,,,1934-06-18 12:00,349.116,,,1934-10-09 12:00,171.164,,,1935-01-28 12:00,348.012,,,1935-05-22 12:00,171.659,,,1935-09-10 12:00,348.499,,,,,,
,,,,1927-01-30 12:00,349.655,,,1927-05-24 12:00,173.338,,,1927-09-12 12:00,350.142,,,1928-01-03 12:00,172.201,,,1928-04-24 12:00,350.63,,,1928-08-15 12:00,172.696,,,1928-12-04 12:00,349.526,,,1929-03-28 12:00,173.194,,,1929-07-17 12:00,350.004,,,1929-11-07 12:00,172.069,,,1930-02-27 12:00,350.49,,,1930-06-20 12:00,172.563,,,1930-10-10 12:00,350.977,,,1931-01-31 12:00,173.052,,,1931-05-22 12:00,349.872,,,1931-09-12 12:00,171.928,,,1932-01-02 12:00,350.357,,,1932-04-24 12:00,172.425,,,1932-08-14 12:00,350.843,,,1932-12-05 12:00,172.917,,,1933-03-26 12:00,349.742,,,1933-07-17 12:00,171.791,,,1933-11-06 12:00,350.228,,,1934-02-27 12:00,172.289,,,1934-06-19 12:00,350.704,,,1934-10-10 12:00,172.785,,,1935-01-29 12:00,349.6,,,1935-05-23 12:00,173.28,,,1935-09-11 12:00,350.087,,,,,,
,,,,1927-01-31 12:00,351.243,,,1927-05-25 12:00,174.959,,,1927-09-13 12:00,351.73,,,1928-01-04 12:00,173.822,,,1928-04-25 12:00,352.218,,,1928-08-16 12:00,174.317,,,1928-12-05 12:00,351.115,,,1929-03-29 12:00,174.815,,,1929-07-18 12:00,351.593,,,1929-11-08 12:00,173.69,,,1930-02-28 12:00,352.079,,,1930-06-21 12:00,174.184,,,1930-10-11 12:00,352.565,,,1931-02-01 12:00,174.673,,,1931-05-23 12:00,351.461,,,1931-09-13 12:00,173.549,,,1932-01-03 12:00,351.946,,,1932-04-25 12:00,174.046,,,1932-08-15 12:00,352.431,,,1932-12-06 12:00,174.538,,,1933-03-27 12:00,351.331,,,1933-07-18 12:00,173.413,,,1933-11-07 12:00,351.817,,,1934-02-28 12:00,173.91,,,1934-06-20 12:00,352.293,,,1934-10-11 12:00,174.406,,,1935-01-30 12:00,351.188,,,1935-05-24 12:00,174.901,,,1935-09-12 12:00,351.675,,,,,,
,,,,1927-02-01 12:00,352.832,,,1927-05-26 12:00,176.579,,,1927-09-14 12:00,353.319,,,1928-01-05 12:00,175.443,,,1928-04-26 12:00,353.807,,,1928-08-17 12:00,175.938,,,1928-12-06 12:00,352.703,,,1929-03-30 12:00,176.435,,,1929-07-19 12:00,353.181,,,1929-11-09 12:00,175.311,,,1930-03-01 12:00,353.667,,,1930-06-22 12:00,175.805,,,1930-10-12 12:00,354.154,,,1931-02-02 12:00,176.293,,,1931-05-24 12:00,353.05,,,1931-09-14 12:00,175.17,,,1932-01-04 12:00,353.535,,,1932-04-26 12:00,175.667,,,1932-08-16 12:00,354.02,,,1932-12-07 12:00,176.159,,,1933-03-28 12:00,352.919,,,1933-07-19 12:00,175.034,,,1933-11-08 12:00,353.406,,,1934-03-01 12:00,175.53,,,1934-06-21 12:00,353.882,,,1934-10-12 12:00,176.027,,,1935-01-31 12:00,352.777,,,1935-05-25 12:00,176.521,,,1935-09-13 12:00,353.264,,,,,,
,,,,1927-02-02 12:00,354.421,,,1927-05-27 12:00,178.199,,,1927-09-15 12:00,354.908,,,1928-01-06 12:00,177.064,,,1928-04-27 12:00,355.396,,,1928-08-18 12:00,177.558,,,1928-12-07 12:00,354.292,,,1929-03-31 12:00,178.055,,,1929-07-20 12:00,354.77,,,1929-11-10 12:00,176.931,,,1930-03-02 12:00,355.256,,,1930-06-23 12:00,177.425,,,1930-10-13 12:00,355.744,,,1931-02-03 12:00,177.913,,,1931-05-25 12:00,354.639,,,1931-09-15 12:00,176.79,,,1932-01-05 12:00,355.125,,,1932-04-27 12:00,177.287,,,1932-08-17 12:00,355.609,,,1932-12-08 12:00,177.779,,,1933-03-29 12:00,354.508,,,1933-07-20 12:00,176.654,,,1933-11-09 12:00,354.995,,,1934-03-02 12:00,177.151,,,1934-06-22 12:00,355.471,,,1934-10-13 12:00,177.647,,,1935-02-01 12:00,354.366,,,1935-05-26 12:00,178.141,,,1935-09-14 12:00,354.853,,,,,,
,,,,1927-02-03 12:00,356.011,,,1927-05-28 12:00,179.818,,,1927-09-16 12:00,356.498,,,1928-01-07 12:00,178.683,,,1928-04-28 12:00,356.986,,,1928-08-19 12:00,179.177,,,1928-12-08 12:00,355.882,,,1929-04-01 12:00,179.674,,,1929-07-21 12:00,356.36,,,1929-11-11 12:00,178.551,,,1930-03-03 12:00,356.846,,,1930-06-24 12:00,179.045,,,1930-10-14 12:00,357.333,,,1931-02-04 12:00,179.532,,,1931-05-26 12:00,356.228,,,1931-09-16 12:00,178.409,,,1932-01-06 12:00,356.714,,,1932-04-28 12:00,178.907,,,1932-08-18 12:00,357.199,,,1932-12-09 12:00,179.399,,,1933-03-30 12:00,356.098,,,1933-07-21 12:00,178.274,,,1933-11-10 12:00,356.584,,,1934-03-03 12:00,178.77,,,1934-06-23 12:00,357.061,,,1934-10-14 12:00,179.266,,,1935-02-02 12:00,355.956,,,1935-05-27 12:00,179.761,,,1935-09-15 12:00,356.443,,,,,,
,,,,1927-02-04 12:00,357.601,,,1927-05-29 12:00,181.437,,,1927-09-17 12:00,358.088,,,1928-01-08 12:00,180.303,,,1928-04-29 12:00,358.576,,,1928-08-20 12:00,180.796,,,1928-12-09 12:00,357.472,,,1929-04-02 12:00,181.293,,,1929-07-22 12:00,357.95,,,1929-11-12 12:00,180.17,,,1930-03-04 12:00,358.436,,,1930-06-25 12:00,180.664,,,1930-10-15 12:00,358.923,,,1931-02-05 12:00,181.151,,,1931-05-27 12:00,357.818,,,1931-09-17 12:00,180.029,,,1932-01-07 12:00,358.304,,,1932-04-29 12:00,180.526,,,1932-08-19 12:00,358.789,,,1932-12-10 12:00,181.018,,,1933-03-31 12:00,357.687,,,1933-07-22 12:00,179.894,,,1933-11-11 12:00,358.174,,,1934-03-04 12:00,180.389,,,1934-06-24 12:00,358.651,,,1934-10-15 12:00,180.885,,,1935-02-03 12:00,357.545,,,1935-05-28 12:00,181.379,,,1935-09-16 12:00,358.033,,,,,,
,,,,1927-02-05 12:00,359.191,,,1927-05-30 12:00,183.055,,,1927-09-18 12:00,359.678,,,1928-01-09 12:00,181.921,,,1928-04-30 12:00,0.166999999999,,,1928-08-21 12:00,182.415,,,1928-12-10 12:00,359.062,,,1929-04-03 12:00,182.912,,,1929-07-23 12:00,359.54,,,1929-11-13 12:00,181.789,,,1930-03-05 12:00,0.0259999999998,,,1930-06-26 12:00,182.283,,,1930-10-16 12:00,0.513999999999,,,1931-02-06 12:00,182.77,,,1931-05-28 12:00,359.409,,,1931-09-18 12:00,181.647,,,1932-01-08 12:00,359.895,,,1932-04-30 12:00,182.144,,,1932-08-20 12:00,0.379999999999,,,1932-12-11 12:00,182.636,,,1933-04-01 12:00,359.278,,,1933-07-23 12:00,181.513,,,1933-11-12 12:00,359.765,,,1934-03-05 12:00,182.008,,,1934-06-25 12:00,0.241999999998,,,1934-10-16 12:00,182.504,,,1935-02-04 12:00,359.136,,,1935-05-29 12:00,182.998,,,1935-09-17 12:00,359.623,,,,,,
,,,,1927-02-06 12:00,0.781000000001,,,1927-05-31 12:00,184.673,,,1927-09-19 12:00,1.269,,,1928-01-10 12:00,183.539,,,1928-05-01 12:00,1.757,,,1928-08-22 12:00,184.033,,,1928-12-11 12:00,0.652,,,1929-04-04 12:00,184.529,,,1929-07-24 12:00,1.131,,,1929-11-14 12:00,183.407,,,1930-03-06 12:00,1.617,,,1930-06-27 12:00,183.901,,,1930-10-17 12:00,2.105,,,1931-02-07 12:00,184.387,,,1931-05-29 12:00,0.999,,,1931-09-19 12:00,183.265,,,1932-01-09 12:00,1.486,,,1932-05-01 12:00,183.762,,,1932-08-21 12:00,1.97,,,1932-12-12 12:00,184.254,,,1933-04-02 12:00,0.868,,,1933-07-24 12:00,183.131,,,1933-11-13 12:00,1.355,,,1934-03-06 12:00,183.626,,,1934-06-26 12:00,1.833,,,1934-10-17 12:00,184.121,,,1935-02-05 12:00,0.725999999999,,,1935-05-30 12:00,184.615,,,1935-09-18 12:00,1.214,,,,,,
,,,,1927-02-07 12:00,2.372,,,1927-06-01 12:00,186.29,,,1927-09-20 12:00,2.86,,,1928-01-11 12:00,185.157,,,1928-05-02 12:00,3.348,,,1928-08-23 12:00,185.65,,,1928-12-12 12:00,2.243,,,1929-04-05 12:00,186.146,,,1929-07-25 12:00,2.721,,,1929-11-15 12:00,185.025,,,1930-03-07 12:00,3.208,,,1930-06-28 12:00,185.518,,,1930-10-18 12:00,3.696,,,1931-02-08 12:00,186.004,,,1931-05-30 12:00,2.591,,,1931-09-20 12:00,184.883,,,1932-01-10 12:00,3.077,,,1932-05-02 12:00,185.379,,,1932-08-22 12:00,3.562,,,1932-12-13 12:00,185.872,,,1933-04-03 12:00,2.459,,,1933-07-25 12:00,184.749,,,1933-11-14 12:00,2.946,,,1934-03-07 12:00,185.243,,,1934-06-27 12:00,3.424,,,1934-10-18 12:00,185.739,,,1935-02-06 12:00,2.317,,,1935-05-31 12:00,186.232,,,1935-09-19 12:00,2.805,,,,,,
,,,,1927-02-08 12:00,3.964,,,1927-06-02 12:00,187.907,,,1927-09-21 12:00,4.451,,,1928-01-12 12:00,186.774,,,1928-05-03 12:00,4.94,,,1928-08-24 12:00,187.267,,,1928-12-13 12:00,3.835,,,1929-04-06 12:00,187.763,,,1929-07-26 12:00,4.313,,,1929-11-16 12:00,186.642,,,1930-03-08 12:00,4.799,,,1930-06-29 12:00,187.135,,,1930-10-19 12:00,5.287,,,1931-02-09 12:00,187.621,,,1931-05-31 12:00,4.182,,,1931-09-21 12:00,186.5,,,1932-01-11 12:00,4.669,,,1932-05-03 12:00,186.996,,,1932-08-23 12:00,5.153,,,1932-12-14 12:00,187.488,,,1933-04-04 12:00,4.05,,,1933-07-26 12:00,186.366,,,1933-11-15 12:00,4.538,,,1934-03-08 12:00,186.86,,,1934-06-28 12:00,5.016,,,1934-10-19 12:00,187.355,,,1935-02-07 12:00,3.909,,,1935-06-01 12:00,187.849,,,1935-09-20 12:00,4.396,,,,,,
,,,,1927-02-09 12:00,5.556,,,1927-06-03 12:00,189.522,,,1927-09-22 12:00,6.043,,,1928-01-13 12:00,188.39,,,1928-05-04 12:00,6.532,,,1928-08-25 12:00,188.883,,,1928-12-14 12:00,5.427,,,1929-04-07 12:00,189.379,,,1929-07-27 12:00,5.905,,,1929-11-17 12:00,188.258,,,1930-03-09 12:00,6.391,,,1930-06-30 12:00,188.751,,,1930-10-20 12:00,6.879,,,1931-02-10 12:00,189.237,,,1931-06-01 12:00,5.774,,,1931-09-22 12:00,188.116,,,1932-01-12 12:00,6.261,,,1932-05-04 12:00,188.612,,,1932-08-24 12:00,6.745,,,1932-12-15 12:00,189.105,,,1933-04-05 12:00,5.642,,,1933-07-27 12:00,187.982,,,1933-11-16 12:00,6.13,,,1934-03-09 12:00,188.476,,,1934-06-29 12:00,6.608,,,1934-10-20 12:00,188.971,,,1935-02-08 12:00,5.5,,,1935-06-02 12:00,189.465,,,1935-09-21 12:00,5.988,,,,,,
,,,,1927-02-10 12:00,7.148,,,1927-06-04 12:00,191.138,,,1927-09-23 12:00,7.635,,,1928-01-14 12:00,190.006,,,1928-05-05 12:00,8.124,,,1928-08-26 12:00,190.498,,,1928-12-15 12:00,7.019,,,1929-04-08 12:00,190.994,,,1929-07-28 12:00,7.497,,,1929-11-18 12:00,189.874,,,1930-03-10 12:00,7.983,,,1930-07-01 12:00,190.367,,,1930-10-21 12:00,8.472,,,1931-02-11 12:00,190.852,,,1931-06-02 12:00,7.366,,,1931-09-23 12:00,189.732,,,1932-01-13 12:00,7.853,,,1932-05-05 12:00,190.228,,,1932-08-25 12:00,8.338,,,1932-12-16 12:00,190.72,,,1933-04-06 12:00,7.234,,,1933-07-28 12:00,189.598,,,1933-11-17 12:00,7.722,,,1934-03-10 12:00,190.092,,,1934-06-30 12:00,8.2,,,1934-10-21 12:00,190.586,,,1935-02-09 12:00,7.093,,,1935-06-03 12:00,191.08,,,1935-09-22 12:00,7.58,,,,,,
,,,,1927-02-11 12:00,8.74,,,,,,,1927-09-24 12:00,9.228,,,1928-01-15 12:00,191.621,,,1928-05-06 12:00,9.717,,,,,,,1928-12-16 12:00,8.611,,,,,,,1929-07-29 12:00,9.089,,,1929-11-19 12:00,191.489,,,1930-03-11 12:00,9.576,,,1930-07-02 12:00,191.982,,,1930-10-22 12:00,10.065,,,,,,,1931-06-03 12:00,8.959,,,1931-09-24 12:00,191.347,,,1932-01-14 12:00,9.446,,,1932-05-06 12:00,191.843,,,1932-08-26 12:00,9.93,,,,,,,1933-04-07 12:00,8.827,,,1933-07-29 12:00,191.213,,,1933-11-18 12:00,9.314,,,1934-03-11 12:00,191.707,,,1934-07-01 12:00,9.793,,,,,,,1935-02-10 12:00,8.685,,,,,,,1935-09-23 12:00,9.173,,,,,,
,,,,1927-02-12 12:00,10.333,,,,,,,1927-09-25 12:00,10.821,,,,,,,1928-05-07 12:00,11.31,,,,,,,1928-12-17 12:00,10.204,,,,,,,1929-07-30 12:00,10.682,,,,,,,1930-03-12 12:00,11.169,,,,,,,1930-10-23 12:00,11.658,,,,,,,1931-06-04 12:00,10.552,,,,,,,1932-01-15 12:00,11.039,,,,,,,1932-08-27 12:00,11.524,,,,,,,1933-04-08 12:00,10.42,,,,,,,1933-11-19 12:00,10.908,,,,,,,1934-07-02 12:00,11.387,,,,,,,1935-02-11 12:00,10.278,,,,,,,1935-09-24 12:00,10.766,,,,,,
,,,,1927-02-13 12:00,11.927,,,,,,,,,,,,,,,,,,,,,,,1928-12-18 12:00,11.798,,,,,,,,,,,,,,,,,,,,,,,,,,,,,,,,,,,,,,,,,,,,,,,,,,,,,,,,,,,,,,,,,,,,,,,,,,,,,,,1935-02-12 12:00,11.872,,,,,,,,,,,,,,
,,,,,,,,,,,,,,,,,,,,,,,,,,,,,,,,,,,,,,,,,,,,,,,,,,,,,,,,,,,,,,,,,,,,,,,,,,,,,,,,,,,,,,,,,,,,,,,,,,,,,,,,,,,,,,,,,,,,,,,,,,,
