<?xml version="1.0" encoding="iso-8859-1"?>
<categories name="PyQt Examples and Demos">
  <demos dirname="demos" docname="demos" name="Demonstrations">
    <example filename="declarative/samegame" name="SameGame" executable="false" qml="true"/>
    <example filename="textedit" name="Text Edit" />
    <example filename="embeddeddialogs" name="Embedded Dialogs" />
    <example filename="declarative/minehunt" name="Minehunt" executable="true" qml="false"/>
    <example filename="embedded/lightmaps" name="OpenStreetMap"/>
  </demos>
  <category dirname="animation" name="Animation Framework">
    <example filename="animatedtiles" name="Animated Tiles" />
    <example filename="appchooser" name="Appchooser" />
    <example filename="easing" name="Easing Curves" />
    <example filename="moveblocks" name="Moving Blocks" />
    <example filename="states" name="States" />
    <example filename="stickman" name="Stickman" />
  </category>
  <category dirname="declarative/toys" name="Qt Declarative Examples">
    <example filename="dynamicscene" name="Dynamic Scene" executable="false" qml="true" />
    <example filename="tic-tac-toe" name="Tic Tac Toe" executable="false" qml="true" />
    <example filename="clocks" name="Clocks" executable="false" qml="true" />
    <example filename="corkboards" name="Corkboards" executable="false" qml="true" />
    <example filename="tvtennis" name="TV Tennis" executable="false" qml="true" />
  </category>
  <category dirname="designer" name="Qt Designer">
    <example filename="calculatorform" name="Calculator Form" />
    <example filename="plugins" name="Custom Widget Plugins" />
  </category>
  <category dirname="desktop" name="Desktop">
    <example filename="systray" name="System Tray" image="systemtray-example.png"/>
    <example filename="screenshot" name="Screenshot" />
  </category>
  <category dirname="dialogs" name="Dialogs">
    <example filename="configdialog" name="Configuration Dialog" />
    <example filename="extension" name="Extension Dialog" />
    <example filename="findfiles" name="Find Files Dialog" />
    <example filename="standarddialogs" name="Standard Dialogs" />
    <example filename="tabdialog" name="Tab Dialog" />
    <example filename="trivialwizard" name="Trivial Wizard" image="trivialwizard-example-introduction.png"/>
    <example filename="classwizard" name="Class Wizard" />
  </category>
  <category dirname="draganddrop" name="Drag and Drop">
    <example filename="delayedencoding" name="Delayed Encoding" />
    <example filename="draggableicons" name="Draggable Icons" />
    <example filename="draggabletext" name="Draggable Text" />
    <example filename="dropsite" name="Drop Site" />
    <example filename="fridgemagnets" name="Fridge Magnets" />
    <example filename="puzzle" name="Puzzle" image="draganddroppuzzle-example.png"/>
  </category>
  <category dirname="effects" name="Graphics Effects">
    <example filename="lighting" name="Lighting and Shadows" />
  </category>
  <category dirname="graphicsview" name="Graphics View">
    <example filename="anchorlayout" name="Anchor Layout" />
    <example filename="elasticnodes" name="Elastic Nodes" />
    <example filename="collidingmice" name="Colliding Mice" />
    <example filename="diagramscene" name="Diagram Scene" />
    <example filename="dragdroprobot" name="Drag and Drop Robot" />
    <example filename="padnavigator" name="Pad Navigator Example" />
  </category>
  <category dirname="ipc" name="IPC">
    <example filename="sharedmemory" name="Shared Memory" image="sharedmemory-example_1.png"/>
    <example filename="localfortuneclient" name="Local Fortune Client" image="localfortuneclient-example.png"/>
    <example filename="localfortuneserver" name="Local Fortune Server" image="localfortuneserver-example.png"/>
  </category>
  <category dirname="itemviews" name="Item Views">
    <example filename="basicsortfiltermodel" name="Basic Sort/Filter Model" />
    <example filename="chart" name="Chart" />
    <example filename="customsortfiltermodel" name="Custom Sort/Filter Model" />
    <example filename="coloreditorfactory" name="Color Editor Factory" image="coloreditorfactoryimage.png"/>
    <example filename="combowidgetmapper" name="Combo Widget Mapper" />
    <example filename="dirview" name="Directory View" />
    <example filename="fetchmore" name="Fetch More" />
    <example filename="editabletreemodel" name="Editable Tree Model" />
    <example filename="pixelator" name="Pixelator" />
    <example filename="puzzle" name="Puzzle " image="itemviewspuzzle-example.png"/>
    <example filename="simpledommodel" name="Simple DOM Model" />
    <example filename="simpletreemodel" name="Simple Tree Model" />
    <example filename="simplewidgetmapper" name="Simple Widget Mapper" />
    <example filename="spinboxdelegate" name="Spin Box Delegate" />
    <example filename="stardelegate" name="Star Delegate" />
  </category>
  <category dirname="layouts" name="Layouts">
    <example filename="basiclayouts" name="Basic Layouts" />
    <example filename="borderlayout" name="Border Layout" />
    <example filename="flowlayout" name="Flow Layout" />
  </category>
  <category dirname="mainwindows" name="Main Windows">
    <example filename="application" name="Application" />
    <example filename="dockwidgets" name="Dock Widgets" />
    <example filename="mdi" name="MDI" />
    <example filename="sdi" name="SDI" />
    <example filename="menus" name="Menus" />
    <example filename="recentfiles" name="Recent Files" />
    <example filename="separations" name="Color Separations" />
  </category>
  <category dirname="declarative/ui-components" name="QML UI Components">
    <example filename="dialcontrol" name="Dial" executable="false" qml="true" />
    <example filename="flipable" name="Flipable" executable="false" qml="true" />
    <example filename="progressbar" name="Progress bar" executable="false" qml="true" />
    <example filename="scrollbar" name="Scroll bar" executable="false" qml="true" />
    <example filename="searchbox" name="Search box" executable="false" qml="true" />
    <example filename="slideswitch" name="Slide switch" executable="false" qml="true" />
    <example filename="spinner" name="Spinner" executable="false" qml="true" />
    <example filename="tabwidget" name="Tab widget" executable="false" qml="true" />
  </category>
  <category dirname="network" name="Networking">
    <example filename="blockingfortuneclient" name="Blocking Fortune Client" />
    <example filename="broadcastreceiver" name="Broadcast Receiver" />
    <example filename="broadcastsender" name="Broadcast Sender" />
    <example filename="fortuneclient" name="Fortune Client" />
    <example filename="fortuneserver" name="Fortune Server" />
    <example filename="ftp" changedirectory="false" name="FTP Client" />
    <example filename="http" changedirectory="false" name="HTTP Client" />
    <example filename="threadedfortuneserver" name="Threaded Fort. Server" />
  </category>
  <category dirname="opengl" name="OpenGL">
    <example filename="2dpainting" name="2D Painting" />
    <example filename="grabber" name="Grabber" />
    <example filename="hellogl" name="Hello GL" />
    <example filename="overpainting" name="Overpainting" />
    <example filename="samplebuffers" name="Sample Buffers" />
    <example filename="textures" name="Textures" />
  </category>
  <category dirname="painting" name="Painting">
    <example filename="basicdrawing" name="Basic Drawing" />
    <example filename="concentriccircles" name="Concentric Circles" />
    <example filename="painterpaths" name="Painter Paths" />
    <example filename="svgviewer" name="SVG Viewer" />
    <example filename="transformations" name="Transformations" />
  </category>
  <category dirname="phonon" name="Phonon">
    <example filename="capabilities" name="Capabilities" />
    <example filename="musicplayer" name="Music Player" />
  </category>
  <category dirname="richtext" name="Rich Text">
    <example filename="calendar" name="Calendar" />
    <example filename="orderform" name="Order Form" />
    <example filename="syntaxhighlighter" name="Syntax Highlighter" />
    <example filename="textobject" name="Text Object" />
  </category>
  <category dirname="script" name="QtScript">
    <example filename="helloscript" name="Hello Script" image="t1.png"/>
  </category>
  <category dirname="sql" name="SQL">
    <example filename="cachedtable" name="Cached Table" />
    <example filename="querymodel" name="Query Model" />
    <example filename="relationaltablemodel" name="Relational Table Model" />
    <example filename="tablemodel" name="Table Model" />
  </category>
  <category dirname="threads" name="Threading">
    <example filename="mandelbrot" name="Mandelbrot" />
  </category>
  <category dirname="tools" name="Tools">
    <example filename="codecs" name="Codecs" />
    <example filename="i18n" name="Internationalization" />
    <example filename="regexp" name="Regular Expressions" />
    <example filename="settingseditor" name="Settings Editor" />
  </category>
  <category dirname="tutorials/addressbook" name="Address Book Tutorial">
    <example filename="part1" name="Part 1" image="addressbook-tutorial-part1-screenshot.png" />
    <example filename="part2" name="Part 2" image="addressbook-tutorial-part2-add-contact.png" />
    <example filename="part3" name="Part 3" image="addressbook-tutorial-part3-screenshot.png" />
    <example filename="part4" name="Part 4" image="addressbook-tutorial-screenshot.png" />
    <example filename="part5" name="Part 5" image="addressbook-tutorial-part5-screenshot.png" />
    <example filename="part6" name="Part 6" image="addressbook-tutorial-part6-screenshot.png" />
    <example filename="part7" name="Part 7" image="addressbook-tutorial-part7-screenshot.png" />
  </category>
  <category dirname="widgets" name="Widgets">
    <example filename="analogclock" name="Analog Clock" />
    <example filename="calculator" name="Calculator " />
    <example filename="calendarwidget" name="Calendar Widget" />
    <example filename="charactermap" name="Character Map" />
    <example filename="codeeditor" name="Code Editor" />
    <example filename="digitalclock" name="Digital Clock" />
    <example filename="groupbox" name="Group Box" />
    <example filename="icons" name="Icons" />
    <example filename="imageviewer" name="Image Viewer" />
    <example filename="lineedits" name="Line Edits" />
    <example filename="movie" name="Movie Player" />
    <example filename="scribble" name="Scribble" />
    <example filename="shapedclock" name="Shaped Clock" />
    <example filename="sliders" name="Sliders" />
    <example filename="spinboxes" name="Spin Boxes" />
    <example filename="styles" name="Styles" image="styles-enabledwood.png"/>
    <example filename="stylesheet" name="Style Sheet" image="stylesheet-coffee-plastique.png"/>
    <example filename="tetrix" name="Tetrix " />
    <example filename="tooltips" name="Tool Tips" />
    <example filename="wiggly" name="Wiggly" />
    <example filename="windowflags" name="Window Flags" />
  </category>
  <category dirname="webkit" name="WebKit">
    <example filename="formextractor" name="Form Extractor" />
    <example filename="previewer" name="HTML Previewer" />
    <example filename="fancybrowser" name="Fancy Browser" />
    <example filename="googlechat" name="Google Chat" />
    <example filename="domtraversal" name="Web Element DOM Traversal" />
    <example filename="simpleselector" name="Web Element Selector" />
  </category>
  <category dirname="xml" name="XML">
    <example filename="saxbookmarks" name="SAX Bookmarks" />
    <example filename="dombookmarks" name="DOM Bookmarks" />
  </category>
  <category dirname="xmlpatterns" name="XML Patterns">
    <example filename="schema" name="XML Schema Validation" />
  </category>
</categories>
