date,G.Sun%15,G.Moon%15,G.Mercury%15,G.Venus%15,G.Mars%15,G.Jupiter%15,G.Saturn%15,G.Uranus%15,G.Neptune%15,G.Pluto%15,G.TrueNorthNode%15,G.Chiron%15,G.Isis%15,G.Sun,G.Moon,G.Mercury,G.Venus,G.Mars,G.Jupiter,G.Saturn,G.Uranus,G.Neptune,G.Pluto,G.TrueNorthNode,G.Chiron,G.Isis,G.Avg6,H.Avg6,G.Avg5,H.Avg5,H.COE,G.Sun,G.Moon,G.Mercury,G.Venus,G.Mars,G.Jupiter,G.Saturn,G.Uranus,G.Neptune,G.Pluto,G.TrueNorthNode,G.Chiron,G.Isis,H.Mercury%15,H.Venus%15,H.Earth%15,H.Mars%15,H.Jupiter%15,H.Saturn%15,H.Uranus%15,H.Neptune%15,H.Pluto%15,H.Chiron%15,H.Isis%15,H.Mercury,H.Venus,H.Earth,H.Mars,H.Jupiter,H.Saturn,H.Uranus,H.Neptune,H.Pluto,H.Chiron,H.Isis,H.Mercury,H.Venus,H.Earth,H.Mars,H.Jupiter,H.Saturn,H.Uranus,H.Neptune,H.Pluto,H.Chiron,H.Isis,D.Sun,"Avg(D.Venus, D.Mars)","Avg(D.Mercury,D.Venus)",D.Moon,D.Mercury,D.Venus,D.Mars,D.Jupiter,D.Saturn,D.Uranus,D.Neptune,D.Pluto,D.TrueNorthNode,D.Chiron,D.Isis,L.Sun,L.Moon,L.Mercury,L.Venus,L.Mars,L.Jupiter,L.Saturn,L.Uranus,L.Neptune,L.Pluto,L.Chiron,L.Isis,G.Mercury/G.Venus,G.Mercury/G.Sun,G.Mercury/G.Mars,G.Mercury/G.Jupiter,G.Mercury/G.TrueNorthNode,G.Mercury/G.Saturn,G.Mercury/G.Chiron,G.Mercury/G.Uranus,G.Mercury/G.Neptune,G.Mercury/G.Pluto,G.Mercury/G.Isis,G.Venus/G.Sun,G.Venus/G.Mars,G.Venus/G.Jupiter,G.Venus/G.TrueNorthNode,G.Venus/G.Saturn,G.Venus/G.Saturn + G.Mars,G.Venus/G.Saturn - G.Mars,G.Mars/G.Saturn + G.Venus,G.Mars/G.Saturn - G.Venus,G.Venus/G.Chiron,G.Venus/G.Uranus,G.Venus/G.Neptune,G.Venus/G.Pluto,G.Venus/G.Isis,G.Sun/G.Mars,G.Sun/G.Jupiter,G.Sun/G.TrueNorthNode,G.Sun/G.Saturn,G.Sun/G.Chiron,G.Sun/G.Uranus,G.Sun/G.Neptune,G.Sun/G.Pluto,G.Sun/G.Isis,G.Mars/G.Jupiter,G.Mars/G.TrueNorthNode,G.Mars/G.Saturn,G.Mars/G.Chiron,G.Mars/G.Uranus,G.Mars/G.Neptune,G.Mars/G.Pluto,G.Mars/G.Isis,G.Jupiter/G.TrueNorthNode,G.Jupiter/G.Saturn,G.Jupiter/G.Chiron,G.Jupiter/G.Uranus,G.Jupiter/G.Neptune,G.Jupiter/G.Pluto,G.Jupiter/G.Isis,G.TrueNorthNode/G.Saturn,G.TrueNorthNode/G.Chiron,G.TrueNorthNode/G.Uranus,G.TrueNorthNode/G.Neptune,G.TrueNorthNode/G.Pluto,G.TrueNorthNode/G.Isis,G.Saturn/G.Chiron,G.Saturn/G.Uranus,G.Saturn/G.Neptune,G.Saturn/G.Pluto,G.Saturn/G.Isis,G.Chiron/G.Uranus,G.Chiron/G.Neptune,G.Chiron/G.Pluto,G.Chiron/G.Isis,G.Uranus/G.Neptune,G.Uranus/G.Pluto,G.Uranus/G.Isis,G.Neptune/G.Pluto,G.Neptune/G.Isis,G.Pluto/G.Isis,H.Mercury/H.Venus,H.Mercury/H.Venus mod 360,H.Mercury/H.Earth,H.Mercury/H.Mars,H.Mercury/H.Jupiter,H.Mercury/H.Chiron,H.Mercury/H.Saturn,H.Mercury/H.Uranus,H.Mercury/H.Neptune,H.Mercury/H.Pluto,H.Mercury/H.Isis,H.Venus/H.Earth,H.Venus/H.Mars,H.Venus/H.Jupiter,H.Venus/H.Chiron,H.Venus/H.Saturn,H.Venus/H.Saturn % 360,H.Venus/H.Uranus,H.Venus/H.Neptune,H.Venus/H.Pluto,H.Venus/H.Isis,H.Earth/H.Mars,H.Earth/H.Jupiter,H.Earth/H.Chiron,H.Earth/H.Saturn,H.Earth/H.Uranus,H.Earth/H.Neptune,H.Earth/H.Pluto,H.Earth/H.Isis,H.Mars/H.Jupiter,H.Mars/H.Chiron,H.Mars/H.Saturn,H.Mars/H.Uranus,H.Mars/H.Neptune,H.Mars/H.Pluto,H.Mars/H.Isis,H.Jupiter/H.Chiron,H.Jupiter/H.Saturn,H.Jupiter/H.Uranus,H.Jupiter/H.Neptune,H.Jupiter/H.Pluto,H.Chiron/H.Isis,H.Chiron/H.Saturn,H.Chiron/H.Uranus,H.Chiron/H.Neptune,H.Chiron/H.Pluto,H.Chiron/H.Isis,H.Saturn/H.Uranus,H.Saturn/H.Neptune,H.Saturn/H.Pluto,H.Saturn/H.Isis,H.Uranus/H.Neptune,H.Uranus/H.Pluto,H.Uranus/H.Isis,H.Neptune/H.Pluto,H.Neptune/H.Isis,H.Pluto/H.Isis
1995-01-17 12:00,12.122,7.069,0.708,10.313,1.217,7.928,9.543,11.459,8.206,0.013,11.556,11.39,8.782,297.122,127.069,315.708,250.313,151.217,247.928,339.543,296.459,293.206,240.013,221.556,176.39,143.782,261.3943333333,257.1696666667,283.4298,282.265,227.8655,"27 ♑ 07' 18"""," 7 ♌ 04' 08""","15 ♒ 42' 28""","10 ♐ 18' 46"""," 1 ♍ 13' 01"""," 7 ♐ 55' 40"""," 9 ♓ 32' 34""","26 ♑ 27' 30""","23 ♑ 12' 21"""," 0 ♐ 00' 45""","11 ♏ 33' 21""","26 ♍ 23' 24""","23 ♌ 46' 55""",0.521,12.784,12.122,11.693,14.966,13.477,11.425,8.078,13.379,5.714,8.509,30.521,162.784,117.122,131.693,239.966,343.477,296.425,293.078,238.379,170.714,143.509," 0 ♉ 31' 16""","12 ♍ 47' 01""","27 ♋ 07' 18""","11 ♌ 41' 33""","29 ♏ 57' 57""","13 ♓ 28' 38""","26 ♑ 25' 31""","23 ♑ 04' 41""","28 ♏ 22' 44""","20 ♍ 42' 51""","23 ♌ 30' 33""",-20.733,-1.864,-17.679,13.664,-16.781,-18.577,14.849,-20.876,-9.633,-21.348,-20.902,-7.035,-15.299,-2.815,13.596,-0,-4.999,-0.685,3.452,4.078,0.763,-1.773,-0.496,0.548,13.401,-4.63,0.003,425.395,378.586,6284.491,11947.78,13774.152,12576.165,12739.318,12979.249,12982.502,13035.695,13131.926,313.191,6219.096,11882.385,13708.757,12510.77,12661.987,12359.553,6901.987,6401.361,12673.923,12913.854,12917.107,12970.3,13066.531,6265.905,11929.194,13755.566,12557.579,12720.732,12960.663,12963.916,13017.109,13113.34,6023.289,7849.661,6651.674,6814.827,7054.758,7058.011,7111.204,7207.435,2186.372,988.385,1151.538,1391.469,1394.722,1447.915,1544.146,-837.987,-674.834,-434.903,-431.65,-378.457,-282.226,523.153,763.084,766.337,819.53,915.761,599.931,603.184,656.377,752.608,363.253,416.446,512.677,413.193,509.424,456.231,32267.737,227.737,40233.399,45978.828,51630.555,52419.807,52247.044,52654.096,52657.443,52712.142,52807.012,8325.662,14071.091,19722.818,20512.07,20339.307,179.307,20746.359,20749.706,20804.405,20899.275,6105.429,11757.156,12546.408,12373.645,12780.697,12784.044,12838.743,12933.613,6011.727,6800.979,6628.216,7035.268,7038.615,7093.314,7188.184,1149.252,976.489,1383.541,1386.888,1441.587,747.205,187.237,594.289,597.636,652.335,747.205,767.052,770.399,825.098,919.968,363.347,418.046,512.916,414.699,509.569,454.87
1995-03-17 12:00,11.641,5.112,4.1,2.474,13.472,0.043,1.444,14.516,10.093,0.551,6.067,8.003,8.229,356.641,185.112,334.1,317.474,133.472,255.043,346.444,299.516,295.093,240.551,216.067,173.003,143.229,261.6865,262.8115,287.3294,283.853,251.381625,"26 ♓ 38' 27"""," 5 ♎ 06' 41"""," 4 ♓ 06' 00""","17 ♒ 28' 27""","13 ♌ 28' 17""","15 ♐ 02' 35""","16 ♓ 26' 38""","29 ♑ 30' 56""","25 ♑ 05' 34"""," 0 ♐ 33' 02"""," 6 ♏ 03' 59""","23 ♍ 00' 09""","23 ♌ 13' 46""",7.569,2.543,11.641,7.604,4.566,0.399,12.085,8.431,13.784,8.427,8.568,277.569,257.543,176.641,157.604,244.566,345.399,297.085,293.431,238.784,173.427,143.568," 7 ♑ 34' 07""","17 ♐ 32' 36""","26 ♍ 38' 27"""," 7 ♍ 36' 12"""," 4 ♐ 33' 57""","15 ♓ 23' 55""","27 ♑ 05' 04""","23 ♑ 25' 52""","28 ♏ 47' 03""","23 ♍ 25' 38""","23 ♌ 34' 04""",-1.335,2.338,-13.787,-4.479,-11.945,-15.629,20.305,-21.796,-6.984,-20.754,-20.575,-6.781,-13.543,-1.459,13.778,-0,-2.667,-2.083,-0.034,3.685,0.808,-1.774,-0.514,0.548,13.767,-4.611,0.003,376.626,337.459,6320.628,11959.057,13798.033,12587.656,12761.097,12994.584,12999.007,13053.549,13150.871,320.833,6304.002,11942.431,13781.407,12571.03,12704.502,12437.558,6944.502,6309.554,12744.471,12977.958,12982.381,13036.923,13134.245,6343.169,11981.598,13820.574,12610.197,12783.638,13017.125,13021.548,13076.09,13173.412,5998.429,7837.405,6627.028,6800.469,7033.956,7038.379,7092.921,7190.243,2198.976,988.599,1162.04,1395.527,1399.95,1454.492,1551.814,-850.377,-676.936,-443.449,-439.026,-384.484,-287.162,533.441,766.928,771.351,825.893,923.215,593.487,597.91,652.452,749.774,364.423,418.965,516.287,414.542,511.864,457.322,32420.026,20.026,40420.928,46199.965,51873.003,52664.142,52492.17,52900.484,52904.138,52958.785,53054.001,8360.902,14139.939,19812.977,20604.116,20432.144,272.144,20840.458,20844.112,20898.759,20993.975,6139.037,11812.075,12603.214,12431.242,12839.556,12843.21,12897.857,12993.073,6033.038,6824.177,6652.205,7060.519,7064.173,7118.82,7214.036,1151.139,979.167,1387.481,1391.135,1445.782,749.859,188.028,596.342,599.996,654.643,749.859,768.314,771.968,826.615,921.831,363.654,418.301,513.517,414.647,509.863,455.216
1995-03-29 12:00,8.544,7.269,8.547,1.795,13.315,0.372,2.882,14.923,10.319,0.419,5.742,7.076,8.141,8.544,352.269,353.547,331.795,133.315,255.372,347.882,299.923,295.319,240.419,215.742,172.076,143.141,262.0383333333,263.955,287.783,284.1768,256.10375," 8 ♈ 32' 37""","22 ♓ 16' 07""","23 ♓ 32' 49"""," 1 ♓ 47' 43""","13 ♌ 18' 52""","15 ♐ 22' 17""","17 ♓ 52' 56""","29 ♑ 55' 23""","25 ♑ 19' 07"""," 0 ♐ 25' 08"""," 5 ♏ 44' 29""","22 ♍ 04' 34""","23 ♌ 08' 26""",14.892,6.556,8.544,12.846,5.505,0.79,12.219,8.503,13.867,8.981,8.58,314.892,276.556,188.544,162.846,245.505,345.79,297.219,293.503,238.867,173.981,143.58,"14 ♒ 53' 29"""," 6 ♑ 33' 21"""," 8 ♎ 32' 37""","12 ♍ 50' 45"""," 5 ♐ 30' 17""","15 ♓ 47' 25""","27 ♑ 13' 06""","23 ♑ 30' 10""","28 ♏ 52' 00""","23 ♍ 58' 52""","23 ♌ 34' 47""",3.388,4.21,-8.0585,0.239,-4.634,-11.483,19.903,-21.821,-6.439,-20.674,-20.533,-6.69,-13.435,-1.021,13.807,0,3.598,-2.257,-0.693,3.216,0.819,-1.792,-0.52,0.549,13.834,-4.532,0.003,381.752,345.003,6340.232,11978.175,13817.805,12605.665,12781.471,13013.624,13018.228,13073.128,13170.406,323.251,6318.48,11956.423,13796.053,12583.913,12717.228,12450.598,6957.228,6293.638,12759.719,12991.872,12996.476,13051.376,13148.654,6355.229,11993.172,13832.802,12620.662,12796.468,13028.621,13033.225,13088.125,13185.403,5997.943,7837.573,6625.433,6801.239,7033.392,7037.996,7092.896,7190.174,2199.63,987.49,1163.296,1395.449,1400.053,1454.953,1552.231,-852.14,-676.334,-444.181,-439.577,-384.677,-287.399,535.806,767.959,772.563,827.463,924.741,592.153,596.757,651.657,748.935,364.604,419.504,516.782,414.9,512.178,457.278,32438.336,38.336,40446.348,46232.046,51909.387,52700.911,52529.102,52937.673,52941.389,52996.025,53091.312,8368.012,14153.71,19831.051,20622.575,20450.766,290.766,20859.337,20863.053,20917.689,21012.976,6145.698,11823.039,12614.563,12442.754,12851.325,12855.041,12909.677,13004.964,6037.341,6828.865,6657.056,7065.627,7069.343,7123.979,7219.266,1151.524,979.715,1388.286,1392.002,1446.638,750.401,188.191,596.762,600.478,655.114,750.401,768.571,772.287,826.923,922.21,363.716,418.352,513.639,414.636,509.923,455.287
1995-04-05 12:00,0.452,2.834,6.384,10.19,14.001,0.355,3.694,0.112,10.416,0.309,5.69,6.578,8.097,15.452,77.834,6.384,340.19,134.001,255.355,348.694,300.112,295.416,240.309,215.69,171.578,143.097,262.3145,264.623,287.9772,284.3658,258.85225,"15 ♈ 27' 05""","17 ♊ 50' 02"""," 6 ♈ 23' 02""","10 ♓ 11' 23""","14 ♌ 00' 05""","15 ♐ 21' 19""","18 ♓ 41' 39"""," 0 ♒ 06' 43""","25 ♑ 24' 58"""," 0 ♐ 18' 32"""," 5 ♏ 41' 25""","21 ♍ 34' 39""","23 ♌ 05' 50""",11.617,2.628,0.452,0.909,6.053,1.019,12.297,8.545,13.915,9.305,8.587,341.617,287.628,195.452,165.909,246.053,346.019,297.297,293.545,238.915,174.305,143.587,"11 ♓ 37' 00""","17 ♑ 37' 42""","15 ♎ 27' 05""","15 ♍ 54' 32"""," 6 ♐ 03' 11""","16 ♓ 01' 07""","27 ♑ 17' 47""","23 ♑ 32' 40""","28 ♏ 54' 53""","24 ♍ 18' 16""","23 ♌ 35' 12""",6.083,5.383,-3.914,19.354,0.855,-8.683,19.449,-21.813,-6.133,-20.637,-20.514,-6.636,-13.418,-0.773,13.821,-0,-3.542,-1.829,-1.011,2.951,0.825,-1.805,-0.524,0.55,13.868,-4.474,0.003,386.194,350.932,6352.383,11991.029,13830.694,12617.69,12794.806,13026.272,13030.968,13086.075,13183.287,324.738,6326.189,11964.835,13804.5,12591.496,12725.497,12457.495,6965.497,6285.117,12768.612,13000.078,13004.774,13059.881,13157.093,6361.451,12000.097,13839.762,12626.758,12803.874,13035.34,13040.036,13095.143,13192.355,5998.646,7838.311,6625.307,6802.423,7033.889,7038.585,7093.692,7190.904,2199.665,986.661,1163.777,1395.243,1399.939,1455.046,1552.258,-853.004,-675.888,-444.422,-439.726,-384.619,-287.407,537.116,768.582,773.278,828.385,925.597,591.466,596.162,651.269,748.481,364.696,419.803,517.015,415.107,512.319,457.212,32453.989,53.989,40466.165,46255.708,51935.564,52727.312,52555.598,52964.32,52968.072,53022.702,53118.03,8372.176,14161.719,19841.575,20633.323,20461.609,301.609,20870.331,20874.083,20928.713,21024.041,6149.543,11829.399,12621.147,12449.433,12858.155,12861.907,12916.537,13011.865,6039.856,6831.604,6659.89,7068.612,7072.364,7126.994,7222.322,1151.748,980.034,1388.756,1392.508,1447.138,750.718,188.286,597.008,600.76,655.39,750.718,768.722,772.474,827.104,922.432,363.752,418.382,513.71,414.63,509.958,455.328
1995-05-08 12:00,2.647,12.028,8.653,5.001,7.935,13.338,7.054,0.469,10.518,14.552,5.523,5.079,7.999,47.647,147.028,68.653,20.001,142.935,253.338,352.054,300.469,295.518,239.552,215.523,170.079,142.999,263.9776666667,267.7905,288.1862,285.2578,271.78,"17 ♉ 38' 50""","27 ♌ 01' 41"""," 8 ♊ 39' 10""","20 ♈ 00' 02""","22 ♌ 56' 05""","13 ♐ 20' 18""","22 ♓ 03' 13"""," 0 ♒ 28' 09""","25 ♑ 31' 04""","29 ♏ 33' 08"""," 5 ♏ 31' 21""","20 ♍ 04' 43""","22 ♌ 59' 55""",13.402,9.85,2.647,0.454,8.643,2.098,12.665,8.742,14.141,10.833,8.619,163.402,339.85,227.647,180.454,248.643,347.098,297.665,293.742,239.141,175.833,143.619,"13 ♍ 24' 08"""," 9 ♓ 50' 59""","17 ♏ 38' 50"""," 0 ♎ 27' 15"""," 8 ♐ 38' 35""","17 ♓ 05' 52""","27 ♑ 39' 53""","23 ♑ 44' 31""","29 ♏ 08' 28""","25 ♍ 49' 57""","23 ♌ 37' 10""",17.094,10.9575,15.25,7.875,24.248,6.252,15.663,-21.574,-4.892,-20.578,-20.491,-6.404,-13.362,0.141,13.853,-0,-4.918,2.535,-1.691,1.897,0.832,-1.894,-0.542,0.554,13.954,-4.119,0.003,408.652,381.006,6405.718,12055.315,13893.13,12676.599,12858.574,13088.184,13093.135,13149.101,13245.654,332.354,6357.066,12006.663,13844.478,12627.947,12770.882,12485.012,6650.882,6610.88,12809.922,13039.532,13044.483,13100.449,13197.002,6384.712,12034.309,13872.124,12655.593,12837.568,13067.178,13072.129,13128.095,13224.648,6009.597,7847.412,6630.881,6812.856,7042.466,7047.417,7103.383,7199.936,2197.815,981.284,1163.259,1392.869,1397.82,1453.786,1550.339,-856.531,-674.556,-444.946,-439.995,-384.029,-287.476,541.975,771.585,776.536,832.502,929.055,589.61,594.561,650.527,747.08,364.951,420.917,517.47,415.966,512.519,456.553,32583.552,183.552,40615.755,46422.948,52114.759,52907.569,52736.304,53145.737,53149.66,53204.261,53299.783,8392.203,14199.396,19891.207,20684.017,20512.752,352.752,20922.185,20926.108,20980.709,21076.231,6167.193,11859.004,12651.814,12480.549,12889.982,12893.905,12948.506,13044.028,6051.811,6844.621,6673.356,7082.789,7086.712,7141.313,7236.835,1152.81,981.545,1390.978,1394.901,1449.502,752.214,188.735,598.168,602.091,656.692,752.214,769.433,773.356,827.957,923.479,363.923,418.524,514.046,414.601,510.123,455.522
1995-07-26 12:00,3.25,7.852,1.667,11.293,3.164,5.605,9.409,13.292,8.902,12.861,0.881,9.169,8.482,123.25,112.852,121.667,116.293,183.164,245.605,354.409,298.292,293.902,237.861,210.881,174.169,143.482,268.8721666667,275.6546666667,286.0138,287.4042,257.95175," 3 ♌ 15' 00""","22 ♋ 51' 08"""," 1 ♌ 39' 59""","26 ♋ 17' 36"""," 3 ♎ 09' 49"""," 5 ♐ 36' 18""","24 ♓ 24' 33""","28 ♑ 17' 31""","23 ♑ 54' 08""","27 ♏ 51' 40"""," 0 ♏ 52' 52""","24 ♍ 10' 08""","23 ♌ 28' 55""",11.6,1.436,3.25,6.907,14.883,4.691,13.547,9.216,14.684,14.51,8.699,116.6,106.436,303.25,216.907,254.883,349.691,298.547,294.216,239.684,179.51,143.699,"26 ♋ 35' 58""","16 ♋ 26' 10"""," 3 ♒ 15' 00"""," 6 ♏ 54' 23""","14 ♐ 52' 58""","19 ♓ 41' 26""","28 ♑ 32' 49""","24 ♑ 12' 56""","29 ♏ 41' 01""","29 ♍ 30' 34""","23 ♌ 41' 56""",19.428,10.325,21.4475,16.618,21.309,21.586,-0.936,-20.612,-4.257,-21.061,-20.781,-6.413,-11.78,-0.649,13.694,-0,-4.95,1.56,0.707,0.351,0.636,-2.218,-0.571,0.551,13.595,-3.229,0.003,365.374,358.417,6418.503,12116.062,13950.786,12727.258,12907.498,13143.375,13147.765,13203.806,13298.185,353.043,6413.129,12110.688,13945.412,12721.884,12905.048,12538.72,6785.048,6552.462,12902.124,13138.001,13142.391,13198.432,13292.811,6420.086,12117.645,13952.369,12728.841,12909.081,13144.958,13149.348,13205.389,13299.768,6057.559,7892.283,6668.755,6848.995,7084.872,7089.262,7145.303,7239.682,2194.724,971.196,1151.436,1387.313,1391.703,1447.744,1542.123,-863.528,-683.288,-447.411,-443.021,-386.98,-292.601,540.24,776.117,780.507,836.548,930.927,595.877,600.267,656.308,750.687,364.39,420.431,514.81,416.041,510.42,454.379,32770.164,10.164,40853.35,46699.693,52421.717,53217.09,53046.909,53458.053,53462.384,53516.916,53612.901,8443.186,14289.529,20011.553,20806.926,20636.745,116.745,21047.889,21052.22,21106.752,21202.737,6206.343,11928.367,12723.74,12553.559,12964.703,12969.034,13023.566,13119.551,6082.024,6877.397,6707.216,7118.36,7122.691,7177.223,7273.208,1155.373,985.192,1396.336,1400.667,1455.199,755.811,189.819,600.963,605.294,659.826,755.811,771.144,775.475,830.007,925.992,364.331,418.863,514.848,414.532,510.517,455.985
1995-08-06 12:00,13.774,2.87,8.901,9.842,9.842,5.556,8.956,12.862,8.618,12.817,14.818,10.455,8.603,133.774,257.87,143.901,129.842,189.842,245.556,353.956,297.862,293.618,237.817,209.818,175.455,143.603,269.7751666667,276.7983333333,285.7618,287.704,262.355875,"13 ♌ 46' 25""","17 ♐ 52' 10""","23 ♌ 54' 04"""," 9 ♌ 50' 32"""," 9 ♎ 50' 30"""," 5 ♐ 33' 20""","23 ♓ 57' 21""","27 ♑ 51' 42""","23 ♑ 37' 03""","27 ♏ 49' 01""","29 ♎ 49' 04""","25 ♍ 27' 17""","23 ♌ 36' 10""",7.288,4.283,13.774,12.27,0.756,5.053,13.67,9.282,14.759,0.023,8.71,172.288,124.283,313.774,222.27,255.756,350.053,298.67,294.282,239.759,180.023,143.71,"22 ♍ 17' 17"""," 4 ♌ 16' 58""","13 ♒ 46' 25""","12 ♏ 16' 12""","15 ♐ 45' 22""","20 ♓ 03' 09""","28 ♑ 40' 10""","24 ♑ 16' 53""","29 ♏ 45' 32"""," 0 ♎ 01' 23""","23 ♌ 42' 35""",16.691,7.534,16.9475,-19.146,15.107,18.788,-3.72,-20.642,-4.475,-21.148,-20.832,-6.496,-11.407,-1.071,13.655,0,3.753,1.648,1.044,0.194,0.597,-2.259,-0.571,0.548,13.501,-3.134,0.003,374.059,370.127,6434.059,12138.345,13974.083,12749.945,12928.446,13166.039,13170.283,13226.084,13320.298,356.068,6420,12124.286,13960.024,12735.886,12925.728,12546.044,6805.728,6546.044,12914.387,13151.98,13156.224,13212.025,13306.239,6423.932,12128.218,13963.956,12739.818,12918.319,13155.912,13160.156,13215.957,13310.171,6064.286,7900.024,6675.886,6854.387,7091.98,7096.224,7152.025,7246.239,2195.738,971.6,1150.101,1387.694,1391.938,1447.739,1541.953,-864.138,-685.637,-448.044,-443.8,-387.999,-293.785,538.501,776.094,780.338,836.139,930.353,597.593,601.837,657.638,751.852,364.244,420.045,514.259,415.801,510.015,454.214,32808.005,48.005,40898.514,46750.018,52476.532,53272.265,53102.235,53513.618,53518.006,53572.529,53668.578,8450.509,14302.013,20028.527,20824.26,20654.23,134.23,21065.613,21070.001,21124.524,21220.573,6211.504,11938.018,12733.751,12563.721,12975.104,12979.492,13034.015,13130.064,6086.514,6882.247,6712.217,7123.6,7127.988,7182.511,7278.56,1155.733,985.703,1397.086,1401.474,1455.997,756.313,189.97,601.353,605.741,660.264,756.313,771.383,775.771,830.294,926.343,364.388,418.911,514.96,414.523,510.572,456.049
1995-08-24 12:00,1.067,13.793,8.917,2.091,6.16,6.262,7.887,12.235,8.211,12.89,13.113,12.785,8.807,151.067,133.793,173.917,152.091,201.16,246.262,352.887,297.235,293.211,237.89,208.113,177.785,143.807,271.4408333333,278.7033333333,285.497,288.195,269.602625," 1 ♍ 04' 01""","13 ♌ 47' 35""","23 ♍ 55' 00"""," 2 ♍ 05' 28""","21 ♎ 09' 36"""," 6 ♐ 15' 44""","22 ♓ 53' 13""","27 ♑ 14' 06""","23 ♑ 12' 38""","27 ♏ 53' 25""","28 ♎ 06' 47""","27 ♍ 47' 07""","23 ♌ 48' 24""",8.261,3.534,1.067,6.245,2.188,5.646,13.87,9.389,14.882,0.864,8.728,233.261,153.534,331.067,231.245,257.188,350.646,298.87,294.389,239.882,180.864,143.728,"23 ♏ 15' 39"""," 3 ♍ 32' 04"""," 1 ♓ 04' 01""","21 ♏ 14' 41""","17 ♐ 11' 15""","20 ♓ 38' 44""","28 ♑ 52' 13""","24 ♑ 23' 21""","29 ♏ 52' 56"""," 0 ♎ 51' 51""","23 ♌ 43' 40""",11.094,1.8585,7.104,11.999,2.196,12.012,-8.295,-20.826,-4.948,-21.269,-20.907,-6.665,-10.803,-1.872,13.588,-0,-4.888,-0.24,1.374,-0.043,0.534,-2.314,-0.569,0.542,13.344,-3,0.003,381.826,382.85,6452.757,12167.655,14005.804,12781.03,12956.132,13196.682,13200.706,13256.027,13350.11,361.024,6430.931,12145.829,13983.978,12759.204,12960.364,12558.044,6840.364,6536.182,12934.306,13174.856,13178.88,13234.201,13328.284,6429.907,12144.805,13982.954,12758.18,12933.282,13173.832,13177.856,13233.177,13327.26,6074.898,7913.047,6688.273,6863.375,7103.925,7107.949,7163.27,7257.353,2198.149,973.375,1148.477,1389.027,1393.051,1448.372,1542.455,-864.774,-689.672,-449.122,-445.098,-389.777,-295.694,535.102,775.652,779.676,834.997,929.08,600.55,604.574,659.895,753.978,364.024,419.345,513.428,415.321,509.404,454.083,32839.727,79.727,40942.194,46802.016,52536.073,53332.397,53162.615,53574.391,53578.872,53633.379,53729.533,8462.467,14322.289,20056.346,20852.67,20682.888,162.888,21094.664,21099.145,21153.652,21249.806,6219.822,11953.879,12750.203,12580.421,12992.197,12996.678,13051.185,13147.339,6094.057,6890.381,6720.599,7132.375,7136.856,7191.363,7287.517,1156.324,986.542,1398.318,1402.799,1457.306,757.136,190.218,601.994,606.475,660.982,757.136,771.776,776.257,830.764,926.918,364.481,418.988,515.142,414.507,510.661,456.154
1995-09-08 12:00,0.579,9.867,12.444,5.696,0.945,7.55,6.79,11.837,7.958,13.089,12.109,14.88,8.972,165.579,339.867,192.444,170.696,210.945,247.55,351.79,296.837,292.958,238.089,207.109,179.88,143.972,273.0281666667,280.3251666667,285.4448,288.6048,275.67575,"15 ♍ 34' 45"""," 9 ♓ 52' 01""","12 ♎ 26' 38""","20 ♍ 41' 44"""," 0 ♏ 56' 40"""," 7 ♐ 33' 00""","21 ♓ 47' 24""","26 ♑ 50' 14""","22 ♑ 57' 30""","28 ♏ 05' 21""","27 ♎ 06' 33""","29 ♍ 52' 48""","23 ♌ 58' 18""",4.914,12.876,0.579,13.927,3.383,6.14,14.037,9.479,14.985,1.566,8.743,274.914,177.876,345.579,238.927,258.383,351.14,299.037,294.479,239.985,181.566,143.743," 4 ♑ 54' 50""","27 ♍ 52' 34""","15 ♓ 34' 45""","28 ♏ 55' 38""","18 ♐ 22' 57""","21 ♓ 08' 23""","29 ♑ 02' 14""","24 ♑ 28' 44""","29 ♏ 59' 05"""," 1 ♎ 33' 55""","23 ♌ 44' 33""",5.685,-3.521,-1.101,-4.357,-7.172,4.97,-12.012,-21.089,-5.408,-21.343,-20.955,-6.831,-10.443,-2.619,13.533,0,3.789,-2.449,1.396,-0.224,0.486,-2.342,-0.566,0.536,13.216,-2.907,0.003,381.748,386.865,6461.499,12184.894,14025.335,12800.654,12972.564,13215.607,13219.486,13274.355,13368.472,365.117,6439.751,12163.146,14003.587,12778.906,12989.851,12567.961,6869.851,6528.459,12950.816,13193.859,13197.738,13252.607,13346.724,6434.634,12158.029,13998.47,12773.789,12945.699,13188.742,13192.621,13247.49,13341.607,6083.395,7923.836,6699.155,6871.065,7114.108,7117.987,7172.856,7266.973,2200.441,975.76,1147.67,1390.713,1394.592,1449.461,1543.578,-864.681,-692.771,-449.728,-445.849,-390.98,-296.863,531.91,774.953,778.832,833.701,927.818,603.043,606.922,661.791,755.908,363.879,418.748,512.865,414.869,508.986,454.117,32857.038,97.038,40969.335,46835.987,52576.531,53373.348,53203.774,53615.877,53620.435,53674.929,53771.171,8472.297,14338.949,20079.493,20876.31,20706.736,186.736,21118.839,21123.397,21177.891,21274.133,6226.652,11967.196,12764.013,12594.439,13006.542,13011.1,13065.594,13161.836,6100.544,6897.361,6727.787,7139.89,7144.448,7198.942,7295.184,1156.817,987.243,1399.346,1403.904,1458.398,757.823,190.426,602.529,607.087,661.581,757.823,772.103,776.661,831.155,927.397,364.558,419.052,515.294,414.494,510.736,456.242
1995-10-09 12:00,0.933,13.368,6.667,14.244,7.098,11.873,4.508,11.531,7.78,13.855,11.462,4.373,9.257,195.933,28.368,186.667,209.244,232.098,251.873,349.508,296.531,292.78,238.855,206.462,184.373,144.257,276.9408333333,283.7845,285.9094,289.4528,243.302125,"15 ♎ 55' 58""","28 ♈ 22' 04"""," 6 ♎ 40' 00""","29 ♎ 14' 39""","22 ♏ 05' 53""","11 ♐ 52' 23""","19 ♓ 30' 28""","26 ♑ 31' 50""","22 ♑ 46' 49""","28 ♏ 51' 18""","26 ♎ 27' 42"""," 4 ♎ 22' 22""","24 ♌ 15' 24""",6.773,2.777,0.933,0.443,5.859,7.163,14.382,9.664,0.196,3.016,8.773,36.773,227.777,15.933,255.443,260.859,352.163,299.382,294.664,240.196,183.016,143.773," 6 ♉ 46' 21""","17 ♏ 46' 35""","15 ♈ 55' 58""","15 ♐ 26' 36""","20 ♐ 51' 33""","22 ♓ 09' 46""","29 ♑ 22' 56""","24 ♑ 39' 51"""," 0 ♐ 11' 47"""," 3 ♎ 00' 58""","23 ♌ 46' 23""",-6.269,-14.681,-6.883,10.729,-3.231,-10.535,-18.827,-21.814,-6.307,-21.392,-20.999,-7.208,-10.209,-4.275,13.439,-0,-0.176,-0.636,0.716,-0.554,0.4,-2.342,-0.556,0.522,12.99,-2.765,0.003,337.423,350.734,6434.569,12174.794,14020.205,12797.159,12962.294,13210.136,13213.887,13267.812,13362.41,373.311,6457.146,12197.371,14042.782,12819.736,13051.834,12587.638,6931.834,6513.346,12984.871,13232.713,13236.464,13290.389,13384.987,6443.835,12184.06,14029.471,12806.425,12971.56,13219.402,13223.153,13277.078,13371.676,6100.225,7945.636,6722.59,6887.725,7135.567,7139.318,7193.243,7287.841,2205.411,982.365,1147.5,1395.342,1399.093,1453.018,1547.616,-863.046,-697.911,-450.069,-446.318,-392.393,-297.795,525.135,772.977,776.728,830.653,925.251,607.842,611.593,665.518,760.116,363.751,417.676,512.274,413.925,508.523,454.598,32928.996,168.996,41060.84,46941.33,52695.914,53493.757,53324.61,53737.391,53742.109,53796.577,53893,8491.844,14372.334,20126.918,20924.761,20755.614,235.614,21168.395,21173.113,21227.581,21324.004,6240.49,11995.074,12792.917,12623.77,13036.551,13041.269,13095.737,13192.16,6114.584,6912.427,6743.28,7156.061,7160.779,7215.247,7311.67,1157.843,988.696,1401.477,1406.195,1460.663,759.243,190.853,603.634,608.352,662.82,759.243,772.781,777.499,831.967,928.39,364.718,419.186,515.609,414.468,510.891,456.423
1995-11-01 12:00,8.803,2.099,10.689,12.87,8.55,1.166,3.346,11.819,7.988,14.657,11.477,7.584,9.386,218.803,332.099,205.689,237.87,248.55,256.166,348.346,296.819,292.988,239.657,206.477,187.584,144.386,280.421,286.4508333333,286.7952,290.0842,252.734625," 8 ♏ 48' 11"""," 2 ♓ 05' 56""","25 ♎ 41' 19""","27 ♏ 52' 12"""," 8 ♐ 33' 00""","16 ♐ 09' 57""","18 ♓ 20' 43""","26 ♑ 49' 08""","22 ♑ 59' 16""","29 ♏ 39' 25""","26 ♎ 28' 36"""," 7 ♎ 35' 01""","24 ♌ 23' 09""",3.125,9.369,8.803,13.284,7.703,7.924,14.638,9.802,0.354,4.094,8.796,168.125,264.369,38.803,268.284,262.703,352.924,299.638,294.802,240.354,184.094,143.796,"18 ♍ 07' 29""","24 ♐ 22' 09"""," 8 ♉ 48' 11""","28 ♐ 17' 01""","22 ♐ 42' 11""","22 ♓ 55' 24""","29 ♑ 38' 18""","24 ♑ 48' 06"""," 0 ♐ 21' 13"""," 4 ♎ 05' 38""","23 ♌ 47' 45""",-14.433,-21.181,-14.074,-6.711,-8.26,-19.888,-22.474,-22.373,-6.722,-21.328,-20.975,-7.478,-10.214,-5.489,13.396,0,4.296,1.791,-0.209,-0.756,0.348,-2.297,-0.547,0.511,12.877,-2.7,0.003,327.819,346.886,6437.139,12189.523,14039.212,12817.343,12978.105,13228.87,13232.701,13286.032,13381.303,379.067,6469.32,12221.704,14071.393,12849.524,13098.074,12600.974,6978.074,6502.334,13010.286,13261.051,13264.882,13318.213,13413.484,6450.253,12202.637,14052.326,12830.457,12991.219,13241.984,13245.815,13299.146,13394.417,6112.384,7962.073,6740.204,6900.966,7151.731,7155.562,7208.893,7304.164,2209.689,987.82,1148.582,1399.347,1403.178,1456.509,1551.78,-861.869,-701.107,-450.342,-446.511,-393.18,-297.909,520.762,771.527,775.358,828.689,923.96,610.765,614.596,667.927,763.198,363.831,417.162,512.433,413.331,508.602,455.271,33023.756,263.756,41169.322,47059.841,52825.422,53624.031,53455.201,53868.487,53873.323,53927.771,54024.329,8505.566,14396.085,20161.666,20960.275,20791.445,271.445,21204.731,21209.567,21264.015,21360.573,6250.519,12016.1,12814.709,12645.879,13059.165,13064.001,13118.449,13215.007,6125.581,6924.19,6755.36,7168.646,7173.482,7227.93,7324.488,1158.609,989.779,1403.065,1407.901,1462.349,760.298,191.17,604.456,609.292,663.74,760.298,773.286,778.122,832.57,929.128,364.836,419.284,515.842,414.448,511.006,456.558
1995-11-24 12:00,1.943,0.752,2.79,11.47,10.578,6.046,3.003,12.53,8.471,0.558,11.023,10.421,9.423,241.943,270.752,242.79,266.47,265.578,261.046,348.003,297.53,293.471,240.558,206.023,190.421,144.423,284.3643333333,289.2013333333,288.1216,290.7168,262.238625," 1 ♐ 56' 34"""," 0 ♑ 45' 06"""," 2 ♐ 47' 24""","26 ♐ 28' 13""","25 ♐ 34' 41""","21 ♐ 02' 45""","18 ♓ 00' 10""","27 ♑ 31' 47""","23 ♑ 28' 17"""," 0 ♐ 33' 28""","26 ♎ 01' 21""","10 ♎ 25' 16""","24 ♌ 25' 22""",4.595,0.758,1.943,11.624,9.553,8.685,14.895,9.94,0.511,5.173,8.819,244.595,300.758,61.943,281.624,264.553,353.685,299.895,294.94,240.511,185.173,143.819," 4 ♐ 35' 40"""," 0 ♒ 45' 28"""," 1 ♊ 56' 34""","11 ♑ 37' 24""","24 ♐ 33' 09""","23 ♓ 41' 07""","29 ♑ 53' 40""","24 ♑ 56' 22"""," 0 ♐ 30' 38"""," 5 ♎ 10' 21""","23 ♌ 49' 07""",-20.549,-24.4085,-22.9365,-18.748,-21.335,-24.538,-24.279,-22.832,-6.794,-21.182,-20.903,-7.707,-10.05,-6.576,13.383,0,4.688,-0.632,-1.148,-0.917,0.304,-2.229,-0.54,0.502,12.823,-2.665,0.003,336.32,360.847,6457.212,12221.744,14076.767,12854.787,13012.369,13265.26,13269.319,13322.232,13418.367,384.527,6480.892,12245.424,14100.447,12878.467,13144.045,12612.889,7024.045,6491.105,13036.049,13288.94,13292.999,13345.912,13442.047,6456.365,12220.897,14075.92,12853.94,13011.522,13264.413,13268.472,13321.385,13417.52,6124.532,7979.555,6757.575,6915.157,7168.048,7172.107,7225.02,7321.155,2215.023,993.043,1150.625,1403.516,1407.575,1460.488,1556.623,-861.98,-704.398,-451.507,-447.448,-394.535,-298.4,517.582,770.473,774.532,827.445,923.58,612.891,616.95,669.863,765.998,364.059,416.972,513.107,412.913,509.048,456.135,33063.837,303.837,41222.652,47122.971,52900.042,53699.422,53530.91,53944.7,53949.655,54004.084,54100.776,8518.815,14419.134,20196.205,20995.585,20827.073,307.073,21240.863,21245.818,21300.247,21396.939,6260.319,12037.39,12836.77,12668.258,13082.048,13087.003,13141.432,13238.124,6137.071,6936.451,6767.939,7181.729,7186.684,7241.113,7337.805,1159.38,990.868,1404.658,1409.613,1464.042,761.354,191.488,605.278,610.233,664.662,761.354,773.79,778.745,833.174,929.866,364.955,419.384,516.076,414.429,511.121,456.692
1995-11-25 12:00,2.955,0.723,4.364,12.713,11.331,6.267,3.009,12.569,8.498,0.598,10.93,10.532,9.422,242.955,285.723,244.364,267.713,266.331,261.267,348.009,297.569,293.498,240.598,205.93,190.532,144.422,284.5453333333,289.3226666667,288.1882,290.7444,262.65375," 2 ♐ 57' 16""","15 ♑ 43' 21"""," 4 ♐ 21' 51""","27 ♐ 42' 46""","26 ♐ 19' 49""","21 ♐ 16' 01""","18 ♓ 00' 32""","27 ♑ 34' 09""","23 ♑ 29' 52"""," 0 ♐ 35' 51""","25 ♎ 55' 48""","10 ♎ 31' 56""","24 ♌ 25' 20""",7.361,2.339,2.955,12.214,9.633,8.719,14.906,9.946,0.518,5.22,8.82,247.361,302.339,62.955,282.214,264.633,353.719,299.906,294.946,240.518,185.22,143.82," 7 ♐ 21' 38"""," 2 ♒ 20' 20"""," 2 ♊ 57' 16""","12 ♑ 12' 52""","24 ♐ 37' 59""","23 ♓ 43' 06""","29 ♑ 54' 20""","24 ♑ 56' 44"""," 0 ♐ 31' 03"""," 5 ♎ 13' 10""","23 ♌ 49' 11""",-20.747,-24.455,-23.1695,-17.448,-21.738,-24.601,-24.309,-22.848,-6.789,-21.174,-20.899,-7.715,-10.016,-6.619,13.383,0,5.097,-0.737,-1.183,-0.922,0.302,-2.226,-0.54,0.501,12.823,-2.664,0.003,336.651,361.409,6458.033,12223.097,14078.434,12856.355,13013.832,13266.795,13270.866,13323.766,13419.942,384.758,6481.382,12246.446,14101.783,12879.704,13146.035,12613.373,7026.035,6490.609,13037.181,13290.144,13294.215,13347.115,13443.291,6456.624,12221.688,14077.025,12854.946,13012.423,13265.386,13269.457,13322.357,13418.533,6125.064,7980.401,6758.322,6915.799,7168.762,7172.833,7225.733,7321.909,2215.337,993.258,1150.735,1403.698,1407.769,1460.669,1556.845,-862.079,-704.602,-451.639,-447.568,-394.668,-298.492,517.477,770.44,774.511,827.411,923.587,612.963,617.034,669.934,766.11,364.071,416.971,513.147,412.9,509.076,456.176,33065.022,305.022,41224.406,47125.147,52902.728,53702.141,53533.642,53947.455,53952.415,54006.843,54103.541,8519.384,14420.125,20197.706,20997.119,20828.62,308.62,21242.433,21247.393,21301.821,21398.519,6260.741,12038.322,12837.735,12669.236,13083.049,13088.009,13142.437,13239.135,6137.581,6936.994,6768.495,7182.308,7187.268,7241.696,7338.394,1159.413,990.914,1404.727,1409.687,1464.115,761.4,191.501,605.314,610.274,664.702,761.4,773.813,778.773,833.201,929.899,364.96,419.388,516.086,414.428,511.126,456.698
1997-10-20 12:00,12.342,12.923,1.985,13.599,0.551,12.352,1.081,4.754,12.219,4.06,4.058,6.144,10.052,207.342,87.923,211.985,253.599,255.551,312.352,16.081,304.754,297.219,244.06,169.058,216.144,145.052,238.3361666667,246.5933333333,234.8932,238.512,230.293,"27 ♎ 20' 32""","27 ♊ 55' 21"""," 1 ♏ 59' 07""","13 ♐ 35' 57""","15 ♐ 33' 03""","12 ♒ 21' 07""","16 ♈ 04' 51"""," 4 ♒ 45' 13""","27 ♑ 13' 08"""," 4 ♐ 03' 36""","19 ♍ 03' 27"""," 6 ♏ 08' 39""","25 ♌ 03' 08""",12.402,5.442,12.342,2,8.35,2.269,7.607,14.111,5.223,7.143,9.51,222.402,335.442,27.342,287,323.35,17.269,307.607,299.111,245.223,217.143,144.51,"12 ♏ 24' 07"""," 5 ♓ 26' 32""","27 ♈ 20' 32""","17 ♑ 00' 01""","23 ♒ 21' 01""","17 ♈ 16' 08"""," 7 ♒ 36' 25""","29 ♑ 06' 41"""," 5 ♐ 13' 23"""," 7 ♏ 08' 34""","24 ♌ 30' 36""",-10.526,-24.647,-18.708,18.291,-11.951,-25.465,-23.829,-18.01,3.779,-19.682,-20.333,-9.153,4.33,-12.766,13.173,-0,-5.131,0.225,-3.058,-1.182,-0.955,-2.758,-0.627,0.388,12.001,0.85,0.003,318.386,364.643,6796.434,12859.633,14802.927,13515.904,13675.841,13947.231,13954.766,14007.925,14106.933,406.257,6838.048,12901.247,14844.541,13557.518,13813.069,13301.967,7333.069,6825.871,13717.455,13988.845,13996.38,14049.539,14148.547,6791.791,12854.99,14798.284,13511.261,13671.198,13942.588,13950.123,14003.282,14102.29,6423.199,8366.493,7079.47,7239.407,7510.797,7518.332,7571.491,7670.499,2303.294,1016.271,1176.208,1447.598,1455.133,1508.292,1607.3,-927.023,-767.086,-495.696,-488.161,-435.002,-335.994,519.937,791.327,798.862,852.021,951.029,631.39,638.925,692.084,791.092,367.535,420.694,519.702,413.159,512.167,459.008,34806.96,246.96,43395.06,49615.402,55699.052,56525.259,56365.133,56794.795,56803.291,56857.179,56957.892,8948.1,15168.442,21252.092,22078.299,21918.173,318.173,22347.835,22356.331,22410.219,22510.932,6580.342,12663.992,13490.199,13330.073,13759.735,13768.231,13822.119,13922.832,6443.65,7269.857,7109.731,7539.393,7547.889,7601.777,7702.49,1186.207,1026.081,1455.743,1464.239,1518.127,792.633,199.874,629.536,638.032,691.92,792.633,789.662,798.158,852.046,952.759,368.496,422.384,523.097,413.888,514.601,460.713
1997-11-10 12:00,3.343,10.318,4.387,5.293,1.12,13.902,14.636,5.054,12.479,4.815,2.959,9.1,10.136,228.343,355.318,244.387,275.293,271.12,313.902,14.636,305.054,297.479,244.815,167.959,219.1,145.136,241.1676666667,249.2305,235.1772,239.1292,194.066,"18 ♏ 20' 35""","25 ♓ 19' 05"""," 4 ♐ 23' 13"""," 5 ♑ 17' 34"""," 1 ♑ 07' 10""","13 ♒ 54' 06""","14 ♈ 38' 07"""," 5 ♒ 03' 14""","27 ♑ 28' 42"""," 4 ♐ 48' 55""","17 ♍ 57' 33"""," 9 ♏ 06' 01""","25 ♌ 08' 08""",11.443,8.802,3.343,14.737,10.21,2.997,7.838,14.237,5.364,8.06,9.531,281.443,8.802,48.343,299.737,325.21,17.997,307.838,299.237,245.364,218.06,144.531,"11 ♑ 26' 35"""," 8 ♈ 48' 07""","18 ♉ 20' 35""","29 ♑ 44' 12""","25 ♒ 12' 34""","17 ♈ 59' 47"""," 7 ♒ 50' 18""","29 ♑ 14' 14"""," 5 ♐ 21' 49"""," 8 ♏ 03' 37""","24 ♌ 31' 50""",-17.288,-25.8085,-24.9335,-2.461,-22.93,-26.937,-24.68,-17.537,3.262,-19.601,-20.291,-9.369,4.759,-13.627,13.145,-0,-0.655,-1.946,-3.609,-1.247,-0.923,-2.717,-0.617,0.379,11.913,0.95,0.003,329.094,376.044,6813.267,12890.485,14836.428,13549.751,13705.287,13979.333,13986.908,14039.572,14139.251,406.95,6844.173,12921.391,14867.334,13580.657,13851.777,13309.537,7371.777,6821.191,13736.193,14010.239,14017.814,14070.478,14170.157,6797.223,12874.441,14820.384,13533.707,13689.243,13963.289,13970.864,14023.528,14123.207,6437.218,8383.161,7096.484,7252.02,7526.066,7533.641,7586.305,7685.984,2305.943,1019.266,1174.802,1448.848,1456.423,1509.087,1608.766,-926.677,-771.141,-497.095,-489.52,-436.856,-337.177,515.536,789.582,797.157,849.821,949.5,634.046,641.621,694.285,793.964,367.575,420.239,519.918,412.664,512.343,459.679,34832.641,272.641,43433.1,49661.706,55756.233,56583.383,56423.446,56853.605,56862.206,56916.079,57016.912,8960.459,15189.065,21283.592,22110.742,21950.805,350.805,22380.964,22389.565,22443.438,22544.271,6588.606,12683.133,13510.283,13350.346,13780.505,13789.106,13842.979,13943.812,6454.527,7281.677,7121.74,7551.899,7560.5,7614.373,7715.206,1187.15,1027.213,1457.372,1465.973,1519.846,793.529,200.063,630.222,638.823,692.696,793.529,790.159,798.76,852.633,953.466,368.601,422.474,523.307,413.873,514.706,460.833
1999-07-24 12:00,1.369,3.934,4.611,4.592,7.844,3.415,1.046,0.366,3.017,7.907,12.995,12.608,9.896,121.369,258.934,124.611,154.592,217.844,33.415,46.046,315.366,303.017,247.907,132.995,237.608,144.896,193.9325,198.2748333333,189.1502,185.7222,221.961375," 1 ♌ 22' 06""","18 ♐ 56' 02"""," 4 ♌ 36' 40"""," 4 ♍ 35' 32"""," 7 ♏ 50' 37"""," 3 ♉ 24' 53""","16 ♉ 02' 47""","15 ♒ 21' 55"""," 3 ♒ 01' 01"""," 7 ♐ 54' 24""","12 ♌ 59' 40""","27 ♏ 36' 30""","24 ♌ 53' 46""",12.064,14.673,1.369,6.038,6.581,9.923,14.658,2.961,9.488,3.092,10.145,297.064,284.673,301.369,261.038,21.581,39.923,314.658,302.961,249.488,243.092,145.145,"27 ♑ 03' 49""","14 ♑ 40' 22"""," 1 ♒ 22' 06""","21 ♐ 02' 17""","21 ♈ 34' 53"""," 9 ♉ 55' 22""","14 ♒ 39' 30"""," 2 ♒ 57' 41"""," 9 ♐ 29' 15"""," 3 ♐ 05' 32""","25 ♌ 08' 43""",19.853,-4.2665,10.655,-18.722,14.316,6.994,-15.527,11.431,14.403,-16.904,-19.209,-10.133,16.913,-15.653,13.226,0,4.269,-4.932,-3.039,-1.483,-1.298,-2.334,-0.709,0.281,11.635,4.075,0.004,330.019,363.242,7106.767,13411.196,15471.616,14118.565,14287.003,14569.245,14581.594,14636.704,14739.715,393.223,7136.748,13441.177,15501.597,14148.546,14366.39,13930.702,7526.39,7217.206,14316.984,14599.226,14611.575,14666.685,14769.696,7103.525,13407.954,15468.374,14115.323,14283.761,14566.003,14578.352,14633.462,14736.473,6664.429,8724.849,7371.798,7540.236,7822.478,7834.827,7889.937,7992.948,2420.42,1067.369,1235.807,1518.049,1530.398,1585.508,1688.519,-993.051,-824.613,-542.371,-530.022,-474.912,-371.901,528.438,810.68,823.029,878.139,981.15,642.242,654.591,709.701,812.712,372.349,427.459,530.47,415.11,518.121,463.011,36372.391,12.391,45355.695,51876.026,58235.483,59093.972,58937.141,59382.406,59394.103,59447.576,59551.919,9343.304,15863.635,22223.092,23081.581,22924.75,244.75,23370.015,23381.712,23435.185,23539.528,6880.331,13239.788,14098.277,13941.446,14386.711,14398.408,14451.881,14556.224,6719.457,7577.946,7421.115,7866.38,7878.077,7931.55,8035.893,1218.489,1061.658,1506.923,1518.62,1572.093,817.947,203.169,648.434,660.131,713.604,817.947,805.265,816.962,870.435,974.778,371.697,425.17,529.513,413.473,517.816,464.343
1999-10-21 12:00,12.856,0.776,6.762,11.693,3.37,0.205,14.949,12.863,1.605,8.809,9.706,2.928,10.772,207.856,345.776,231.762,161.693,273.37,30.205,44.949,312.863,301.605,248.809,129.706,242.928,145.772,201.9668333333,209.3528333333,187.6862,188.411,168.779875,"27 ♎ 51' 20""","15 ♓ 46' 31""","21 ♏ 45' 42""","11 ♍ 41' 36"""," 3 ♑ 22' 12"""," 0 ♉ 12' 16""","14 ♉ 56' 55""","12 ♒ 51' 48"""," 1 ♒ 36' 16"""," 8 ♐ 48' 34"""," 9 ♌ 42' 20"""," 2 ♐ 55' 40""","25 ♌ 46' 20""",0.303,6.266,12.856,14.062,14.733,13.125,0.631,3.494,10.072,6.318,10.232,300.303,66.266,27.856,314.062,29.733,43.125,315.631,303.494,250.072,246.318,145.232," 0 ♒ 18' 11"""," 6 ♊ 15' 59""","27 ♈ 51' 20""","14 ♒ 03' 42""","29 ♈ 43' 58""","13 ♉ 07' 28""","15 ♒ 37' 49"""," 3 ♒ 29' 39""","10 ♐ 04' 17"""," 6 ♐ 19' 06""","25 ♌ 13' 56""",-10.711,-9.3105,-7.153,-8.344,-20.824,6.518,-25.139,10.1,13.819,-17.612,-19.552,-10.895,17.819,-16.948,12.932,0,-2.968,-2.713,-0.713,-1.745,-1.541,-2.615,-0.69,0.256,10.998,3.866,0.004,430.069,383.906,7158.392,13521.557,15582.056,14226.813,14388.834,14678.899,14690.157,14742.953,14845.99,313.837,7088.323,13451.488,15511.987,14156.744,14430.114,13883.374,7590.114,7266.728,14318.765,14608.83,14620.088,14672.884,14775.921,7134.486,13497.651,15558.15,14202.907,14364.928,14654.993,14666.251,14719.047,14822.084,6723.165,8783.664,7428.421,7590.442,7880.507,7891.765,7944.561,8047.598,2420.499,1065.256,1227.277,1517.342,1528.6,1581.396,1684.433,-995.243,-833.222,-543.157,-531.899,-479.103,-376.066,522.021,812.086,823.344,876.14,979.177,650.065,661.323,714.119,817.156,371.258,424.054,527.091,412.796,515.833,463.037,36594.037,234.037,45632.447,52186.241,58590.57,59453.985,59297.178,59744.672,59756.809,59810.231,59915.071,9398.41,15952.204,22356.533,23219.948,23063.141,23.141,23510.635,23522.772,23576.194,23681.034,6913.794,13318.123,14181.538,14024.731,14472.225,14484.362,14537.784,14642.624,6764.329,7627.744,7470.937,7918.431,7930.568,7983.99,8088.83,1223.415,1066.608,1514.102,1526.239,1579.661,821.086,203.193,650.687,662.824,716.246,821.086,807.494,819.631,873.053,977.893,372.137,425.559,530.399,413.422,518.262,464.84
1999-10-22 12:00,13.85,14.595,7.866,12.617,4.099,0.069,14.873,12.863,1.609,8.841,9.59,3.04,10.778,208.85,359.595,232.866,162.617,274.099,30.069,44.873,312.863,301.609,248.841,129.59,243.04,145.778,202.059,209.4821666667,187.651,188.4408,169.20225,"28 ♎ 51' 00""","29 ♓ 35' 41""","22 ♏ 51' 56""","12 ♍ 36' 59"""," 4 ♑ 05' 55"""," 0 ♉ 04' 09""","14 ♉ 52' 23""","12 ♒ 51' 45"""," 1 ♒ 36' 33"""," 8 ♐ 50' 27"""," 9 ♌ 35' 24"""," 3 ♐ 02' 24""","25 ♌ 46' 40""",3.504,7.875,13.85,14.689,14.824,13.161,0.641,3.5,10.078,6.354,10.233,303.504,67.875,28.85,314.689,29.824,43.161,315.641,303.5,250.078,246.354,145.233," 3 ♒ 30' 15"""," 7 ♊ 52' 30""","28 ♈ 51' 00""","14 ♒ 41' 20""","29 ♈ 49' 28""","13 ♉ 09' 38""","15 ♒ 38' 29"""," 3 ♒ 30' 00""","10 ♐ 04' 41"""," 6 ♐ 21' 15""","25 ♌ 14' 00""",-11.065,-9.4195,-7.449,-3.694,-21.172,6.274,-25.113,10.053,13.796,-17.612,-19.551,-10.905,17.85,-16.97,12.93,0,-3.851,-2.777,-0.596,-1.74,-1.54,-2.616,-0.689,0.255,10.993,3.866,0.004,430.249,384.016,7158.767,13522.797,15583.276,14227.993,14389.826,14680.003,14691.257,14744.025,14847.088,313.767,7088.518,13452.548,15513.027,14157.744,14431.843,13883.645,7591.843,7266.609,14319.577,14609.754,14621.008,14673.776,14776.839,7134.751,13498.781,15559.26,14203.977,14365.81,14655.987,14667.241,14720.009,14823.072,6724.03,8784.509,7429.226,7591.059,7881.236,7892.49,7945.258,8048.321,2420.479,1065.196,1227.029,1517.206,1528.46,1581.228,1684.291,-995.283,-833.45,-543.273,-532.019,-479.251,-376.188,521.833,812.01,823.264,876.032,979.095,650.177,661.431,714.199,817.262,371.254,424.022,527.085,412.768,515.831,463.063,36595.629,235.629,45634.654,52188.815,58593.68,59457.15,59300.343,59747.863,59760.004,59813.426,59918.271,9399.025,15953.186,22358.051,23221.521,23064.714,24.714,23512.234,23524.375,23577.797,23682.642,6914.161,13319.026,14182.496,14025.689,14473.209,14485.35,14538.772,14643.617,6764.865,7628.335,7471.528,7919.048,7931.189,7984.611,8089.456,1223.47,1066.663,1514.183,1526.324,1579.746,821.121,203.193,650.713,662.854,716.276,821.121,807.52,819.661,873.083,977.928,372.141,425.563,530.408,413.422,518.267,464.845
1999-12-05 12:00,13.111,3.821,8.088,14.731,7.235,10.395,11.527,13.653,2.344,10.455,5.072,8.392,10.854,253.111,228.821,233.088,209.731,307.235,25.395,41.527,313.653,302.344,250.455,125.072,248.392,145.854,206.7681666667,215.2316666667,186.6748,189.7696,187.951,"13 ♐ 06' 38""","18 ♏ 49' 15""","23 ♏ 05' 16""","29 ♎ 43' 50"""," 7 ♒ 14' 07""","25 ♈ 23' 42""","11 ♉ 31' 36""","13 ♒ 39' 11"""," 2 ♒ 20' 39""","10 ♐ 27' 17"""," 5 ♌ 04' 19"""," 8 ♐ 23' 29""","25 ♌ 51' 15""",1.075,4.107,13.111,12.542,3.846,14.749,1.122,3.764,10.367,7.915,10.277,166.075,139.107,73.111,342.542,33.846,44.749,316.122,303.764,250.367,247.915,145.277,"16 ♍ 04' 31""","19 ♌ 06' 26""","13 ♊ 06' 38""","12 ♓ 32' 32"""," 3 ♉ 50' 45""","14 ♉ 44' 57""","16 ♒ 07' 19"""," 3 ♒ 45' 50""","10 ♐ 21' 59"""," 7 ♐ 54' 53""","25 ♌ 16' 37""",-22.37,-14.526,-12.866,-12.655,-16.476,-9.256,-19.796,8.518,12.857,-17.365,-19.4,-11.27,18.998,-17.81,12.904,0,4.95,2.135,2.264,-1.38,-1.4,-2.556,-0.667,0.242,10.85,3.941,0.004,383.357,339.977,7125.853,13527.693,15588.016,14231.561,14384.696,14679.435,14690.744,14742.633,14847.234,316.62,7102.496,13504.336,15564.659,14208.204,14515.439,13900.969,7675.439,7255.977,14361.339,14656.078,14667.387,14719.276,14823.877,7145.876,13547.716,15608.039,14251.584,14404.719,14699.458,14710.767,14762.656,14867.257,6761.84,8822.163,7465.708,7618.843,7913.582,7924.891,7976.78,8081.381,2420.323,1063.868,1217.003,1511.742,1523.051,1574.94,1679.541,-996.455,-843.32,-548.581,-537.272,-485.383,-380.782,513.135,807.874,819.183,871.072,975.673,654.739,666.048,717.937,822.538,371.309,423.198,527.799,411.889,516.49,464.601,36746.968,26.968,45812.964,52383.533,58812.229,59678.16,59521.326,59969.953,59982.311,60035.708,60140.798,9425.996,15996.565,22425.261,23291.192,23134.358,94.358,23582.985,23595.343,23648.74,23753.83,6930.569,13359.265,14225.196,14068.362,14516.989,14529.347,14582.744,14687.834,6788.696,7654.627,7497.793,7946.42,7958.778,8012.175,8117.265,1225.931,1069.097,1517.724,1530.082,1583.479,822.638,203.166,651.793,664.151,717.548,822.638,808.627,820.985,874.382,979.472,372.358,425.755,530.845,413.397,518.487,465.09
1999-12-31 12:00,9.568,3.756,0.672,0.617,12.358,10.223,10.411,14.775,3.171,11.433,3.993,11.534,10.738,279.568,213.756,270.672,240.617,327.358,25.223,40.411,314.775,303.171,251.433,123.993,251.534,145.738,210.3951666667,218.62,187.0026,190.5544,199.075875," 9 ♑ 34' 03"""," 3 ♏ 45' 19"""," 0 ♑ 40' 17"""," 0 ♐ 37' 00""","27 ♒ 21' 27""","25 ♈ 13' 22""","10 ♉ 24' 39""","14 ♒ 46' 31"""," 3 ♒ 10' 16""","11 ♐ 25' 59"""," 3 ♌ 59' 34""","11 ♐ 32' 02""","25 ♌ 44' 17""",11.607,1.319,9.568,13.948,6.219,0.69,1.406,3.92,10.537,8.827,10.303,251.607,181.319,99.568,358.948,36.219,45.69,316.406,303.92,250.537,248.827,145.303,"11 ♐ 36' 24"""," 1 ♎ 19' 07"""," 9 ♋ 34' 03""","28 ♓ 56' 53"""," 6 ♉ 13' 07""","15 ♉ 41' 23""","16 ♒ 24' 22"""," 3 ♒ 55' 12""","10 ♐ 32' 13"""," 8 ♐ 49' 36""","25 ♌ 18' 10""",-23.092,-15.8185,-21.2945,-7.834,-24.353,-18.236,-13.401,8.58,12.616,-17.03,-19.218,-11.392,19.255,-18.134,12.943,0,5.24,-0.917,2.088,-1.078,-1.266,-2.448,-0.658,0.235,10.854,4.067,0.004,390.055,351.104,7143.314,13565.449,15626.679,14270.261,14419.138,14715.897,14727.501,14779.239,14884.934,321.049,7113.259,13535.394,15596.624,14240.206,14567.564,13912.848,7727.564,7246.33,14389.083,14685.842,14697.446,14749.184,14854.879,7152.21,13574.345,15635.575,14279.157,14428.034,14724.793,14736.397,14788.135,14893.83,6782.135,8843.365,7486.947,7635.824,7932.583,7944.187,7995.925,8101.62,2421.23,1064.812,1213.689,1510.448,1522.052,1573.79,1679.485,-996.418,-847.541,-550.782,-539.178,-487.44,-381.745,508.877,805.636,817.24,868.978,974.673,656.759,668.363,720.101,825.796,371.604,423.342,529.037,411.738,517.433,465.695,36790.288,70.288,45872.039,52452.659,58895.388,59762.78,59605.917,60055.201,60067.687,60121.07,60226.304,9441.751,16022.371,22465.1,23332.492,23175.629,135.629,23624.913,23637.399,23690.782,23796.016,6940.62,13383.349,14250.741,14093.878,14543.162,14555.648,14609.031,14714.265,6802.729,7670.121,7513.258,7962.542,7975.028,8028.411,8133.645,1227.392,1070.529,1519.813,1532.299,1585.682,823.524,203.137,652.421,664.907,718.29,823.524,809.284,821.77,875.153,980.387,372.486,425.869,531.103,413.383,518.617,465.234
2000-04-17 12:00,12.985,0.636,7.418,13.494,3.607,13.034,2.506,5.255,6.457,12.603,14.4,1.885,9.86,27.985,195.636,7.418,13.494,48.607,43.034,47.506,320.255,306.457,252.603,119.4,256.885,144.86,169.7436666667,171.8778333333,193.971,193.8066,199.0615,"27 ♈ 59' 06""","15 ♎ 38' 11"""," 7 ♈ 25' 03""","13 ♈ 29' 39""","18 ♉ 36' 26""","13 ♉ 02' 03""","17 ♉ 30' 21""","20 ♒ 15' 19"""," 6 ♒ 27' 24""","12 ♐ 36' 10""","29 ♋ 24' 00""","16 ♐ 53' 07""","24 ♌ 51' 35""",10.317,8.24,12.985,2.234,1.034,4.606,2.584,4.567,11.242,12.53,10.409,310.317,353.24,207.985,62.234,46.034,49.606,317.584,304.567,251.242,252.53,145.409,"10 ♒ 19' 00""","23 ♓ 14' 23""","27 ♎ 59' 06"""," 2 ♊ 14' 01""","16 ♉ 02' 02""","19 ♉ 36' 23""","17 ♒ 35' 01"""," 4 ♒ 34' 01""","11 ♐ 14' 32""","12 ♐ 31' 47""","25 ♌ 24' 32""",10.757,10.783,2.301,-1.666,0.642,3.96,17.606,14.902,15.109,-15.378,-18.444,-11.125,20.275,-17.706,13.238,0,4.861,-2.505,-1.482,0.254,-0.89,-2.027,-0.68,0.221,11.269,5.11,0.004,353.924,339.433,7158.811,13644.384,15728.018,14359.912,14510.533,14807.163,14820.961,14874.815,14982.558,345.509,7164.887,13650.46,15734.094,14365.988,14414.595,14317.381,7574.595,7547.607,14516.609,14813.239,14827.037,14880.891,14988.634,7179.378,13664.951,15748.585,14380.479,14531.1,14827.73,14841.528,14895.382,15003.125,6845.573,8929.207,7561.101,7711.722,8008.352,8022.15,8076.004,8183.747,2443.634,1075.528,1226.149,1522.779,1536.577,1590.431,1698.174,-1008.106,-857.485,-560.855,-547.057,-493.203,-385.46,510.621,807.251,821.049,874.903,982.646,656.63,670.428,724.282,832.025,373.798,427.652,535.395,413.854,521.597,467.743,37037.077,317.077,46182.332,52808.083,59304.283,60177.787,60020.711,60472.733,60485.75,60539.075,60644.908,9505.255,16131.006,22627.206,23500.71,23343.634,303.634,23795.656,23808.673,23861.998,23967.831,6985.751,13481.951,14355.455,14198.379,14650.401,14663.418,14716.743,14822.576,6856.2,7729.704,7572.628,8024.65,8037.667,8090.992,8196.825,1233.504,1076.428,1528.45,1541.467,1594.792,827.121,202.924,654.946,667.963,721.288,827.121,812.022,825.039,878.364,984.197,373.017,426.342,532.175,413.325,519.158,465.833
2002-11-13 12:00,6.147,11.777,5.868,1.239,3.529,2.41,13.101,9.948,8.362,1.48,8.849,6.198,11.936,231.147,341.777,230.868,211.239,198.529,137.41,88.101,324.948,308.362,256.48,68.849,276.198,146.936,218.9716666667,214.3191666667,223.0602,221.246,174.516375,"21 ♏ 08' 49""","11 ♓ 46' 35""","20 ♏ 52' 03"""," 1 ♏ 14' 21""","18 ♎ 31' 43""","17 ♌ 24' 37""","28 ♊ 06' 04""","24 ♒ 56' 51"""," 8 ♒ 21' 43""","16 ♐ 28' 49"""," 8 ♊ 50' 56"""," 6 ♑ 11' 51""","26 ♌ 56' 09""",5.258,14.069,6.147,14.685,6.643,9.326,12.776,10.2,2.285,9.638,11.334,230.258,59.069,51.147,179.685,126.643,84.326,327.776,310.2,257.285,279.638,146.334,"20 ♏ 15' 30""","29 ♉ 04' 09""","21 ♉ 08' 49""","29 ♍ 41' 06"""," 6 ♌ 38' 34""","24 ♊ 19' 34""","27 ♒ 46' 33""","10 ♒ 12' 00""","17 ♐ 17' 05"""," 9 ♑ 38' 16""","26 ♌ 20' 03""",-18.046,-10.3235,-16.165,-11.998,-18.043,-14.287,-6.36,16.18,22.088,-13.908,-18.126,-13.519,21.777,-17.124,12.538,-0,-5.253,-0.073,-2.542,0.975,0.591,-1.338,-0.745,0.05,9.279,6.177,0.004,379.629,359.721,7592.339,14493.458,16722.019,15262.767,15434.67,15745.92,15762.506,15814.388,15923.932,340.092,7572.71,14473.829,16702.39,15243.138,15441.667,15044.609,8241.667,7819.189,15415.041,15726.291,15742.877,15794.759,15904.303,7592.618,14493.737,16722.298,15263.046,15434.949,15746.199,15762.785,15814.667,15924.211,7261.119,9489.68,8030.428,8202.331,8513.581,8530.167,8582.049,8691.593,2588.561,1129.309,1301.212,1612.462,1629.048,1680.93,1790.474,-1099.252,-927.349,-616.099,-599.513,-547.631,-438.087,531.903,843.153,859.739,911.621,1021.165,671.25,687.836,739.718,849.262,376.586,428.468,538.012,411.882,521.426,469.544,39411.189,171.189,49139.111,56210.573,63103.615,64030.62,63865.932,64342.482,64360.058,64412.973,64523.924,10087.922,17159.384,24052.426,24979.431,24814.743,334.743,25291.293,25308.869,25361.784,25472.735,7431.462,14324.504,15251.509,15086.821,15563.371,15580.947,15633.862,15744.813,7253.042,8180.047,8015.359,8491.909,8509.485,8562.4,8673.351,1287.005,1122.317,1598.867,1616.443,1669.358,853.304,195.312,671.862,689.438,742.353,853.304,836.55,854.126,907.041,1017.992,377.576,430.491,541.442,412.915,523.866,470.951
2002-11-19 12:00,12.192,8.234,0.374,0.105,7.374,2.749,12.736,10.012,8.454,1.696,8.651,6.7,11.944,237.192,53.234,240.374,210.105,202.374,137.749,87.736,325.012,308.454,256.696,68.651,276.7,146.944,219.6701666667,214.9048333333,223.1294,221.415,176.91725,"27 ♏ 11' 32""","23 ♉ 14' 03"""," 0 ♐ 22' 26"""," 0 ♏ 06' 19""","22 ♎ 22' 25""","17 ♌ 44' 58""","27 ♊ 44' 10""","25 ♒ 00' 42"""," 8 ♒ 27' 12""","16 ♐ 41' 45"""," 8 ♊ 39' 05"""," 6 ♑ 41' 59""","26 ♌ 56' 38""",7.156,8.717,12.192,2.354,7.125,9.55,12.841,10.236,2.323,9.785,11.34,247.156,68.717,57.192,182.354,127.125,84.55,327.841,310.236,257.323,279.785,146.34," 7 ♐ 09' 23"""," 8 ♊ 43' 00""","27 ♉ 11' 32"""," 2 ♎ 21' 14"""," 7 ♌ 07' 31""","24 ♊ 33' 00""","27 ♒ 50' 26""","10 ♒ 14' 09""","17 ♐ 19' 22"""," 9 ♑ 47' 05""","26 ♌ 20' 24""",-19.532,-10.1725,-16.7285,17.22,-20.941,-12.516,-7.829,16.097,22.083,-13.883,-18.104,-13.559,21.746,-17.128,12.535,-0,-1.406,-0.728,-1.076,0.948,0.613,-1.338,-0.741,0.048,9.258,6.15,0.004,390.269,363.182,7598,14502.625,16731.723,15272.638,15443.674,15755.362,15771.92,15823.678,15933.43,332.913,7567.731,14472.356,16701.454,15242.369,15444.743,15039.995,8244.743,7824.533,15413.405,15725.093,15741.651,15793.409,15903.161,7594.818,14499.443,16728.541,15269.456,15440.492,15752.18,15768.738,15820.496,15930.248,7264.625,9493.723,8034.638,8205.674,8517.362,8533.92,8585.678,8695.43,2589.098,1130.013,1301.049,1612.737,1629.295,1681.053,1790.805,-1099.085,-928.049,-616.361,-599.803,-548.045,-438.293,531.036,842.724,859.282,911.04,1020.792,671.688,688.246,740.004,849.756,376.558,428.316,538.068,411.758,521.51,469.752,39418.439,178.439,49149.964,56224.802,63120.031,64047.371,63882.606,64359.315,64376.92,64429.833,64540.816,10091.525,17166.363,24061.592,24988.932,24824.167,344.167,25300.876,25318.481,25371.394,25482.377,7434.838,14330.067,15257.407,15092.642,15569.351,15586.956,15639.869,15750.852,7255.229,8182.569,8017.804,8494.513,8512.118,8565.031,8676.014,1287.34,1122.575,1599.284,1616.889,1669.802,853.445,195.235,671.944,689.549,742.462,853.445,836.709,854.314,907.227,1018.21,377.605,430.518,541.501,412.913,523.896,470.983
2003-11-04 12:00,11.864,8.795,3.221,2.255,8.762,13.682,13.151,13.901,10.446,3.413,5.489,13.839,12.267,221.864,353.795,228.221,242.255,338.762,163.682,103.151,328.901,310.446,258.413,50.489,283.839,147.267,250.5591666667,195.56,232.9186,231.1578,185.7325,"11 ♏ 51' 49""","23 ♓ 47' 42""","18 ♏ 13' 16"""," 2 ♐ 15' 16"""," 8 ♓ 45' 44""","13 ♍ 40' 55""","13 ♋ 09' 03""","28 ♒ 54' 03""","10 ♒ 26' 47""","18 ♐ 24' 45""","20 ♉ 29' 19""","13 ♑ 50' 19""","27 ♌ 16' 02""",1.966,0.636,11.864,2.571,4.688,7.624,1.614,12.335,4.528,2.907,11.684,241.966,270.636,41.864,17.571,154.688,97.624,331.614,312.335,259.528,287.907,146.684," 1 ♐ 57' 57"""," 0 ♑ 38' 09""","11 ♉ 51' 49""","17 ♈ 34' 15"""," 4 ♍ 41' 16"""," 7 ♋ 37' 27"""," 1 ♓ 36' 49""","12 ♒ 20' 07""","19 ♐ 31' 40""","17 ♑ 54' 25""","26 ♌ 41' 02""",-15.395,-15.6195,-19.3765,-6.524,-17.768,-20.985,-10.254,7.317,22.065,-12.575,-17.637,-14.212,17.872,-16.185,12.425,-0,-4.422,-0.533,-0.379,-2.125,0.974,-0.729,-0.766,-0.016,8.754,6.569,0.004,345.966,366.357,7809.459,14824.539,17097.732,15605.07,15784.382,16099.32,16117.775,16169.808,16280.954,380.391,7823.493,14838.573,17111.766,15619.104,15957.866,15280.342,8397.866,7913.356,15798.416,16113.354,16131.809,16183.842,16294.988,7803.102,14818.182,17091.375,15598.713,15778.025,16092.963,16111.418,16163.451,16274.597,7375.08,9648.273,8155.611,8334.923,8649.861,8668.316,8720.349,8831.495,2633.193,1140.531,1319.843,1634.781,1653.236,1705.269,1816.415,-1132.662,-953.35,-638.412,-619.957,-567.924,-456.778,539.312,854.25,872.705,924.738,1035.884,674.938,693.393,745.426,856.572,378.455,430.488,541.634,412.033,523.179,471.146,40291.33,331.33,50240.102,57464.395,64527.278,65474.059,65304.342,65790.352,65809.631,65862.438,65975.282,10308.772,17533.065,24595.948,25542.729,25373.012,173.012,25859.022,25878.301,25931.108,26043.952,7584.293,14647.176,15593.957,15424.24,15910.25,15929.529,15982.336,16095.18,7422.883,8369.664,8199.947,8685.957,8705.236,8758.043,8870.887,1306.781,1137.064,1623.074,1642.353,1695.16,861.223,190.283,676.293,695.572,748.379,861.223,846.01,865.289,918.096,1030.94,379.279,432.086,544.93,412.807,525.651,472.844
2003-11-17 12:00,9.928,1.308,8.205,3.412,14.54,0.571,12.764,13.932,10.588,3.852,5.437,14.692,12.3,234.928,151.308,248.205,258.412,344.54,165.571,102.764,328.932,310.588,258.852,50.437,284.692,147.3,251.8745,197.1645,233.3414,231.5158,191.13975,"24 ♏ 55' 40"""," 1 ♍ 18' 28"""," 8 ♐ 12' 18""","18 ♐ 24' 42""","14 ♓ 32' 25""","15 ♍ 34' 14""","12 ♋ 45' 51""","28 ♒ 55' 55""","10 ♒ 35' 18""","18 ♐ 51' 08""","20 ♉ 26' 12""","14 ♑ 41' 32""","27 ♌ 17' 58""",7.995,6.203,9.928,10.408,5.693,8.11,1.754,12.413,4.609,3.192,11.697,277.995,291.203,54.928,25.408,155.693,98.11,331.754,312.413,259.609,288.192,146.697," 7 ♑ 59' 43""","21 ♑ 12' 09""","24 ♉ 55' 40""","25 ♈ 24' 29"""," 5 ♍ 41' 33"""," 8 ♋ 06' 35"""," 1 ♓ 45' 13""","12 ♒ 24' 48""","19 ♐ 36' 33""","18 ♑ 11' 32""","26 ♌ 41' 48""",-19,-15.6375,-23.6545,15.867,-23.456,-23.853,-7.422,6.628,22.109,-12.557,-17.6,-14.298,17.859,-16.182,12.414,0,5.203,-1.803,-0.922,-1.448,1.019,-0.722,-0.758,-0.018,8.703,6.486,0.004,349.793,373.277,7823.665,14842.634,17117.768,15625.441,15803.513,16119.273,16137.617,16189.353,16300.905,383.484,7833.872,14852.841,17127.975,15635.648,15980.188,15291.108,8420.188,7903.364,15813.72,16129.48,16147.824,16199.56,16311.112,7810.388,14829.357,17104.491,15612.164,15790.236,16105.996,16124.34,16176.076,16287.628,7378.969,9654.103,8161.776,8339.848,8655.608,8673.952,8725.688,8837.24,2635.134,1142.807,1320.879,1636.639,1654.983,1706.719,1818.271,-1132.327,-954.255,-638.495,-620.151,-568.415,-456.863,538.072,853.832,872.176,923.912,1035.464,675.76,694.104,745.84,857.392,378.344,430.08,541.632,411.736,523.288,471.552,40306.792,346.792,50263.067,57492.587,64562.302,65509.803,65339.885,65826.241,65845.582,65898.386,66011.298,10316.275,17545.795,24615.51,25563.011,25393.093,193.093,25879.449,25898.79,25951.594,26064.506,7589.52,14659.235,15606.736,15436.818,15923.174,15942.515,15995.319,16108.231,7429.715,8377.216,8207.298,8693.654,8712.995,8765.799,8878.711,1307.501,1137.583,1623.939,1643.28,1696.084,861.495,190.082,676.438,695.779,748.583,861.495,846.356,865.697,918.501,1031.413,379.341,432.145,545.057,412.804,525.716,472.912
2004-05-08 12:00,3.431,12.106,8.688,9.576,0.86,8.935,9.577,6.362,0.373,6.733,11.228,11.106,11.257,48.431,282.106,23.688,84.576,90.86,158.935,99.577,336.362,315.373,261.733,41.228,296.106,146.257,210.4733333333,216.1543333333,234.396,236.2584,216.790125,"18 ♉ 25' 50""","12 ♑ 06' 19""","23 ♈ 41' 17""","24 ♊ 34' 33"""," 0 ♋ 51' 35"""," 8 ♍ 56' 04"""," 9 ♋ 34' 35"""," 6 ♓ 21' 44""","15 ♒ 22' 23""","21 ♐ 44' 00""","11 ♉ 13' 41""","26 ♑ 06' 20""","26 ♌ 15' 24""",14.726,13.964,3.431,10.634,3.968,14.566,3.616,13.452,5.69,6.884,11.867,269.726,208.964,228.431,115.634,168.968,104.566,333.616,313.452,260.69,291.884,146.867,"29 ♐ 43' 32""","28 ♎ 57' 48""","18 ♏ 25' 50""","25 ♋ 38' 04""","18 ♍ 58' 03""","14 ♋ 33' 57"""," 3 ♓ 36' 56""","13 ♒ 27' 07""","20 ♐ 41' 24""","21 ♑ 53' 02""","26 ♌ 51' 59""",17.314,26.222,17.1125,-27.489,6.456,27.769,24.675,9.442,22.727,-9.874,-16.275,-14.276,15.199,-13.942,12.769,-0,-4.62,-2.947,4.444,1.237,1.318,-0.369,-0.749,-0.05,8.923,7.109,0.004,299.112,335.257,7852.828,14984.753,17262.46,15764.111,15927.582,16247.326,16268.315,16321.955,16437.431,396.145,7913.716,15045.641,17323.348,15824.999,15915.859,15734.139,8355.859,8186.707,15988.47,16308.214,16329.203,16382.843,16498.319,7877.571,15009.496,17287.203,15788.854,15952.325,16272.069,16293.058,16346.698,16462.174,7491.925,9769.632,8271.283,8434.754,8754.498,8775.487,8829.127,8944.603,2637.707,1139.358,1302.829,1622.573,1643.562,1697.202,1812.678,-1138.349,-974.878,-655.134,-634.145,-580.505,-465.029,523.471,843.215,864.204,917.844,1033.32,679.744,700.733,754.373,869.849,380.989,434.629,550.105,413.64,529.116,475.476,40740.762,60.762,50801.295,58114.092,65260.758,66217.842,66045.16,66536.11,66556.274,66609.036,66722.859,10420.533,17733.33,24879.996,25837.08,25664.398,104.398,26155.348,26175.512,26228.274,26342.097,7672.797,14819.463,15776.547,15603.865,16094.815,16114.979,16167.741,16281.564,7506.666,8463.75,8291.068,8782.018,8802.182,8854.944,8968.767,1317.084,1144.402,1635.352,1655.516,1708.278,865.017,187.318,678.268,698.432,751.194,865.017,850.95,871.114,923.876,1037.699,380.164,432.926,546.749,412.762,526.585,473.823
2004-05-09 12:00,4.397,11.572,9.328,9.886,1.494,8.947,9.674,6.388,0.378,6.712,11.216,11.097,11.256,49.397,296.572,24.328,84.886,91.494,158.947,99.674,336.388,315.378,261.712,41.216,296.097,146.256,210.5988333333,216.2535,234.4198,236.2856,217.186125,"19 ♉ 23' 50""","26 ♑ 34' 18""","24 ♈ 19' 40""","24 ♊ 53' 10"""," 1 ♋ 29' 37"""," 8 ♍ 56' 49"""," 9 ♋ 40' 27"""," 6 ♓ 23' 16""","15 ♒ 22' 39""","21 ♐ 42' 44""","11 ♉ 12' 59""","26 ♑ 05' 47""","26 ♌ 15' 22""",2.521,0.571,4.397,11.093,4.044,14.603,3.627,13.458,5.696,6.905,11.868,272.521,210.571,229.397,116.093,169.044,104.603,333.627,313.458,260.696,291.905,146.868," 2 ♑ 31' 15"""," 0 ♏ 34' 13""","19 ♏ 23' 50""","26 ♋ 05' 33""","19 ♍ 02' 38""","14 ♋ 36' 12"""," 3 ♓ 37' 35""","13 ♒ 27' 29""","20 ♐ 41' 46""","21 ♑ 54' 17""","26 ♌ 52' 03""",17.579,26.2045,17.172,-25.858,6.606,27.738,24.671,9.435,22.722,-9.865,-16.274,-14.274,15.195,-13.934,12.769,-0,-5.113,-3.037,4.4,1.238,1.315,-0.367,-0.749,-0.05,8.924,7.118,0.004,299.442,334.931,7852.834,14985.381,17263.112,15764.654,15928.231,16247.94,16268.95,16322.616,16438.072,395.489,7913.392,15045.939,17323.67,15825.212,15916.706,15733.718,8356.706,8186.934,15988.789,16308.498,16329.508,16383.174,16498.63,7877.903,15010.45,17288.181,15789.723,15953.3,16273.009,16294.019,16347.685,16463.141,7492.547,9770.278,8271.82,8435.397,8755.106,8776.116,8829.782,8945.238,2637.731,1139.273,1302.85,1622.559,1643.569,1697.235,1812.691,-1138.458,-974.881,-655.172,-634.162,-580.496,-465.04,523.577,843.286,864.296,917.962,1033.418,679.709,700.719,754.385,869.841,381.01,434.676,550.132,413.666,529.122,475.456,40741.95,61.95,50803.124,58116.428,65263.477,66220.616,66047.918,66538.894,66559.063,66611.825,66725.653,10421.174,17734.478,24881.527,25838.666,25665.968,105.968,26156.944,26177.113,26229.875,26343.703,7673.304,14820.353,15777.492,15604.794,16095.77,16115.939,16168.701,16282.529,7507.049,8464.188,8291.49,8782.466,8802.635,8855.397,8969.225,1317.139,1144.441,1635.417,1655.586,1708.348,865.037,187.302,678.278,698.447,751.209,865.037,850.976,871.145,923.907,1037.735,380.169,432.931,546.759,412.762,526.59,473.828
2004-07-19 12:00,12.347,7.401,8.251,1.058,1.288,1.342,3.266,6.214,14.455,4.979,7.487,8.025,11.635,117.347,142.401,143.251,76.058,136.288,166.342,108.266,336.214,314.455,259.979,37.487,293.025,146.635,220.2573333333,223.1401666667,237.0512,238.223,244.938375,"27 ♋ 20' 47""","22 ♌ 24' 05""","23 ♌ 15' 02""","16 ♊ 03' 27""","16 ♌ 17' 17""","16 ♍ 20' 31""","18 ♋ 15' 56"""," 6 ♓ 12' 48""","14 ♒ 27' 17""","19 ♐ 58' 44"""," 7 ♉ 29' 14""","23 ♑ 01' 28""","26 ♌ 38' 04""",0.063,8.319,12.347,12.726,9.45,2.25,4.391,13.885,6.139,8.367,11.938,225.063,323.319,297.347,147.726,174.45,107.25,334.391,313.885,261.139,293.367,146.938,"15 ♏ 03' 45""","23 ♒ 19' 09""","27 ♑ 20' 47""","27 ♌ 43' 33""","24 ♍ 26' 58""","17 ♋ 14' 58"""," 4 ♓ 23' 26""","13 ♒ 53' 06""","21 ♐ 08' 19""","23 ♑ 22' 01""","26 ♌ 56' 15""",20.692,17.5615,15.996,18.616,13.946,18.046,17.077,6.427,21.946,-9.97,-16.559,-14.294,14.01,-14.093,12.641,0,4.838,0.187,-4.689,1.176,1.126,-0.251,-0.793,-0.066,8.792,7.483,0.004,427.193,385.904,7926.963,15096.909,17385.764,15874.985,16050.226,16367.037,16388.796,16443.272,16556.616,318.711,7859.77,15029.716,17318.571,15807.792,15944.08,15671.504,8384.08,8231.964,15983.033,16299.844,16321.603,16376.079,16489.423,7901.059,15071.005,17359.86,15849.081,16024.322,16341.133,16362.892,16417.368,16530.712,7529.946,9818.801,8308.022,8483.263,8800.074,8821.833,8876.309,8989.653,2648.855,1138.076,1313.317,1630.128,1651.887,1706.363,1819.707,-1150.779,-975.538,-658.727,-636.968,-582.492,-469.148,535.241,852.052,873.811,928.287,1041.631,676.811,698.57,753.046,866.39,381.759,436.235,549.579,414.476,527.82,473.344,40941.744,261.744,51047.716,58397.337,65570.613,66531.696,66357.813,66850.672,66871.178,66923.924,67038.125,10465.972,17815.593,24988.869,25949.952,25776.069,216.069,26268.928,26289.434,26342.18,26456.381,7709.621,14882.897,15843.98,15670.097,16162.956,16183.462,16236.208,16350.409,7533.276,8494.359,8320.476,8813.335,8833.841,8886.587,9000.788,1321.083,1147.2,1640.059,1660.565,1713.311,866.429,186.117,678.976,699.482,752.228,866.429,852.859,873.365,926.111,1040.312,380.506,433.252,547.453,412.746,526.947,474.201
2004-08-06 12:00,14.553,0.819,8.304,14.354,12.656,4.662,5.535,5.626,13.974,4.692,5.825,6.998,11.824,134.553,30.819,158.304,89.354,147.656,169.662,110.535,335.626,313.974,259.692,35.825,291.998,146.824,222.8575,224.8591666667,237.8978,238.7128,251.945875,"14 ♌ 33' 12"""," 0 ♉ 49' 09"""," 8 ♍ 18' 15""","29 ♊ 21' 14""","27 ♌ 39' 21""","19 ♍ 39' 42""","20 ♋ 32' 07"""," 5 ♓ 37' 35""","13 ♒ 58' 25""","19 ♐ 41' 30"""," 5 ♉ 49' 28""","21 ♑ 59' 53""","26 ♌ 49' 26""",5.428,6.859,14.553,5.591,10.817,2.92,4.584,13.993,6.25,8.733,11.955,275.428,351.859,314.553,155.591,175.817,107.92,334.584,313.993,261.25,293.733,146.955," 5 ♑ 25' 42""","21 ♓ 51' 32""","14 ♒ 33' 12"""," 5 ♍ 35' 27""","25 ♍ 49' 00""","17 ♋ 55' 10"""," 4 ♓ 35' 03""","13 ♒ 59' 35""","21 ♐ 15' 01""","23 ♑ 43' 58""","26 ♌ 57' 19""",16.467,16.412,12.4445,11.346,5.407,19.482,13.342,5.105,21.647,-10.192,-16.702,-14.366,13.464,-14.294,12.576,-0,-0.441,-3.285,-3.957,1.123,1.099,-0.226,-0.8,-0.069,8.699,7.442,0.004,428.95,383.751,7930.648,15108.642,17402.479,15887.769,16066.306,16382.678,16404.33,16458.612,16571.48,314.801,7861.698,15039.692,17333.529,15818.819,15966.475,15671.163,8406.475,8227.767,15997.356,16313.728,16335.38,16389.662,16502.53,7906.897,15084.891,17378.728,15864.018,16042.555,16358.927,16380.579,16434.861,16547.729,7537.994,9831.831,8317.121,8495.658,8812.03,8833.682,8887.964,9000.832,2653.837,1139.127,1317.664,1634.036,1655.688,1709.97,1822.838,-1154.71,-976.173,-659.801,-638.149,-583.867,-470.999,538.537,854.909,876.561,930.843,1043.711,676.372,698.024,752.306,865.174,381.652,435.934,548.802,414.282,527.15,472.868,40963.569,283.569,51080.875,58439.837,65619.611,66581.695,66407.508,66900.844,66921.435,66974.178,67088.473,10477.306,17836.268,25016.042,25978.126,25803.939,243.939,26297.275,26317.866,26370.609,26484.904,7718.962,14898.736,15860.82,15686.633,16179.969,16200.56,16253.303,16367.598,7539.774,8501.858,8327.671,8821.007,8841.598,8894.341,9008.636,1322.084,1147.897,1641.233,1661.824,1714.567,866.778,185.813,679.149,699.74,752.483,866.778,853.336,873.927,926.67,1040.965,380.591,433.334,547.629,412.743,527.038,474.295
2004-11-29 12:00,7.83,9.335,11.692,8.849,12.374,13.032,11.917,3.011,12.978,6.525,1.604,7.959,12.659,247.83,99.335,266.692,218.849,222.374,193.032,116.917,333.011,312.978,261.525,31.604,292.959,147.659,239.9728333333,236.042,243.4926,241.8384,207.656875," 7 ♐ 49' 46"""," 9 ♋ 20' 06""","26 ♐ 41' 31"""," 8 ♏ 50' 55""","12 ♏ 22' 26""","13 ♎ 01' 53""","26 ♋ 55' 01"""," 3 ♓ 00' 40""","12 ♒ 58' 40""","21 ♐ 31' 29"""," 1 ♉ 36' 14""","22 ♑ 57' 32""","27 ♌ 39' 32""",0.748,12.173,7.83,12.06,4.529,7.196,5.82,14.684,6.963,11.026,12.068,15.748,177.173,67.83,207.06,184.529,112.196,335.82,314.684,261.963,296.026,147.068,"15 ♈ 44' 51""","27 ♍ 10' 21"""," 7 ♊ 49' 46""","27 ♎ 03' 36"""," 4 ♎ 31' 45""","22 ♋ 11' 44"""," 5 ♓ 49' 12""","14 ♒ 41' 00""","21 ♐ 57' 45""","26 ♑ 01' 35""","27 ♌ 04' 03""",-21.616,-13.965,-18.8885,27.882,-24.954,-12.823,-15.107,-4.054,20.707,-11.111,-17.003,-15.092,12.032,-14.991,12.29,0,4.783,-1.556,1.716,0.467,1.186,-0.069,-0.762,-0.087,8.094,6.585,0.004,407.843,378.862,7964.318,15193.66,17515.088,15989.775,16173.733,16493.681,16513.714,16565.167,16679.033,331.019,7916.475,15145.817,17467.245,15941.932,16164.306,15719.558,8604.306,8166.608,16125.89,16445.838,16465.871,16517.324,16631.19,7945.456,15174.798,17496.226,15970.913,16154.871,16474.819,16494.852,16546.305,16660.171,7589.342,9910.77,8385.457,8569.415,8889.363,8909.396,8960.849,9074.715,2681.428,1156.115,1340.073,1660.021,1680.054,1731.507,1845.373,-1165.313,-981.355,-661.407,-641.374,-589.921,-476.055,543.958,863.906,883.939,935.392,1049.258,679.948,699.981,751.434,865.3,380.033,431.486,545.352,411.453,525.319,473.866,41238.575,198.575,51427.918,58848.688,66071.219,67039.722,66863.552,67359.928,67381.064,67433.785,67548.68,10549.343,17970.113,25192.644,26161.147,25984.977,64.977,26481.353,26502.489,26555.21,26670.105,7780.77,15003.301,15971.804,15795.634,16292.01,16313.146,16365.867,16480.762,7582.531,8551.034,8374.864,8871.24,8892.376,8945.097,9059.992,1328.503,1152.333,1648.709,1669.845,1722.566,868.958,183.83,680.206,701.342,754.063,868.958,856.376,877.512,930.233,1045.128,381.136,433.857,548.752,412.721,527.616,474.895
2004-11-30 12:00,8.843,6.196,11.741,10.089,13.047,13.195,11.877,3.027,12.998,6.562,1.487,8.03,12.658,248.843,111.196,266.741,220.089,223.047,193.195,116.877,333.027,312.998,261.562,31.487,293.03,147.658,240.1176666667,236.143,243.5318,241.8656,208.06175," 8 ♐ 50' 33""","21 ♋ 11' 45""","26 ♐ 44' 26""","10 ♏ 05' 19""","13 ♏ 02' 50""","13 ♎ 11' 40""","26 ♋ 52' 38"""," 3 ♓ 01' 37""","12 ♒ 59' 53""","21 ♐ 33' 42"""," 1 ♉ 29' 13""","23 ♑ 01' 49""","27 ♌ 39' 28""",6.058,13.793,8.843,12.53,4.605,7.233,5.831,14.69,6.969,11.046,12.069,21.058,178.793,68.843,207.53,184.605,112.233,335.831,314.69,261.969,296.046,147.069,"21 ♈ 03' 29""","28 ♍ 47' 33"""," 8 ♊ 50' 33""","27 ♎ 31' 49"""," 4 ♎ 36' 18""","22 ♋ 13' 58"""," 5 ♓ 49' 51""","14 ♒ 41' 22""","21 ♐ 58' 08""","26 ♑ 02' 45""","27 ♌ 04' 06""",-21.776,-14.2735,-18.9845,26.787,-24.741,-13.228,-15.319,-4.114,20.716,-11.105,-16.998,-15.096,11.992,-14.985,12.291,0,5.08,-1.341,1.7,0.458,1.189,-0.068,-0.761,-0.087,8.091,6.579,0.004,406.652,377.898,7963.694,15193.546,17515.254,15989.864,16173.711,16493.714,16513.743,16565.179,16679.083,331.246,7917.042,15146.894,17468.602,15943.212,16166.259,15720.165,8606.259,8166.081,16127.059,16447.062,16467.091,16518.527,16632.431,7945.796,15175.648,17497.356,15971.966,16155.813,16475.816,16495.845,16547.281,16661.185,7589.852,9911.56,8386.17,8570.017,8890.02,8910.049,8961.485,9075.389,2681.708,1156.318,1340.165,1660.168,1680.197,1731.633,1845.537,-1165.39,-981.543,-661.54,-641.511,-590.075,-476.171,543.847,863.85,883.879,935.315,1049.219,680.003,700.032,751.468,865.372,380.029,431.465,545.369,411.436,525.34,473.904,41242.265,202.265,51432.215,58853.528,66076.453,67045.012,66868.825,67365.227,67386.368,67439.089,67553.989,10549.95,17971.263,25194.188,26162.747,25986.56,66.56,26482.962,26504.103,26556.824,26671.724,7781.313,15004.238,15972.797,15796.61,16293.012,16314.153,16366.874,16481.774,7582.925,8551.484,8375.297,8871.699,8892.84,8945.561,9060.461,1328.559,1152.372,1648.774,1669.915,1722.636,868.977,183.813,680.215,701.356,754.077,868.977,856.402,877.543,930.264,1045.164,381.141,433.862,548.762,412.721,527.621,474.9
2005-01-11 12:00,6.588,8.846,2.135,2.521,11.763,3.153,9.061,4.374,14.221,8.108,13.029,11.499,12.461,291.588,308.846,272.135,272.521,251.763,198.153,114.061,334.374,314.221,263.108,28.029,296.499,147.461,245.9466666667,240.4856666667,244.7834,243.0058,225.091,"21 ♑ 35' 15"""," 8 ♒ 50' 45"""," 2 ♑ 08' 05"""," 2 ♑ 31' 14""","11 ♐ 45' 45""","18 ♎ 09' 09""","24 ♋ 03' 39"""," 4 ♓ 22' 26""","14 ♒ 13' 16""","23 ♐ 06' 29""","28 ♈ 01' 43""","26 ♑ 29' 56""","27 ♌ 27' 40""",0.252,6.226,6.588,2.885,7.781,8.793,6.283,14.943,7.229,11.866,12.11,225.252,246.226,111.588,227.885,187.781,113.793,336.283,314.943,262.229,296.866,147.11,"15 ♏ 15' 08"""," 6 ♐ 13' 33""","21 ♋ 35' 15""","17 ♏ 53' 06"""," 7 ♎ 46' 50""","23 ♋ 47' 33"""," 6 ♓ 16' 58""","14 ♒ 56' 33""","22 ♐ 13' 45""","26 ♑ 51' 58""","27 ♌ 06' 36""",-21.709,-22.6465,-23.2085,-22.784,-23.284,-23.133,-22.16,-5.882,21.304,-10.595,-16.653,-15.222,10.774,-14.517,12.358,-0,-4.913,0.14,0.284,0.039,1.338,0.005,-0.739,-0.093,8.05,6.452,0.004,359.614,340.547,7940.372,15193.982,17524.106,15998.074,16175.636,16497.761,16517.914,16569.027,16684.674,340.933,7940.758,15194.368,17524.492,15998.46,16250.223,15746.697,8690.223,8145.181,16176.022,16498.147,16518.3,16569.413,16685.06,7959.825,15213.435,17543.559,16017.527,16195.089,16517.214,16537.367,16588.48,16704.127,7613.61,9943.734,8417.702,8595.264,8917.389,8937.542,8988.655,9104.302,2690.124,1164.092,1341.654,1663.779,1683.932,1735.045,1850.692,-1166.032,-988.47,-666.345,-646.192,-595.079,-479.432,537.562,859.687,879.84,930.953,1046.6,682.125,702.278,753.391,869.038,380.153,431.266,546.913,411.113,526.76,475.647,41379.026,339.026,51593.664,59037.367,66277.471,67248.386,67071.459,67568.969,67590.309,67643.023,67758.142,10574.638,18018.341,25258.445,26229.36,26052.433,132.433,26549.943,26571.283,26623.997,26739.116,7803.703,15043.807,16014.722,15837.795,16335.305,16356.645,16409.359,16524.478,7600.104,8571.019,8394.092,8891.602,8912.942,8965.656,9080.775,1330.915,1153.988,1651.498,1672.838,1725.552,869.756,183.073,680.583,701.923,754.637,869.756,857.51,878.85,931.564,1046.683,381.34,434.054,549.173,412.714,527.833,475.119
2005-01-12 12:00,7.607,8.926,3.538,3.773,12.457,3.217,8.979,4.42,14.257,8.142,12.854,11.588,12.454,292.607,323.926,273.538,273.773,252.457,198.217,113.979,334.42,314.257,263.142,27.854,296.588,147.454,246.0786666667,240.5915,244.803,243.0328,225.496625,"22 ♑ 36' 25""","23 ♒ 55' 33"""," 3 ♑ 32' 17"""," 3 ♑ 46' 24""","12 ♐ 27' 24""","18 ♎ 13' 00""","23 ♋ 58' 43"""," 4 ♓ 25' 12""","14 ♒ 15' 25""","23 ♐ 08' 31""","27 ♈ 51' 14""","26 ♑ 35' 16""","27 ♌ 27' 13""",3.191,7.817,7.607,3.385,7.856,8.83,6.294,14.949,7.235,11.886,12.111,228.191,247.817,112.607,228.385,187.856,113.83,336.294,314.949,262.235,296.886,147.111,"18 ♏ 11' 27"""," 7 ♐ 48' 59""","22 ♋ 36' 25""","18 ♏ 23' 07"""," 7 ♎ 51' 22""","23 ♋ 49' 47"""," 6 ♓ 17' 36""","14 ♒ 56' 55""","22 ♐ 14' 07""","26 ♑ 53' 08""","27 ♌ 06' 40""",-21.545,-22.7045,-23.2655,-17.787,-23.385,-23.146,-22.263,-5.902,21.321,-10.578,-16.643,-15.223,10.711,-14.501,12.361,-0,-4.499,0.009,0.241,0.028,1.343,0.007,-0.739,-0.093,8.05,6.451,0.004,359.765,340.931,7941.081,15195.321,17525.684,15999.559,16176.95,16499.118,16519.281,16570.396,16686.084,341.166,7941.316,15195.556,17525.919,15999.794,16252.251,15747.337,8692.251,8144.705,16177.185,16499.353,16519.516,16570.631,16686.319,7960.15,15214.39,17544.753,16018.628,16196.019,16518.187,16538.35,16589.465,16705.153,7614.24,9944.603,8418.478,8595.869,8918.037,8938.2,8989.315,9105.003,2690.363,1164.238,1341.629,1663.797,1683.96,1735.075,1850.763,-1166.125,-988.734,-666.566,-646.403,-595.288,-479.6,537.391,859.559,879.722,930.837,1046.525,682.168,702.331,753.446,869.134,380.163,431.278,546.966,411.115,526.803,475.688,41380.374,340.374,51595.584,59039.806,66280.335,67251.305,67074.361,67571.897,67593.242,67645.956,67761.08,10575.21,18019.432,25259.961,26230.931,26053.987,133.987,26551.523,26572.868,26625.582,26740.706,7804.222,15044.751,16015.721,15838.777,16336.313,16357.658,16410.372,16525.496,7600.529,8571.499,8394.555,8892.091,8913.436,8966.15,9081.274,1330.97,1154.026,1651.562,1672.907,1725.621,869.775,183.056,680.592,701.937,754.651,869.775,857.536,878.881,931.595,1046.719,381.345,434.059,549.183,412.714,527.838,475.124
2005-03-22 12:00,2.175,10.854,13.623,0.043,1.42,0.477,5.395,8.192,1.717,9.51,7.892,1.95,11.827,2.175,145.854,13.623,0.043,301.42,195.477,110.395,338.192,316.717,264.51,22.892,301.95,146.827,254.4518333333,248.2585,245.0582,244.9028,253.605," 2 ♈ 10' 28""","25 ♌ 51' 13""","13 ♈ 37' 23"""," 0 ♈ 02' 33"""," 1 ♒ 25' 12""","15 ♎ 28' 36""","20 ♋ 23' 40"""," 8 ♓ 11' 30""","16 ♒ 43' 01""","24 ♐ 30' 35""","22 ♈ 53' 31"""," 1 ♒ 56' 59""","26 ♌ 49' 38""",10.153,12.114,2.175,10.037,13.068,11.387,7.035,0.363,7.661,13.211,12.179,160.153,357.114,182.175,265.037,193.068,116.387,337.035,315.363,262.661,298.211,147.179,"10 ♍ 09' 12""","27 ♓ 06' 49"""," 2 ♎ 10' 28""","25 ♐ 02' 13""","13 ♎ 04' 03""","26 ♋ 23' 14"""," 7 ♓ 02' 04""","15 ♒ 21' 47""","22 ♐ 39' 39""","28 ♑ 12' 40""","27 ♌ 10' 42""",0.865,-11.0205,3.6425,17.035,8.561,-1.276,-20.765,-4.63,22.014,-9.179,-15.929,-15.136,8.902,-13.191,12.575,0,4.396,3.457,-1.409,-0.943,1.586,0.122,-0.733,-0.106,8.198,6.7,0.004,373.58,371.448,7992.203,15298.146,17630.731,16103.228,16271.673,16595.431,16616.906,16669.113,16786.796,357.868,7978.623,15284.566,17617.151,16089.648,16391.068,15788.228,8471.068,8470.982,16258.093,16581.851,16603.326,16655.533,16773.216,7980.755,15286.698,17619.283,16091.78,16260.225,16583.983,16605.458,16657.665,16775.348,7665.943,9998.528,8471.025,8639.47,8963.228,8984.703,9036.91,9154.593,2692.585,1165.082,1333.527,1657.285,1678.76,1730.967,1848.65,-1167.503,-999.058,-675.3,-653.825,-601.618,-483.935,528.445,852.203,873.678,925.885,1043.568,683.758,705.233,757.44,875.123,381.475,433.682,551.365,412.207,529.89,477.683,41563.039,163.039,51817.978,59295.116,66567.085,67541.942,67363.766,67863.118,67884.79,67937.492,68052.974,10614.939,18092.077,25364.046,26338.903,26160.727,240.727,26660.079,26681.751,26734.453,26849.935,7837.138,15109.107,16083.964,15905.788,16405.14,16426.812,16479.514,16594.996,7631.969,8606.826,8428.65,8928.002,8949.674,9002.376,9117.858,1334.857,1156.681,1656.033,1677.705,1730.407,871.032,181.824,681.176,702.848,755.55,871.032,859.352,881.024,933.726,1049.208,381.672,434.374,549.856,412.702,528.184,475.482
2005-05-13 12:00,8.029,8.908,2.153,4.355,9.109,9.689,7.79,10.349,2.593,8.952,7.333,3.277,11.615,53.029,113.908,32.153,64.355,339.109,189.689,112.79,340.349,317.593,263.952,22.333,303.277,146.615,260.5803333333,254.5215,244.8746,246.3112,230.0635,"23 ♉ 01' 45""","23 ♋ 54' 29"""," 2 ♉ 09' 12"""," 4 ♊ 21' 18"""," 9 ♓ 06' 32"""," 9 ♎ 41' 19""","22 ♋ 47' 23""","10 ♓ 20' 57""","17 ♒ 35' 35""","23 ♐ 57' 07""","22 ♈ 19' 58"""," 3 ♒ 16' 35""","26 ♌ 36' 53""",11.971,5.35,8.029,10.573,1.994,13.312,7.593,0.676,7.981,14.194,12.229,326.971,80.35,233.029,295.573,196.994,118.312,337.593,315.676,262.981,299.194,147.229,"26 ♒ 58' 16""","20 ♊ 21' 01""","23 ♏ 01' 45""","25 ♑ 34' 21""","16 ♎ 59' 38""","28 ♋ 18' 42"""," 7 ♓ 35' 34""","15 ♒ 40' 31""","22 ♐ 58' 51""","29 ♑ 11' 37""","27 ♌ 13' 44""",18.531,5.628,15.497,26.444,9.888,21.106,-9.85,-2.449,21.703,-8.388,-15.675,-15.004,8.694,-12.479,12.648,0,5.199,-2.485,0.092,-1.829,1.511,0.191,-0.757,-0.119,8.307,7.133,0.004,327.798,339.124,7973.044,15322.464,17649.82,16119.363,16288.876,16611.804,16634.56,16688.201,16805.538,371.326,8005.246,15354.666,17682.022,16151.565,16490.674,15812.456,8570.674,8441.964,16321.078,16644.006,16666.762,16720.403,16837.74,7993.92,15343.34,17670.696,16140.239,16309.752,16632.68,16655.436,16709.077,16826.414,7709.42,10036.776,8506.319,8675.832,8998.76,9021.516,9075.157,9192.494,2687.356,1156.899,1326.412,1649.34,1672.096,1725.737,1843.074,-1170.457,-1000.944,-678.016,-655.26,-601.619,-484.282,529.513,852.441,875.197,928.838,1046.175,682.928,705.684,759.325,876.662,382.756,436.397,553.734,413.641,530.978,477.337,41646.621,246.621,51933.942,59431.398,66729.977,67707.777,67528.659,68029.378,68051.295,68103.99,68219.742,10647.321,18144.777,25443.356,26421.156,26242.038,322.038,26742.757,26764.674,26817.369,26933.121,7857.456,15156.035,16133.835,15954.717,16455.436,16477.353,16530.048,16645.8,7658.579,8636.379,8457.261,8957.98,8979.897,9032.592,9148.344,1337.8,1158.682,1659.401,1681.318,1734.013,871.965,180.882,681.601,703.518,756.213,871.965,860.719,882.636,935.331,1051.083,381.917,434.612,550.364,412.695,528.447,475.752
2005-06-16 12:00,10.641,14.638,10.809,0.973,3.196,9.126,11.298,10.763,2.401,8.106,5.522,2.428,11.721,85.641,194.638,100.809,105.973,3.196,189.126,116.298,340.763,317.401,263.106,20.522,302.428,146.721,204.9816666667,258.8023333333,245.3388,247.2318,244.237,"25 ♊ 38' 28""","14 ♎ 38' 17""","10 ♋ 48' 31""","15 ♋ 58' 21"""," 3 ♈ 11' 45"""," 9 ♎ 07' 34""","26 ♋ 17' 51""","10 ♓ 45' 47""","17 ♒ 24' 03""","23 ♐ 06' 22""","20 ♈ 31' 19"""," 2 ♒ 25' 39""","26 ♌ 43' 16""",0.74,0.441,10.641,1.655,4.562,14.569,7.958,0.88,8.19,14.829,12.263,150.74,135.441,265.641,316.655,199.562,119.569,337.958,315.88,263.19,299.829,147.263," 0 ♍ 44' 22""","15 ♌ 26' 28""","25 ♐ 38' 28""","16 ♒ 39' 16""","19 ♎ 33' 42""","29 ♋ 34' 07"""," 7 ♓ 57' 29""","15 ♒ 52' 48""","23 ♐ 11' 25""","29 ♑ 49' 46""","27 ♌ 15' 45""",23.369,11.453,24.387,-5.288,24.977,23.797,-0.891,-2.358,21.122,-8.252,-15.741,-14.984,8.016,-12.419,12.611,0,0.522,1.983,1.321,-2.355,1.37,0.233,-0.779,-0.127,8.288,7.385,0.004,354.836,375.168,8017.613,15391.683,17720.287,16184.511,16358.381,16680.046,16703.408,16757.703,16874.088,380.332,8022.777,15396.847,17725.451,16189.675,16192.871,16186.479,8632.871,8420.925,16363.545,16685.21,16708.572,16762.867,16879.252,8002.445,15376.515,17705.119,16169.343,16343.213,16664.878,16688.24,16742.535,16858.92,7734.07,10062.674,8526.898,8700.768,9022.433,9045.795,9100.09,9216.475,2688.604,1152.828,1326.698,1648.363,1671.725,1726.02,1842.405,-1175.776,-1001.906,-680.241,-656.879,-602.584,-486.199,533.87,855.535,878.897,933.192,1049.577,681.665,705.027,759.322,875.707,383.362,437.657,554.042,414.295,530.68,476.385,41775.299,15.299,52085.099,59594.085,66911.178,67890.911,67711.171,68212.782,68234.86,68287.55,68403.477,10669.8,18178.786,25495.879,26475.612,26295.872,15.872,26797.483,26819.561,26872.251,26988.178,7868.986,15186.079,16165.812,15986.072,16487.683,16509.761,16562.451,16678.378,7677.093,8656.826,8477.086,8978.697,9000.775,9053.465,9169.392,1339.733,1159.993,1661.604,1683.682,1736.372,872.566,180.26,681.871,703.949,756.639,872.566,861.611,883.689,936.379,1052.306,382.078,434.768,550.695,412.69,528.617,475.927
2005-09-16 12:00,8.927,4.744,7.705,5.825,6.731,6.602,7.554,8.167,0.236,6.881,13.686,13.007,12.624,173.927,334.744,172.705,215.825,51.731,201.602,127.554,338.167,315.236,261.881,13.686,298.007,147.624,216.0285,210.5243333333,248.888,249.7228,237.530625,"23 ♍ 55' 35"""," 4 ♓ 44' 37""","22 ♍ 42' 17"""," 5 ♏ 49' 30""","21 ♉ 43' 51""","21 ♎ 36' 06"""," 7 ♌ 33' 15"""," 8 ♓ 10' 01""","15 ♒ 14' 10""","21 ♐ 52' 51""","13 ♈ 41' 09""","28 ♑ 00' 26""","27 ♌ 37' 25""",4.392,13.172,8.927,14.532,11.516,2.963,8.946,1.434,8.755,1.521,12.353,169.392,283.172,353.927,14.532,206.516,122.963,338.946,316.434,263.755,301.521,147.353,"19 ♍ 23' 32""","13 ♑ 10' 19""","23 ♓ 55' 35""","14 ♈ 31' 54""","26 ♎ 30' 59"""," 2 ♌ 57' 48"""," 8 ♓ 56' 47""","16 ♒ 26' 01""","23 ♐ 45' 18"""," 1 ♒ 31' 15""","27 ♌ 21' 09""",2.412,0.6285,-5.042,-12.846,4.39,-14.474,15.731,-7.419,18.744,-9.257,-16.407,-15.345,5.401,-13.462,12.303,-0,-3.304,1.627,-1.07,-2.555,1.081,0.374,-0.808,-0.145,7.861,7.24,0.004,316.88,358.778,8040.974,15451.103,17799.019,16245.151,16434.698,16754.538,16777.469,16830.824,16945.081,401.898,8084.094,15494.223,17842.139,16288.271,16340.002,16236.54,8780.002,8348.352,16477.818,16797.658,16820.589,16873.944,16988.201,8042.196,15452.325,17800.241,16246.373,16435.92,16755.76,16778.691,16832.046,16946.303,7770.129,10118.045,8564.177,8753.724,9073.564,9096.495,9149.85,9264.107,2707.916,1154.048,1343.595,1663.435,1686.366,1739.721,1853.978,-1193.868,-1004.321,-684.481,-661.55,-608.195,-493.938,549.547,869.387,892.318,945.673,1059.93,679.84,702.771,756.126,870.383,382.931,436.286,550.543,413.355,527.612,474.257,42006.22,246.22,52375.465,59914.86,67282.876,68267.871,68086.429,68590.446,68612.958,68665.637,68782.039,10729.245,18268.64,25636.656,26621.651,26440.209,160.209,26944.226,26966.738,27019.417,27135.819,7899.395,15267.411,16252.406,16070.964,16574.981,16597.493,16650.172,16766.574,7728.016,8713.011,8531.569,9035.586,9058.098,9110.777,9227.179,1344.995,1163.553,1667.57,1690.082,1742.761,874.168,178.558,682.575,705.087,757.766,874.168,864.017,886.529,939.208,1055.61,382.512,435.191,551.593,412.679,529.081,476.402
2005-10-19 12:00,11.413,9.582,1.15,12.764,6.058,13.612,10.28,7.146,14.831,7.417,13.615,12.933,12.901,206.413,54.582,226.15,252.764,51.058,208.612,130.28,337.146,314.831,262.417,13.615,297.933,147.901,217.3906666667,214.5613333333,250.6572,250.6162,206.144875,"26 ♎ 24' 45""","24 ♉ 34' 54""","16 ♏ 09' 00""","12 ♐ 45' 51""","21 ♉ 03' 27""","28 ♎ 36' 43""","10 ♌ 16' 47"""," 7 ♓ 08' 44""","14 ♒ 49' 50""","22 ♐ 25' 02""","13 ♈ 36' 54""","27 ♑ 55' 58""","27 ♌ 54' 04""",3.061,5.378,11.413,4.287,14.014,4.178,9.3,1.632,8.957,2.118,12.385,273.061,335.378,26.413,34.287,209.014,124.178,339.3,316.632,263.957,302.118,147.385," 3 ♑ 03' 38"""," 5 ♓ 22' 42""","26 ♈ 24' 45"""," 4 ♉ 17' 13""","29 ♎ 00' 50"""," 4 ♌ 10' 40"""," 9 ♓ 18' 01""","16 ♒ 37' 54""","23 ♐ 57' 24"""," 2 ♒ 07' 03""","27 ♌ 23' 04""",-10.193,-4.407,-21.9075,22.269,-18.413,-25.402,16.588,-10.005,18.094,-9.627,-16.53,-15.559,5.373,-13.753,12.207,0,3.459,-1.82,-3.098,-1.487,1.046,0.444,-0.796,-0.149,7.677,6.958,0.004,333.386,379.737,8095.092,15497.538,17852.535,16295.87,16488.217,16809.004,16831.319,16883.733,16998.249,406.351,8121.706,15524.152,17879.149,16322.484,16373.542,16271.426,8813.542,8308.014,16514.831,16835.618,16857.933,16910.347,17024.863,8075.355,15477.801,17832.798,16276.133,16468.48,16789.267,16811.582,16863.996,16978.512,7762.446,10117.443,8560.778,8753.125,9073.912,9096.227,9148.641,9263.157,2714.997,1158.332,1350.679,1671.466,1693.781,1746.195,1860.711,-1196.665,-1004.318,-683.531,-661.216,-608.802,-494.286,552.347,873.134,895.449,947.863,1062.379,680.787,703.102,755.516,870.032,382.315,434.729,549.245,412.414,526.93,474.516,42057.683,297.683,52446.648,59998.774,67384.047,68370.943,68188.883,68693.761,68716.429,68769.104,68885.676,10748.965,18301.091,25686.364,26673.26,26491.2,211.2,26996.078,27018.746,27071.421,27187.993,7912.126,15297.399,16284.295,16102.235,16607.113,16629.781,16682.456,16799.028,7745.273,8732.169,8550.109,9054.987,9077.655,9130.33,9246.902,1346.896,1164.836,1669.714,1692.382,1745.057,874.733,177.94,682.818,705.486,758.161,874.733,864.878,887.546,940.221,1056.793,382.668,435.343,551.915,412.675,529.247,476.572
2005-12-01 12:00,9.612,10.679,10.261,7.749,8.725,7.76,11.228,6.949,0.179,8.771,12.063,14.726,13.014,249.612,250.679,235.261,292.749,38.725,217.76,131.228,336.949,315.179,263.771,12.063,299.726,148.014,217.2686666667,219.5775,252.9774,251.7812,178.868875," 9 ♐ 36' 43""","10 ♐ 40' 46""","25 ♏ 15' 39""","22 ♑ 44' 57"""," 8 ♉ 43' 28"""," 7 ♏ 45' 35""","11 ♌ 13' 41"""," 6 ♓ 56' 57""","15 ♒ 10' 45""","23 ♐ 46' 14""","12 ♈ 03' 45""","29 ♑ 43' 34""","28 ♌ 00' 51""",1.672,13.874,9.612,13.559,2.274,5.759,9.762,1.891,9.22,2.888,12.427,106.672,43.874,69.612,58.559,212.274,125.759,339.762,316.891,264.22,302.888,147.427,"16 ♋ 40' 19""","13 ♉ 52' 27"""," 9 ♊ 36' 43""","28 ♉ 33' 33"""," 2 ♏ 16' 24"""," 5 ♌ 45' 33"""," 9 ♓ 45' 43""","16 ♒ 53' 26""","24 ♐ 13' 11"""," 2 ♒ 53' 16""","27 ♌ 25' 35""",-21.894,-4.6215,-20.5365,-26.337,-16.69,-24.383,15.14,-13.102,17.938,-9.675,-16.431,-15.792,4.769,-13.724,12.168,-0,-4.333,2.461,-2.902,0.771,1.054,0.551,-0.769,-0.154,7.51,6.628,0.004,302.512,345.649,8116.536,15497.501,17863.198,16304.033,16495.535,16818.312,16840.082,16891.49,17007.247,403.137,8174.024,15554.989,17920.686,16361.521,16400.246,16322.796,8840.246,8254.748,16553.023,16875.8,16897.57,16948.978,17064.735,8130.887,15511.852,17877.549,16318.384,16509.886,16832.663,16854.433,16905.841,17021.598,7740.965,10106.662,8547.497,8738.999,9061.776,9083.546,9134.954,9250.711,2725.697,1166.532,1358.034,1680.811,1702.581,1753.989,1869.746,-1199.165,-1007.663,-684.886,-663.116,-611.708,-495.951,551.502,874.279,896.049,947.457,1063.214,682.777,704.547,755.955,871.712,381.77,433.178,548.935,411.408,527.165,475.757,42182.798,62.798,52597.06,60168.113,67574.398,68563.784,68380.913,68886.91,68909.781,68962.452,69079.245,10774.262,18345.315,25751.6,26740.986,26558.115,278.115,27064.112,27086.983,27139.654,27256.447,7931.053,15337.338,16326.724,16143.853,16649.85,16672.721,16725.392,16842.185,7766.285,8755.671,8572.8,9078.797,9101.668,9154.339,9271.132,1349.386,1166.515,1672.512,1695.383,1748.054,875.461,177.129,683.126,705.997,758.668,875.461,865.997,888.868,941.539,1058.332,382.871,435.542,552.335,412.671,529.464,476.793
2006-01-20 12:00,0.504,9.018,11.455,4.76,2.394,1.111,8.451,8.568,1.67,10.575,6.58,3.556,12.75,300.504,189.018,296.455,289.76,47.394,226.111,128.451,338.568,316.67,265.575,6.58,303.556,147.75,220.4615,225.0525,255.075,253.1366,199.42325," 0 ♒ 30' 13"""," 9 ♎ 01' 04""","26 ♑ 27' 19""","19 ♑ 45' 35""","17 ♉ 23' 36""","16 ♏ 06' 41"""," 8 ♌ 27' 04"""," 8 ♓ 34' 03""","16 ♒ 40' 12""","25 ♐ 34' 28"""," 6 ♈ 34' 48"""," 3 ♒ 33' 23""","27 ♌ 45' 00""",2.542,4.567,0.504,9.632,6.071,7.595,10.299,2.192,9.526,3.774,12.476,287.542,124.567,120.504,84.632,216.071,127.595,340.299,317.192,264.526,303.774,147.476,"17 ♑ 32' 30"""," 4 ♌ 34' 02"""," 0 ♌ 30' 13""","24 ♊ 37' 53"""," 6 ♏ 04' 16"""," 7 ♌ 35' 43""","10 ♓ 17' 58""","17 ♒ 11' 32""","24 ♐ 31' 33"""," 3 ♒ 46' 26""","27 ♌ 28' 34""",-20.044,1.6165,-19.0925,-3.774,-22.73,-15.455,18.688,-15.569,18.798,-9.046,-15.994,-15.905,2.613,-13.074,12.259,-0,-0.217,-1.902,6.597,1.734,1.138,0.669,-0.742,-0.16,7.466,6.458,0.004,366.695,355.951,8169.061,15550.344,17929.875,16368.004,16552.899,16877.887,16899.785,16950.88,17068.705,349.256,8162.366,15543.649,17923.18,16361.309,16408.703,16313.915,8848.703,8269.183,16546.204,16871.192,16893.09,16944.185,17062.01,8173.11,15554.393,17933.924,16372.053,16556.948,16881.936,16903.834,16954.929,17072.754,7741.283,10120.814,8558.943,8743.838,9068.826,9090.724,9141.819,9259.644,2739.531,1177.66,1362.555,1687.543,1709.441,1760.536,1878.361,-1201.871,-1016.976,-691.988,-670.09,-618.995,-501.17,544.895,869.883,891.781,942.876,1060.701,684.988,706.886,757.981,875.806,381.898,432.993,550.818,411.095,528.92,477.825,42282.975,162.975,52727.038,60322.91,67751.471,68743.768,68559.947,69067.243,69090.35,69143.016,69260.066,10804.063,18399.935,25828.496,26820.793,26636.972,356.972,27144.268,27167.375,27220.041,27337.091,7955.872,15384.433,16376.73,16192.909,16700.205,16723.312,16775.978,16893.028,7788.561,8780.858,8597.037,9104.333,9127.44,9180.106,9297.156,1352.297,1168.476,1675.772,1698.879,1751.545,876.298,176.179,683.475,706.582,759.248,876.298,867.296,890.403,943.069,1060.119,383.107,435.773,552.823,412.666,529.716,477.05
2006-02-06 12:00,2.774,5.079,10.794,1.24,9.623,2.821,7.067,9.443,2.31,11.07,5.628,4.977,12.595,317.774,65.079,325.794,286.24,54.623,227.821,127.067,339.443,317.31,266.07,5.628,304.977,147.595,222.0556666667,226.8351666667,255.5422,253.598,206.3725,"17 ♒ 46' 27"""," 5 ♊ 04' 44""","25 ♒ 47' 38""","16 ♑ 14' 23""","24 ♉ 37' 23""","17 ♏ 49' 14"""," 7 ♌ 03' 59"""," 9 ♓ 26' 33""","17 ♒ 18' 36""","26 ♐ 04' 11"""," 5 ♈ 37' 40"""," 4 ♒ 58' 38""","27 ♌ 35' 42""",2.708,2.195,2.774,3.021,7.364,8.219,10.482,2.295,9.63,4.072,12.493,347.708,152.195,137.774,93.021,217.364,128.219,340.482,317.295,264.63,304.072,147.493,"17 ♓ 42' 27"""," 2 ♍ 11' 42""","17 ♌ 46' 27"""," 3 ♋ 01' 17"""," 7 ♏ 21' 51"""," 8 ♌ 13' 07""","10 ♓ 28' 55""","17 ♒ 17' 41""","24 ♐ 37' 47"""," 4 ♒ 04' 20""","27 ♌ 29' 34""",-15.506,2.52,-15.081,25.5,-14.537,-15.625,20.665,-16.009,19.183,-8.713,-15.803,-15.9,2.236,-12.742,12.312,0,4.428,-1.716,6.876,1.793,1.183,0.698,-0.737,-0.163,7.486,6.466,0.004,399.554,368.02,8191.171,15577.973,17960.166,16398.727,16580.817,16906.351,16928.484,16979.724,17098.199,328.466,8151.617,15538.419,17920.612,16359.173,16413.796,16304.55,8853.796,8281.316,16541.263,16866.797,16888.93,16940.17,17058.645,8183.151,15569.953,17952.146,16390.707,16572.797,16898.331,16920.464,16971.704,17090.179,7746.802,10128.995,8567.556,8749.646,9075.18,9097.313,9148.553,9267.028,2742.193,1180.754,1362.844,1688.378,1710.511,1761.751,1880.226,-1201.439,-1019.349,-693.815,-671.682,-620.442,-501.967,542.09,867.624,889.757,940.997,1059.472,685.534,707.667,758.907,877.382,382.133,433.373,551.848,411.24,529.715,478.475,42315.513,195.513,52769.934,60374.687,67810.344,68803.636,68619.489,69127.226,69150.413,69203.078,69320.215,10814.421,18419.174,25854.831,26848.123,26663.976,23.976,27171.713,27194.9,27247.565,27364.702,7964.753,15400.41,16393.702,16209.555,16717.292,16740.479,16793.144,16910.281,7795.657,8788.949,8604.802,9112.539,9135.726,9188.391,9305.528,1353.292,1169.145,1676.882,1700.069,1752.734,876.579,175.853,683.59,706.777,759.442,876.579,867.737,890.924,943.589,1060.726,383.187,435.852,552.989,412.665,529.802,477.137
2006-03-06 12:00,0.987,14.372,10.798,1.083,8.632,3.855,5.165,11.027,3.341,11.614,4.514,7.131,12.327,345.987,74.372,355.798,301.083,68.632,228.855,125.165,341.027,318.341,266.614,4.514,307.131,147.327,224.7723333333,229.6975,256.0004,254.3572,217.71625,"15 ♓ 59' 14""","14 ♊ 22' 18""","25 ♓ 47' 52"""," 1 ♒ 04' 59"""," 8 ♊ 37' 55""","18 ♏ 51' 19"""," 5 ♌ 09' 53""","11 ♓ 01' 38""","18 ♒ 20' 27""","26 ♐ 36' 50"""," 4 ♈ 30' 51"""," 7 ♒ 07' 52""","27 ♌ 19' 36""",11.203,2.558,0.987,1.399,9.497,9.244,10.782,2.463,9.8,4.561,12.52,146.203,197.558,165.987,106.399,219.497,129.244,340.782,317.463,264.8,304.561,147.52,"26 ♌ 12' 12""","17 ♎ 33' 27""","15 ♍ 59' 14""","16 ♋ 23' 57"""," 9 ♏ 29' 47"""," 9 ♌ 14' 39""","10 ♓ 46' 56""","17 ♒ 27' 47""","24 ♐ 48' 00"""," 4 ♒ 33' 40""","27 ♌ 31' 12""",-5.527,3.71,-7.2665,27.436,1.549,-16.082,23.502,-16.217,19.685,-8.111,-15.493,-15.857,1.794,-12.147,12.405,0,4.945,3.507,3.929,1.78,1.263,0.729,-0.735,-0.168,7.543,6.551,0.004,414.715,369.811,8207.166,15606.943,17991.284,16430.633,16608.667,16934.771,16957.457,17009.184,17128.471,315.096,8152.451,15552.228,17936.569,16375.918,16444.55,16307.286,8884.55,8282.384,16553.952,16880.056,16902.742,16954.469,17073.756,8197.355,15597.132,17981.473,16420.822,16598.856,16924.96,16947.646,16999.373,17118.66,7759.777,10144.118,8583.467,8761.501,9087.605,9110.291,9162.018,9281.305,2744.341,1183.69,1361.724,1687.828,1710.514,1762.241,1881.528,-1200.651,-1022.617,-696.513,-673.827,-622.1,-502.813,538.034,864.138,886.824,938.551,1057.838,686.104,708.79,760.517,879.804,382.686,434.413,553.7,411.727,531.014,479.287,42428.645,308.645,52900.216,60519.804,67966.706,68961.642,68776.959,69285.421,69308.74,69361.403,69478.683,10831.571,18451.159,25898.061,26892.997,26708.314,68.314,27216.776,27240.095,27292.758,27410.038,7979.588,15426.49,16421.426,16236.743,16745.205,16768.524,16821.187,16938.467,7806.902,8801.838,8617.155,9125.617,9148.936,9201.599,9318.879,1354.936,1170.253,1678.715,1702.034,1754.697,877.041,175.317,683.779,707.098,759.761,877.041,868.462,891.781,944.444,1061.724,383.319,435.982,553.262,412.663,529.943,477.28
2006-06-29 12:00,7.821,9.387,0.37,6.772,0.766,9.044,10.044,14.685,4.443,10.084,13.739,8.656,12.163,97.821,144.387,120.37,66.772,135.766,219.044,130.044,344.685,319.443,265.084,358.739,308.656,147.163,235.6776666667,240.871,255.66,257.482,217.92825," 7 ♋ 49' 15""","24 ♌ 23' 12"""," 0 ♌ 22' 13"""," 6 ♊ 46' 18""","15 ♌ 45' 56"""," 9 ♏ 02' 37""","10 ♌ 02' 37""","14 ♓ 41' 07""","19 ♒ 26' 35""","25 ♐ 05' 00""","28 ♓ 44' 19"""," 8 ♒ 39' 20""","27 ♌ 09' 48""",2.948,5.379,7.821,7.816,3.292,13.445,12.017,3.156,10.5,6.535,12.632,242.948,20.379,277.821,157.816,228.292,133.445,342.017,318.156,265.5,306.535,147.632," 2 ♐ 56' 51""","20 ♈ 22' 44"""," 7 ♑ 49' 15"""," 7 ♍ 48' 57""","18 ♏ 17' 32""","13 ♌ 26' 40""","12 ♓ 01' 00""","18 ♒ 09' 21""","25 ♐ 29' 58"""," 6 ♒ 32' 04""","27 ♌ 37' 56""",23.21,18.6355,19.4415,16.077,18.915,19.968,17.303,-13.413,18.471,-6.758,-15.179,-15.718,-0.502,-11.01,12.46,0,2.847,-1.185,-1.495,1.248,1.159,0.769,-0.788,-0.199,7.636,7.335,0.004,413.598,382.549,8264.604,15741.326,18121.631,16550.326,16731.714,17055.685,17080.927,17135.286,17253.207,328.951,8211.006,15687.728,18068.033,16496.728,16632.494,16360.962,8712.494,8578.95,16678.116,17002.087,17027.329,17081.688,17199.609,8242.055,15718.777,18099.082,16527.777,16709.165,17033.136,17058.378,17112.737,17230.658,7836.722,10217.027,8645.722,8827.11,9151.081,9176.323,9230.682,9348.603,2740.305,1169,1350.388,1674.359,1699.601,1753.96,1871.881,-1211.305,-1029.917,-705.946,-680.704,-626.345,-508.424,541.388,865.359,890.601,944.96,1062.881,683.971,709.213,763.572,881.493,385.242,439.601,557.522,414.359,532.28,477.921,42702.569,222.569,53245.127,60925.132,68414.656,69416.413,69229.503,69740.931,69764.792,69817.448,69935.316,10902.558,18582.563,26072.087,27073.844,26886.934,246.934,27398.362,27422.223,27474.879,27592.747,8040.005,15529.529,16531.286,16344.376,16855.804,16879.665,16932.321,17050.189,7849.524,8851.281,8664.371,9175.799,9199.66,9252.316,9370.184,1361.757,1174.847,1686.275,1710.136,1762.792,878.903,173.09,684.518,708.379,761.035,878.903,871.428,895.289,947.945,1065.813,383.861,436.517,554.385,412.656,530.524,477.868
2006-08-11 12:00,3.892,5.492,0.734,13.62,12.487,10.89,0.397,13.691,3.398,9.227,10.774,6.369,12.581,138.892,350.492,120.734,118.62,162.487,220.89,135.397,343.691,318.398,264.227,355.774,306.369,147.581,240.8483333333,244.9898333333,256.5206,258.6526,234.78075,"18 ♌ 53' 32""","20 ♓ 29' 31"""," 0 ♌ 44' 02""","28 ♋ 37' 13""","12 ♍ 29' 11""","10 ♏ 53' 25""","15 ♌ 23' 49""","13 ♓ 41' 28""","18 ♒ 23' 54""","24 ♐ 13' 38""","25 ♓ 46' 25"""," 6 ♒ 22' 08""","27 ♌ 34' 53""",9.146,14.415,3.892,11.676,6.6,0.01,12.478,3.415,10.76,7.259,12.675,39.146,89.415,318.892,176.676,231.6,135.01,342.478,318.415,265.76,307.259,147.675," 9 ♉ 08' 47""","29 ♊ 24' 53""","18 ♒ 53' 32""","26 ♍ 40' 34""","21 ♏ 35' 59""","15 ♌ 00' 36""","12 ♓ 28' 42""","18 ♒ 24' 54""","25 ♐ 45' 37"""," 7 ♒ 15' 31""","27 ♌ 40' 28""",15.162,14.269,20.208,-4.209,19.645,20.771,7.767,-14.168,16.998,-7.161,-15.514,-15.857,-1.68,-11.526,12.317,-0,-0.48,-0.358,0.34,0.964,0.975,0.814,-0.809,-0.209,7.465,7.38,0.004,362.114,341.842,8238.247,15739.844,18124.96,16545.337,16734.365,17057.043,17082.336,17136.507,17253.153,339.728,8236.133,15737.73,18122.846,16543.223,16705.71,16380.736,8785.71,8548.47,16732.251,17054.929,17080.222,17134.393,17251.039,8256.405,15758.002,18143.118,16563.495,16752.523,17075.201,17100.494,17154.665,17271.311,7861.597,10246.713,8667.09,8856.118,9178.796,9204.089,9258.26,9374.906,2745.116,1165.493,1354.521,1677.199,1702.492,1756.663,1873.309,-1219.623,-1030.595,-707.917,-682.624,-628.453,-511.807,549.028,871.706,896.999,951.17,1067.816,682.678,707.971,762.142,878.788,385.293,439.464,556.11,414.171,530.817,476.646,42789.731,309.731,53360.254,61062.47,68567.546,69571.887,69384.136,69896.668,69920.731,69973.386,70091.471,10930.523,18632.739,26137.815,27142.156,26954.405,314.405,27466.937,27491,27543.655,27661.74,8062.216,15567.292,16571.633,16383.882,16896.414,16920.477,16973.132,17091.217,7865.076,8869.417,8681.666,9194.198,9218.261,9270.916,9389.001,1364.341,1176.59,1689.122,1713.185,1765.84,879.584,172.249,684.781,708.844,761.499,879.584,872.532,896.595,949.25,1067.335,384.063,436.718,554.803,412.655,530.74,478.085
2006-12-11 12:00,4.515,9.764,5.165,0.611,3.9,3.881,10.042,11.008,2.557,11.283,5.819,6.403,13.351,259.515,159.764,245.165,270.611,243.9,243.881,145.042,341.008,317.557,266.283,350.819,306.403,148.351,259.6118333333,257.3188333333,262.7542,261.9836,238.642125,"19 ♐ 30' 55"""," 9 ♍ 45' 51"""," 5 ♐ 09' 55"""," 0 ♑ 36' 38"""," 3 ♐ 54' 00"""," 3 ♐ 52' 52""","25 ♌ 02' 30""","11 ♓ 00' 29""","17 ♒ 33' 25""","26 ♐ 16' 59""","20 ♓ 49' 07"""," 6 ♒ 24' 11""","28 ♌ 21' 03""",0.668,0.709,4.515,8.995,1.049,4.434,13.787,4.15,11.498,9.273,12.793,210.668,285.709,79.515,233.995,241.049,139.434,343.787,319.15,266.498,309.273,147.793," 0 ♏ 40' 03""","15 ♑ 42' 33""","19 ♊ 30' 55""","23 ♏ 59' 42"""," 1 ♐ 02' 57""","19 ♌ 26' 04""","13 ♓ 47' 13""","19 ♒ 09' 00""","26 ♐ 29' 51"""," 9 ♒ 16' 23""","27 ♌ 47' 35""",-23.027,-22.587,-22.3125,8.807,-20.468,-24.157,-21.017,-20.234,14.245,-8.148,-15.783,-16.487,-3.639,-12.338,12.052,0,0.97,0.706,-0.718,-0.088,0.706,1.136,-0.767,-0.221,6.904,6.535,0.004,334.554,345.65,8281.265,15841.284,18254.346,16660.123,16858.762,17184.157,17207.608,17258.882,17376.814,371.096,8306.711,15866.73,18279.792,16685.569,16929.469,16441.669,9009.469,8468.247,16884.208,17209.603,17233.054,17284.328,17402.26,8295.615,15855.634,18268.696,16674.473,16873.112,17198.507,17221.958,17273.232,17391.164,7920.019,10333.081,8738.858,8937.497,9262.892,9286.343,9337.617,9455.549,2773.062,1178.839,1377.478,1702.873,1726.324,1777.598,1895.53,-1234.223,-1035.584,-710.189,-686.738,-635.464,-517.532,558.639,884.034,907.485,958.759,1076.691,685.395,708.846,760.12,878.052,383.451,434.725,552.657,411.274,529.206,477.932,43124.959,284.959,53771.153,61536.673,69089.619,70101.395,69911.234,70426.881,70451.518,70504.17,70622.875,11006.194,18771.714,26324.66,27336.436,27146.275,146.275,27661.922,27686.559,27739.211,27857.916,8125.52,15678.466,16690.242,16500.081,17015.728,17040.365,17093.017,17211.722,7912.946,8924.722,8734.561,9250.208,9274.845,9327.497,9446.202,1371.776,1181.615,1697.262,1721.899,1774.551,881.48,169.839,685.486,710.123,762.775,881.48,875.647,900.284,952.936,1071.641,384.637,437.289,555.994,412.652,531.357,478.705
